customer_id,total_spending
ATQCUS0001,13871
ATQCUS0002,10900
ATQCUS0003,10713
ATQCUS0004,10598
ATQCUS0005,13769
ATQCUS0006,21517
ATQCUS0007,16242
ATQCUS0008,8471
ATQCUS0009,11789
ATQCUS0010,11470
ATQCUS0011,12511
ATQCUS0012,19222
ATQCUS0013,16981
ATQCUS0014,9568
ATQCUS0015,8086
ATQCUS0016,9722
ATQCUS0017,7954
ATQCUS0018,10014
ATQCUS0019,4818
ATQCUS0020,10345
ATQCUS0021,7740
ATQCUS0022,8336
ATQCUS0023,12923
ATQCUS0024,5119
ATQCUS0025,10528
ATQCUS0026,14201
ATQCUS0027,11820
ATQCUS0028,9822
ATQCUS0029,10880
ATQCUS0030,12820
ATQCUS0031,4976
ATQCUS0032,5608
ATQCUS0033,5096
ATQCUS0034,9036
ATQCUS0035,10095
ATQCUS0036,5141
ATQCUS0037,6845
ATQCUS0038,8136
ATQCUS0039,5939
ATQCUS0040,8853
ATQCUS0041,9569
ATQCUS0042,18616
ATQCUS0043,13740
ATQCUS0044,14881
ATQCUS0045,13977
ATQCUS0046,10232
ATQCUS0047,7976
ATQCUS0048,16311
ATQCUS0049,5378
ATQCUS0050,12068
ATQCUS0051,7431
ATQCUS0052,8034
ATQCUS0053,9507
ATQCUS0054,5733
ATQCUS0055,7935
ATQCUS0056,7247
ATQCUS0057,5696
ATQCUS0058,6103
ATQCUS0059,8493
ATQCUS0060,5149
ATQCUS0061,8833
ATQCUS0062,4491
ATQCUS0063,13703
ATQCUS0064,14683
ATQCUS0065,9689
ATQCUS0066,4756
ATQCUS0067,12984
ATQCUS0068,14528
ATQCUS0069,7689
ATQCUS0070,5108
ATQCUS0071,5303
ATQCUS0072,6778
ATQCUS0073,6266
ATQCUS0074,12845
ATQCUS0075,10277
ATQCUS0076,12437
ATQCUS0077,10183
ATQCUS0078,7810
ATQCUS0079,10114
ATQCUS0080,5863
ATQCUS0081,6317
ATQCUS0082,6421
ATQCUS0083,6302
ATQCUS0084,6686
ATQCUS0085,6767
ATQCUS0086,1746
ATQCUS0087,7222
ATQCUS0088,8310
ATQCUS0089,8810
ATQCUS0090,8574
ATQCUS0091,9714
ATQCUS0092,10642
ATQCUS0093,4192
ATQCUS0094,4611
ATQCUS0095,3672
ATQCUS0096,2752
ATQCUS0097,2230
ATQCUS0098,2775
ATQCUS0099,4607
ATQCUS0100,8869
ATQCUS0101,5544
ATQCUS0102,5440
ATQCUS0103,4124
ATQCUS0104,3963
ATQCUS0105,4721
ATQCUS0106,4385
ATQCUS0107,3102
ATQCUS0108,11144
ATQCUS0109,12518
ATQCUS0110,7582
ATQCUS0111,13346
ATQCUS0112,9667
ATQCUS0113,4992
ATQCUS0114,5134
ATQCUS0115,6797
ATQCUS0116,9856
ATQCUS0117,4862
ATQCUS0118,7897
ATQCUS0119,5144
ATQCUS0120,3336
ATQCUS0121,3175
ATQCUS0122,5903
ATQCUS0123,2884
ATQCUS0124,12522
ATQCUS0125,32685
ATQCUS0126,39037
ATQCUS0127,13824
ATQCUS0128,24034
ATQCUS0129,21927
ATQCUS0130,18739
ATQCUS0131,24319
ATQCUS0132,22470
ATQCUS0133,33572
ATQCUS0134,32732
ATQCUS0135,21832
ATQCUS0136,27919
ATQCUS0137,25013
ATQCUS0138,16084
ATQCUS0139,18768
ATQCUS0140,14895
ATQCUS0141,21159
ATQCUS0142,27912
ATQCUS0143,20418
ATQCUS0144,17642
ATQCUS0145,18288
ATQCUS0146,23462
ATQCUS0147,14256
ATQCUS0148,21819
ATQCUS0149,21008
ATQCUS0150,24252
ATQCUS0151,26035
ATQCUS0152,23306
ATQCUS0153,9335
ATQCUS0154,13225
ATQCUS0155,20840
ATQCUS0156,14686
ATQCUS0157,25711
ATQCUS0158,26298
ATQCUS0159,15872
ATQCUS0160,28002
ATQCUS0161,22961
ATQCUS0162,21500
ATQCUS0163,24331
ATQCUS0164,16162
ATQCUS0165,26548
ATQCUS0166,24711
ATQCUS0167,11482
ATQCUS0168,23062
ATQCUS0169,25042
ATQCUS0170,11012
ATQCUS0171,19379
ATQCUS0172,26461
ATQCUS0173,12224
ATQCUS0174,13595
ATQCUS0175,7993
ATQCUS0176,12476
ATQCUS0177,13564
ATQCUS0178,14839
ATQCUS0179,10970
ATQCUS0180,8329
ATQCUS0181,12483
ATQCUS0182,10226
ATQCUS0183,7514
ATQCUS0184,8439
ATQCUS0185,16501
ATQCUS0186,14249
ATQCUS0187,6933
ATQCUS0188,14130
ATQCUS0189,17210
ATQCUS0190,9903
ATQCUS0191,11656
ATQCUS0192,9831
ATQCUS0193,12943
ATQCUS0194,19933
ATQCUS0195,11488
ATQCUS0196,13555
ATQCUS0197,15375
ATQCUS0198,17928
ATQCUS0199,12274
ATQCUS0200,11726
ATQCUS0201,6137
ATQCUS0202,16150
ATQCUS0203,13732
ATQCUS0204,11804
ATQCUS0205,9768
ATQCUS0206,10516
ATQCUS0207,9460
ATQCUS0208,8298
ATQCUS0209,13120
ATQCUS0210,11515
ATQCUS0211,10625
ATQCUS0212,9817
ATQCUS0213,14139
ATQCUS0214,16132
ATQCUS0215,10726
ATQCUS0216,16234
ATQCUS0217,12343
ATQCUS0218,25661
ATQCUS0219,13867
ATQCUS0220,19626
ATQCUS0221,12180
ATQCUS0222,16242
ATQCUS0223,17391
ATQCUS0224,10148
ATQCUS0225,20744
ATQCUS0226,8524
ATQCUS0227,11842
ATQCUS0228,24132
ATQCUS0229,18145
ATQCUS0230,22519
ATQCUS0231,12631
ATQCUS0232,16585
ATQCUS0233,11585
ATQCUS0234,18776
ATQCUS0235,28088
ATQCUS0236,18471
ATQCUS0237,7675
ATQCUS0238,23290
ATQCUS0239,9090
ATQCUS0240,9544
ATQCUS0241,23913
ATQCUS0242,16984
ATQCUS0243,7873
ATQCUS0244,10929
ATQCUS0245,14482
ATQCUS0246,11863
ATQCUS0247,13015
ATQCUS0248,19920
ATQCUS0249,15735
ATQCUS0250,17067
ATQCUS0251,18302
ATQCUS0252,6826
ATQCUS0253,14589
ATQCUS0254,14672
ATQCUS0255,7116
ATQCUS0256,16185
ATQCUS0257,11338
ATQCUS0258,10675
ATQCUS0259,6066
ATQCUS0260,12567
ATQCUS0261,15735
ATQCUS0262,15968
ATQCUS0263,11871
ATQCUS0264,11323
ATQCUS0265,9585
ATQCUS0266,9468
ATQCUS0267,9132
ATQCUS0268,9839
ATQCUS0269,14785
ATQCUS0270,4463
ATQCUS0271,9908
ATQCUS0272,10528
ATQCUS0273,8176
ATQCUS0274,6016
ATQCUS0275,17165
ATQCUS0276,4532
ATQCUS0277,13079
ATQCUS0278,12784
ATQCUS0279,13810
ATQCUS0280,14326
ATQCUS0281,10894
ATQCUS0282,8281
ATQCUS0283,10297
ATQCUS0284,6876
ATQCUS0285,11163
ATQCUS0286,10870
ATQCUS0287,14134
ATQCUS0288,7883
ATQCUS0289,14094
ATQCUS0290,7348
ATQCUS0291,6605
ATQCUS0292,10941
ATQCUS0293,12731
ATQCUS0294,9484
ATQCUS0295,12465
ATQCUS0296,17396
ATQCUS0297,18352
ATQCUS0298,12063
ATQCUS0299,10705
ATQCUS0300,12834
ATQCUS0301,8267
ATQCUS0302,7708
ATQCUS0303,14473
ATQCUS0304,11411
ATQCUS0305,6669
ATQCUS0306,12455
ATQCUS0307,8247
ATQCUS0308,10451
ATQCUS0309,15744
ATQCUS0310,11008
ATQCUS0311,11067
ATQCUS0312,9404
ATQCUS0313,11532
ATQCUS0314,7826
ATQCUS0315,5367
ATQCUS0316,25616
ATQCUS0317,12388
ATQCUS0318,25191
ATQCUS0319,18799
ATQCUS0320,9645
ATQCUS0321,18770
ATQCUS0322,23706
ATQCUS0323,15513
ATQCUS0324,16987
ATQCUS0325,26518
ATQCUS0326,15766
ATQCUS0327,8622
ATQCUS0328,23577
ATQCUS0329,22068
ATQCUS0330,25698
ATQCUS0331,22643
ATQCUS0332,20528
ATQCUS0333,17515
ATQCUS0334,18751
ATQCUS0335,22415
ATQCUS0336,18878
ATQCUS0337,16591
ATQCUS0338,18214
ATQCUS0339,21378
ATQCUS0340,19065
ATQCUS0341,23156
ATQCUS0342,11578
ATQCUS0343,22878
ATQCUS0344,22813
ATQCUS0345,25076
ATQCUS0346,14850
ATQCUS0347,27168
ATQCUS0348,27243
ATQCUS0349,14963
ATQCUS0350,15226
ATQCUS0351,21776
ATQCUS0352,17161
ATQCUS0353,23254
ATQCUS0354,18207
ATQCUS0355,10777
ATQCUS0356,20903
ATQCUS0357,23123
ATQCUS0358,15174
ATQCUS0359,21342
ATQCUS0360,11823
ATQCUS0361,13501
ATQCUS0362,9380
ATQCUS0363,10198
ATQCUS0364,10714
ATQCUS0365,9271
ATQCUS0366,14217
ATQCUS0367,10028
ATQCUS0368,8543
ATQCUS0369,5235
ATQCUS0370,8363
ATQCUS0371,9611
ATQCUS0372,9445
ATQCUS0373,6592
ATQCUS0374,13058
ATQCUS0375,14737
ATQCUS0376,9328
ATQCUS0377,8393
ATQCUS0378,9387
ATQCUS0379,10487
ATQCUS0380,14524
ATQCUS0381,11273
ATQCUS0382,9520
ATQCUS0383,13204
ATQCUS0384,12586
ATQCUS0385,6142
ATQCUS0386,6159
ATQCUS0387,13487
ATQCUS0388,10051
ATQCUS0389,12140
ATQCUS0390,6203
ATQCUS0391,10583
ATQCUS0392,10885
ATQCUS0393,11752
ATQCUS0394,13343
ATQCUS0395,17308
ATQCUS0396,16560
ATQCUS0397,12396
ATQCUS0398,12597
ATQCUS0399,13528
ATQCUS0400,7789
ATQCUS0401,6700
ATQCUS0402,17961
ATQCUS0403,12013
ATQCUS0404,13822
ATQCUS0405,10239
ATQCUS0406,13974
ATQCUS0407,11826
ATQCUS0408,15551
ATQCUS0409,18165
ATQCUS0410,14073
ATQCUS0411,18467
ATQCUS0412,12950
ATQCUS0413,16361
ATQCUS0414,10160
ATQCUS0415,14366
ATQCUS0416,12691
ATQCUS0417,6405
ATQCUS0418,12320
ATQCUS0419,11249
ATQCUS0420,15361
ATQCUS0421,8079
ATQCUS0422,7922
ATQCUS0423,8677
ATQCUS0424,10117
ATQCUS0425,11171
ATQCUS0426,6644
ATQCUS0427,11331
ATQCUS0428,8243
ATQCUS0429,12573
ATQCUS0430,9519
ATQCUS0431,9748
ATQCUS0432,7761
ATQCUS0433,7125
ATQCUS0434,12139
ATQCUS0435,7359
ATQCUS0436,11486
ATQCUS0437,7393
ATQCUS0438,13329
ATQCUS0439,11846
ATQCUS0440,11062
ATQCUS0441,7164
ATQCUS0442,7725
ATQCUS0443,7674
ATQCUS0444,10349
ATQCUS0445,11578
ATQCUS0446,7381
ATQCUS0447,16601
ATQCUS0448,9264
ATQCUS0449,7481
ATQCUS0450,10566
ATQCUS0451,10329
ATQCUS0452,14444
ATQCUS0453,9374
ATQCUS0454,9908
ATQCUS0455,7111
ATQCUS0456,9027
ATQCUS0457,13188
ATQCUS0458,20560
ATQCUS0459,22762
ATQCUS0460,20913
ATQCUS0461,10649
ATQCUS0462,23003
ATQCUS0463,25192
ATQCUS0464,23968
ATQCUS0465,14805
ATQCUS0466,19772
ATQCUS0467,12457
ATQCUS0468,24303
ATQCUS0469,22421
ATQCUS0470,15483
ATQCUS0471,15374
ATQCUS0472,13857
ATQCUS0473,18884
ATQCUS0474,26190
ATQCUS0475,10801
ATQCUS0476,21094
ATQCUS0477,18112
ATQCUS0478,22788
ATQCUS0479,12578
ATQCUS0480,20166
ATQCUS0481,26101
ATQCUS0482,23727
ATQCUS0483,22041
ATQCUS0484,14137
ATQCUS0485,18414
ATQCUS0486,27910
ATQCUS0487,21040
ATQCUS0488,18882
ATQCUS0489,23662
ATQCUS0490,21476
ATQCUS0491,9510
ATQCUS0492,9123
ATQCUS0493,9728
ATQCUS0494,8583
ATQCUS0495,14728
ATQCUS0496,9352
ATQCUS0497,9580
ATQCUS0498,8304
ATQCUS0499,4064
ATQCUS0500,7670
ATQCUS0501,12386
ATQCUS0502,10122
ATQCUS0503,8315
ATQCUS0504,8078
ATQCUS0505,11626
ATQCUS0506,11734
ATQCUS0507,4470
ATQCUS0508,7231
ATQCUS0509,16898
ATQCUS0510,6029
ATQCUS0511,6959
ATQCUS0512,7949
ATQCUS0513,6934
ATQCUS0514,6259
ATQCUS0515,12274
ATQCUS0516,7712
ATQCUS0517,8767
ATQCUS0518,18663
ATQCUS0519,12100
ATQCUS0520,10495
ATQCUS0521,10290
ATQCUS0522,17003
ATQCUS0523,16263
ATQCUS0524,9375
ATQCUS0525,16976
ATQCUS0526,12776
ATQCUS0527,16020
ATQCUS0528,16567
ATQCUS0529,8325
ATQCUS0530,12374
ATQCUS0531,12636
ATQCUS0532,9293
ATQCUS0533,8533
ATQCUS0534,16471
ATQCUS0535,11165
ATQCUS0536,22653
ATQCUS0537,18505
ATQCUS0538,13992
ATQCUS0539,20891
ATQCUS0540,6776
ATQCUS0541,7816
ATQCUS0542,12230
ATQCUS0543,16012
ATQCUS0544,8456
ATQCUS0545,11086
ATQCUS0546,5533
ATQCUS0547,12156
ATQCUS0548,11622
ATQCUS0549,9070
ATQCUS0550,3073
ATQCUS0551,11083
ATQCUS0552,7298
ATQCUS0553,12707
ATQCUS0554,7940
ATQCUS0555,8877
ATQCUS0556,9933
ATQCUS0557,5337
ATQCUS0558,5224
ATQCUS0559,8181
ATQCUS0560,6206
ATQCUS0561,10015
ATQCUS0562,14918
ATQCUS0563,8949
ATQCUS0564,8618
ATQCUS0565,6709
ATQCUS0566,8751
ATQCUS0567,12911
ATQCUS0568,2581
ATQCUS0569,4735
ATQCUS0570,7203
ATQCUS0571,7811
ATQCUS0572,7921
ATQCUS0573,3303
ATQCUS0574,7662
ATQCUS0575,5554
ATQCUS0576,7106
ATQCUS0577,8595
ATQCUS0578,7797
ATQCUS0579,14094
ATQCUS0580,9821
ATQCUS0581,10322
ATQCUS0582,13836
ATQCUS0583,9661
ATQCUS0584,8465
ATQCUS0585,10236
ATQCUS0586,10406
ATQCUS0587,5424
ATQCUS0588,8127
ATQCUS0589,11295
ATQCUS0590,10193
ATQCUS0591,10085
ATQCUS0592,9914
ATQCUS0593,9713
ATQCUS0594,5769
ATQCUS0595,12525
ATQCUS0596,11374
ATQCUS0597,9979
ATQCUS0598,17942
ATQCUS0599,7437
ATQCUS0600,17240
ATQCUS0601,12891
ATQCUS0602,20078
ATQCUS0603,12330
ATQCUS0604,11430
ATQCUS0605,17443
ATQCUS0606,10937
ATQCUS0607,11353
ATQCUS0608,16721
ATQCUS0609,14741
ATQCUS0610,12924
ATQCUS0611,12295
ATQCUS0612,8947
ATQCUS0613,12892
ATQCUS0614,8746
ATQCUS0615,5900
ATQCUS0616,8902
ATQCUS0617,8350
ATQCUS0618,10410
ATQCUS0619,16478
ATQCUS0620,20270
ATQCUS0621,11460
ATQCUS0622,7935
ATQCUS0623,13254
ATQCUS0624,12591
ATQCUS0625,15523
ATQCUS0626,4415
ATQCUS0627,12102
ATQCUS0628,13383
ATQCUS0629,16982
ATQCUS0630,16246
ATQCUS0631,11934
ATQCUS0632,9668
ATQCUS0633,6550
ATQCUS0634,16582
ATQCUS0635,10891
ATQCUS0636,14117
ATQCUS0637,17517
ATQCUS0638,7850
ATQCUS0639,3252
ATQCUS0640,8666
ATQCUS0641,7070
ATQCUS0642,3589
ATQCUS0643,4485
ATQCUS0644,10823
ATQCUS0645,10937
ATQCUS0646,6901
ATQCUS0647,6137
ATQCUS0648,4821
ATQCUS0649,3556
ATQCUS0650,10007
ATQCUS0651,6578
ATQCUS0652,4658
ATQCUS0653,4864
ATQCUS0654,6867
ATQCUS0655,4309
ATQCUS0656,6832
ATQCUS0657,5586
ATQCUS0658,7827
ATQCUS0659,5709
ATQCUS0660,4407
ATQCUS0661,6655
ATQCUS0662,4875
ATQCUS0663,6042
ATQCUS0664,8271
ATQCUS0665,6435
ATQCUS0666,9513
ATQCUS0667,8653
ATQCUS0668,6291
ATQCUS0669,6710
ATQCUS0670,7501
ATQCUS0671,4863
ATQCUS0672,5482
ATQCUS0673,6578
ATQCUS0674,7311
ATQCUS0675,10514
ATQCUS0676,5997
ATQCUS0677,4766
ATQCUS0678,2919
ATQCUS0679,7093
ATQCUS0680,16684
ATQCUS0681,8257
ATQCUS0682,6823
ATQCUS0683,15172
ATQCUS0684,8430
ATQCUS0685,10096
ATQCUS0686,6242
ATQCUS0687,7329
ATQCUS0688,12166
ATQCUS0689,10723
ATQCUS0690,9727
ATQCUS0691,6710
ATQCUS0692,6370
ATQCUS0693,7995
ATQCUS0694,6423
ATQCUS0695,9912
ATQCUS0696,12416
ATQCUS0697,9985
ATQCUS0698,9357
ATQCUS0699,9035
ATQCUS0700,6086
ATQCUS0701,9050
ATQCUS0702,10529
ATQCUS0703,11892
ATQCUS0704,11195
ATQCUS0705,6239
ATQCUS0706,7384
ATQCUS0707,7999
ATQCUS0708,10030
ATQCUS0709,6580
ATQCUS0710,11304
ATQCUS0711,6348
ATQCUS0712,9717
ATQCUS0713,5693
ATQCUS0714,5633
ATQCUS0715,5098
ATQCUS0716,8625
ATQCUS0717,4999
ATQCUS0718,3304
ATQCUS0719,5665
ATQCUS0720,6353
ATQCUS0721,8494
ATQCUS0722,10598
ATQCUS0723,4192
ATQCUS0724,2141
ATQCUS0725,5625
ATQCUS0726,6528
ATQCUS0727,7948
ATQCUS0728,4930
ATQCUS0729,5297
ATQCUS0730,5379
ATQCUS0731,8746
ATQCUS0732,9102
ATQCUS0733,6684
ATQCUS0734,4192
ATQCUS0735,5524
ATQCUS0736,10053
ATQCUS0737,7231
ATQCUS0738,4079
ATQCUS0739,7020
ATQCUS0740,4485
ATQCUS0741,5562
ATQCUS0742,5354
ATQCUS0743,6618
ATQCUS0744,6688
ATQCUS0745,7720
ATQCUS0746,8482
ATQCUS0747,6976
ATQCUS0748,8421
ATQCUS0749,5764
ATQCUS0750,4417
ATQCUS0751,5766
ATQCUS0752,7061
ATQCUS0753,7622
ATQCUS0754,5568
ATQCUS0755,6494
ATQCUS0756,8155
ATQCUS0757,6952
ATQCUS0758,5646
ATQCUS0759,5510
ATQCUS0760,6412
ATQCUS0761,4304
ATQCUS0762,5503
ATQCUS0763,6480
ATQCUS0764,5237
ATQCUS0765,6273
ATQCUS0766,7759
ATQCUS0767,7352
ATQCUS0768,5893
ATQCUS0769,6758
ATQCUS0770,13879
ATQCUS0771,12951
ATQCUS0772,24202
ATQCUS0773,12432
ATQCUS0774,23615
ATQCUS0775,19236
ATQCUS0776,24561
ATQCUS0777,14734
ATQCUS0778,10016
ATQCUS0779,19563
ATQCUS0780,19264
ATQCUS0781,23944
ATQCUS0782,15034
ATQCUS0783,23121
ATQCUS0784,16837
ATQCUS0785,18977
ATQCUS0786,19577
ATQCUS0787,10905
ATQCUS0788,22477
ATQCUS0789,13917
ATQCUS0790,15543
ATQCUS0791,21921
ATQCUS0792,9359
ATQCUS0793,18351
ATQCUS0794,20188
ATQCUS0795,16221
ATQCUS0796,9825
ATQCUS0797,12047
ATQCUS0798,19301
ATQCUS0799,13830
ATQCUS0800,12857
ATQCUS0801,8473
ATQCUS0802,8617
ATQCUS0803,10662
ATQCUS0804,6073
ATQCUS0805,8234
ATQCUS0806,9159
ATQCUS0807,7447
ATQCUS0808,9687
ATQCUS0809,6383
ATQCUS0810,11482
ATQCUS0811,6977
ATQCUS0812,7473
ATQCUS0813,4033
ATQCUS0814,10181
ATQCUS0815,7081
ATQCUS0816,3786
ATQCUS0817,4264
ATQCUS0818,9978
ATQCUS0819,13905
ATQCUS0820,6067
ATQCUS0821,10699
ATQCUS0822,10219
ATQCUS0823,15624
ATQCUS0824,16170
ATQCUS0825,11781
ATQCUS0826,9232
ATQCUS0827,10492
ATQCUS0828,8477
ATQCUS0829,12477
ATQCUS0830,13417
ATQCUS0831,14184
ATQCUS0832,15584
ATQCUS0833,6636
ATQCUS0834,12187
ATQCUS0835,7076
ATQCUS0836,9658
ATQCUS0837,12928
ATQCUS0838,7777
ATQCUS0839,13977
ATQCUS0840,9540
ATQCUS0841,11763
ATQCUS0842,14888
ATQCUS0843,11344
ATQCUS0844,15299
ATQCUS0845,11758
ATQCUS0846,11281
ATQCUS0847,16421
ATQCUS0848,8083
ATQCUS0849,2147
ATQCUS0850,15431
ATQCUS0851,12232
ATQCUS0852,9839
ATQCUS0853,6670
ATQCUS0854,5033
ATQCUS0855,6843
ATQCUS0856,6485
ATQCUS0857,4140
ATQCUS0858,7189
ATQCUS0859,9183
ATQCUS0860,12076
ATQCUS0861,8880
ATQCUS0862,7305
ATQCUS0863,9527
ATQCUS0864,12386
ATQCUS0865,6654
ATQCUS0866,6172
ATQCUS0867,11915
ATQCUS0868,10411
ATQCUS0869,7879
ATQCUS0870,5754
ATQCUS0871,9231
ATQCUS0872,7525
ATQCUS0873,3308
ATQCUS0874,4659
ATQCUS0875,6758
ATQCUS0876,5919
ATQCUS0877,6063
ATQCUS0878,9060
ATQCUS0879,6524
ATQCUS0880,5321
ATQCUS0881,6667
ATQCUS0882,7012
ATQCUS0883,5303
ATQCUS0884,8472
ATQCUS0885,10227
ATQCUS0886,7523
ATQCUS0887,3029
ATQCUS0888,8452
ATQCUS0889,6394
ATQCUS0890,24870
ATQCUS0891,13547
ATQCUS0892,23057
ATQCUS0893,20647
ATQCUS0894,32244
ATQCUS0895,31592
ATQCUS0896,24726
ATQCUS0897,18944
ATQCUS0898,18107
ATQCUS0899,28886
ATQCUS0900,26687
ATQCUS0901,35430
ATQCUS0902,16442
ATQCUS0903,20850
ATQCUS0904,25667
ATQCUS0905,26154
ATQCUS0906,21354
ATQCUS0907,18423
ATQCUS0908,20815
ATQCUS0909,18590
ATQCUS0910,21602
ATQCUS0911,19239
ATQCUS0912,14072
ATQCUS0913,23281
ATQCUS0914,30500
ATQCUS0915,25383
ATQCUS0916,26489
ATQCUS0917,19266
ATQCUS0918,23772
ATQCUS0919,14320
ATQCUS0920,14676
ATQCUS0921,20742
ATQCUS0922,31069
ATQCUS0923,29343
ATQCUS0924,23986
ATQCUS0925,29147
ATQCUS0926,15197
ATQCUS0927,27156
ATQCUS0928,21914
ATQCUS0929,14698
ATQCUS0930,14689
ATQCUS0931,29609
ATQCUS0932,27839
ATQCUS0933,21489
ATQCUS0934,24122
ATQCUS0935,20571
ATQCUS0936,25995
ATQCUS0937,37774
ATQCUS0938,34455
ATQCUS0939,31830
ATQCUS0940,23936
ATQCUS0941,21229
ATQCUS0942,25149
ATQCUS0943,38714
ATQCUS0944,33511
ATQCUS0945,6311
ATQCUS0946,16007
ATQCUS0947,15876
ATQCUS0948,18311
ATQCUS0949,11070
ATQCUS0950,12571
ATQCUS0951,17797
ATQCUS0952,11759
ATQCUS0953,12889
ATQCUS0954,9422
ATQCUS0955,10354
ATQCUS0956,12443
ATQCUS0957,12830
ATQCUS0958,12215
ATQCUS0959,17869
ATQCUS0960,9146
ATQCUS0961,16528
ATQCUS0962,16274
ATQCUS0963,8686
ATQCUS0964,12048
ATQCUS0965,15389
ATQCUS0966,10182
ATQCUS0967,12368
ATQCUS0968,6008
ATQCUS0969,8360
ATQCUS0970,10949
ATQCUS0971,10445
ATQCUS0972,7479
ATQCUS0973,13905
ATQCUS0974,19615
ATQCUS0975,15603
ATQCUS0976,10916
ATQCUS0977,7441
ATQCUS0978,15042
ATQCUS0979,16065
ATQCUS0980,9441
ATQCUS0981,14351
ATQCUS0982,13877
ATQCUS0983,11749
ATQCUS0984,9673
ATQCUS0985,6621
ATQCUS0986,14185
ATQCUS0987,11480
ATQCUS0988,12306
ATQCUS0989,20387
ATQCUS0990,16773
ATQCUS0991,13982
ATQCUS0992,17672
ATQCUS0993,14487
ATQCUS0994,11265
ATQCUS0995,14928
ATQCUS0996,21023
ATQCUS0997,17056
ATQCUS0998,15640
ATQCUS0999,15071
ATQCUS1000,15599
ATQCUS1001,9351
ATQCUS1002,19436
ATQCUS1003,18645
ATQCUS1004,18167
ATQCUS1005,28845
ATQCUS1006,18666
ATQCUS1007,17498
ATQCUS1008,18982
ATQCUS1009,24907
ATQCUS1010,10261
ATQCUS1011,14488
ATQCUS1012,22728
ATQCUS1013,10603
ATQCUS1014,18459
ATQCUS1015,19282
ATQCUS1016,11864
ATQCUS1017,12848
ATQCUS1018,21090
ATQCUS1019,12456
ATQCUS1020,9768
ATQCUS1021,7400
ATQCUS1022,11139
ATQCUS1023,13942
ATQCUS1024,10188
ATQCUS1025,11074
ATQCUS1026,11778
ATQCUS1027,6700
ATQCUS1028,16335
ATQCUS1029,7360
ATQCUS1030,13008
ATQCUS1031,12022
ATQCUS1032,11746
ATQCUS1033,12310
ATQCUS1034,16150
ATQCUS1035,13098
ATQCUS1036,9439
ATQCUS1037,14925
ATQCUS1038,13976
ATQCUS1039,12615
ATQCUS1040,15738
ATQCUS1041,13348
ATQCUS1042,11585
ATQCUS1043,7339
ATQCUS1044,11102
ATQCUS1045,13116
ATQCUS1046,13326
ATQCUS1047,15774
ATQCUS1048,9871
ATQCUS1049,16874
ATQCUS1050,6521
ATQCUS1051,15711
ATQCUS1052,9936
ATQCUS1053,10457
ATQCUS1054,14300
ATQCUS1055,12166
ATQCUS1056,11607
ATQCUS1057,10120
ATQCUS1058,9122
ATQCUS1059,13303
ATQCUS1060,11018
ATQCUS1061,10982
ATQCUS1062,12053
ATQCUS1063,9977
ATQCUS1064,11217
ATQCUS1065,8689
ATQCUS1066,30476
ATQCUS1067,13274
ATQCUS1068,15783
ATQCUS1069,39136
ATQCUS1070,27448
ATQCUS1071,22003
ATQCUS1072,29310
ATQCUS1073,22952
ATQCUS1074,29516
ATQCUS1075,20874
ATQCUS1076,20131
ATQCUS1077,19391
ATQCUS1078,19866
ATQCUS1079,19801
ATQCUS1080,19888
ATQCUS1081,20154
ATQCUS1082,14107
ATQCUS1083,12971
ATQCUS1084,20922
ATQCUS1085,17653
ATQCUS1086,34547
ATQCUS1087,13111
ATQCUS1088,32215
ATQCUS1089,12598
ATQCUS1090,25277
ATQCUS1091,28087
ATQCUS1092,16452
ATQCUS1093,22482
ATQCUS1094,17048
ATQCUS1095,15683
ATQCUS1096,24067
ATQCUS1097,27683
ATQCUS1098,11676
ATQCUS1099,23293
ATQCUS1100,19384
ATQCUS1101,10671
ATQCUS1102,18843
ATQCUS1103,21774
ATQCUS1104,23038
ATQCUS1105,26058
ATQCUS1106,16847
ATQCUS1107,14547
ATQCUS1108,9294
ATQCUS1109,7678
ATQCUS1110,9709
ATQCUS1111,8228
ATQCUS1112,6181
ATQCUS1113,11056
ATQCUS1114,14652
ATQCUS1115,13301
ATQCUS1116,9663
ATQCUS1117,12156
ATQCUS1118,9496
ATQCUS1119,12414
ATQCUS1120,8779
ATQCUS1121,18687
ATQCUS1122,16305
ATQCUS1123,12758
ATQCUS1124,13188
ATQCUS1125,8031
ATQCUS1126,11024
ATQCUS1127,12097
ATQCUS1128,14458
ATQCUS1129,8062
ATQCUS1130,12510
ATQCUS1131,16568
ATQCUS1132,6639
ATQCUS1133,14178
ATQCUS1134,9605
ATQCUS1135,11428
ATQCUS1136,11858
ATQCUS1137,11818
ATQCUS1138,15290
ATQCUS1139,13411
ATQCUS1140,8743
ATQCUS1141,14972
ATQCUS1142,18621
ATQCUS1143,13430
ATQCUS1144,18651
ATQCUS1145,7996
ATQCUS1146,16851
ATQCUS1147,9940
ATQCUS1148,17469
ATQCUS1149,15554
ATQCUS1150,10952
ATQCUS1151,10404
ATQCUS1152,20994
ATQCUS1153,16612
ATQCUS1154,13606
ATQCUS1155,13966
ATQCUS1156,14047
ATQCUS1157,11135
ATQCUS1158,11648
ATQCUS1159,15279
ATQCUS1160,16095
ATQCUS1161,12459
ATQCUS1162,15009
ATQCUS1163,5183
ATQCUS1164,16324
ATQCUS1165,10698
ATQCUS1166,7265
ATQCUS1167,8449
ATQCUS1168,10831
ATQCUS1169,13810
ATQCUS1170,17194
ATQCUS1171,13366
ATQCUS1172,15296
ATQCUS1173,4902
ATQCUS1174,10867
ATQCUS1175,13049
ATQCUS1176,4420
ATQCUS1177,10943
ATQCUS1178,11910
ATQCUS1179,18367
ATQCUS1180,8270
ATQCUS1181,13099
ATQCUS1182,10988
ATQCUS1183,14914
ATQCUS1184,5877
ATQCUS1185,12280
ATQCUS1186,5353
ATQCUS1187,14342
ATQCUS1188,9691
ATQCUS1189,12572
ATQCUS1190,11354
ATQCUS1191,16285
ATQCUS1192,9015
ATQCUS1193,11035
ATQCUS1194,8995
ATQCUS1195,6653
ATQCUS1196,11953
ATQCUS1197,10257
ATQCUS1198,12521
ATQCUS1199,11722
ATQCUS1200,11379
ATQCUS1201,12142
ATQCUS1202,11483
ATQCUS1203,6613
ATQCUS1204,9539
ATQCUS1205,12771
ATQCUS1206,13588
ATQCUS1207,6106
ATQCUS1208,14565
ATQCUS1209,12542
ATQCUS1210,7797
ATQCUS1211,12667
ATQCUS1212,18538
ATQCUS1213,20685
ATQCUS1214,26791
ATQCUS1215,18337
ATQCUS1216,13414
ATQCUS1217,22637
ATQCUS1218,14045
ATQCUS1219,16741
ATQCUS1220,28149
ATQCUS1221,24786
ATQCUS1222,18738
ATQCUS1223,17040
ATQCUS1224,14856
ATQCUS1225,23892
ATQCUS1226,22143
ATQCUS1227,36550
ATQCUS1228,22495
ATQCUS1229,21173
ATQCUS1230,18568
ATQCUS1231,25953
ATQCUS1232,25753
ATQCUS1233,12725
ATQCUS1234,18567
ATQCUS1235,13857
ATQCUS1236,32573
ATQCUS1237,19272
ATQCUS1238,15906
ATQCUS1239,13174
ATQCUS1240,25165
ATQCUS1241,19103
ATQCUS1242,19587
ATQCUS1243,21115
ATQCUS1244,15586
ATQCUS1245,19616
ATQCUS1246,18199
ATQCUS1247,25255
ATQCUS1248,21210
ATQCUS1249,19475
ATQCUS1250,17905
ATQCUS1251,11361
ATQCUS1252,9048
ATQCUS1253,6947
ATQCUS1254,9313
ATQCUS1255,13628
ATQCUS1256,13355
ATQCUS1257,9811
ATQCUS1258,10100
ATQCUS1259,9045
ATQCUS1260,10485
ATQCUS1261,9741
ATQCUS1262,9220
ATQCUS1263,7427
ATQCUS1264,8083
ATQCUS1265,10155
ATQCUS1266,8173
ATQCUS1267,7491
ATQCUS1268,9970
ATQCUS1269,14309
ATQCUS1270,13624
ATQCUS1271,14370
ATQCUS1272,16082
ATQCUS1273,17099
ATQCUS1274,5809
ATQCUS1275,11111
ATQCUS1276,11136
ATQCUS1277,14681
ATQCUS1278,8274
ATQCUS1279,16645
ATQCUS1280,8569
ATQCUS1281,13154
ATQCUS1282,13464
ATQCUS1283,16936
ATQCUS1284,17920
ATQCUS1285,16646
ATQCUS1286,18877
ATQCUS1287,18608
ATQCUS1288,8765
ATQCUS1289,16988
ATQCUS1290,7195
ATQCUS1291,12733
ATQCUS1292,11231
ATQCUS1293,7481
ATQCUS1294,8421
ATQCUS1295,9858
ATQCUS1296,11473
ATQCUS1297,7520
ATQCUS1298,6135
ATQCUS1299,8302
ATQCUS1300,13952
ATQCUS1301,7234
ATQCUS1302,14799
ATQCUS1303,11238
ATQCUS1304,11230
ATQCUS1305,6690
ATQCUS1306,12903
ATQCUS1307,8242
ATQCUS1308,13524
ATQCUS1309,11292
ATQCUS1310,6343
ATQCUS1311,10941
ATQCUS1312,10591
ATQCUS1313,7692
ATQCUS1314,8352
ATQCUS1315,8969
ATQCUS1316,8129
ATQCUS1317,10710
ATQCUS1318,5173
ATQCUS1319,8977
ATQCUS1320,10898
ATQCUS1321,11434
ATQCUS1322,9320
ATQCUS1323,12106
ATQCUS1324,9902
ATQCUS1325,11383
ATQCUS1326,7122
ATQCUS1327,6476
ATQCUS1328,10153
ATQCUS1329,11123
ATQCUS1330,7537
ATQCUS1331,8668
ATQCUS1332,11973
ATQCUS1333,7354
ATQCUS1334,8719
ATQCUS1335,13288
ATQCUS1336,6784
ATQCUS1337,7786
ATQCUS1338,11392
ATQCUS1339,12467
ATQCUS1340,7330
ATQCUS1341,16743
ATQCUS1342,11166
ATQCUS1343,13459
ATQCUS1344,10878
ATQCUS1345,19475
ATQCUS1346,15847
ATQCUS1347,16992
ATQCUS1348,20186
ATQCUS1349,11281
ATQCUS1350,6984
ATQCUS1351,14248
ATQCUS1352,7753
ATQCUS1353,9428
ATQCUS1354,20819
ATQCUS1355,21658
ATQCUS1356,17417
ATQCUS1357,15928
ATQCUS1358,19642
ATQCUS1359,21568
ATQCUS1360,21746
ATQCUS1361,15406
ATQCUS1362,19671
ATQCUS1363,13502
ATQCUS1364,8191
ATQCUS1365,14984
ATQCUS1366,16947
ATQCUS1367,25150
ATQCUS1368,13117
ATQCUS1369,15043
ATQCUS1370,16617
ATQCUS1371,9928
ATQCUS1372,17247
ATQCUS1373,11484
ATQCUS1374,14153
ATQCUS1375,18961
ATQCUS1376,10609
ATQCUS1377,16784
ATQCUS1378,18306
ATQCUS1379,15739
ATQCUS1380,12533
ATQCUS1381,19103
ATQCUS1382,12222
ATQCUS1383,17250
ATQCUS1384,15503
ATQCUS1385,17239
ATQCUS1386,19115
ATQCUS1387,15121
ATQCUS1388,17333
ATQCUS1389,12901
ATQCUS1390,14866
ATQCUS1391,18140
ATQCUS1392,13950
ATQCUS1393,7312
ATQCUS1394,6335
ATQCUS1395,10619
ATQCUS1396,8220
ATQCUS1397,5835
ATQCUS1398,6710
ATQCUS1399,9475
ATQCUS1400,4420
ATQCUS1401,7656
ATQCUS1402,6279
ATQCUS1403,7745
ATQCUS1404,7908
ATQCUS1405,7941
ATQCUS1406,7992
ATQCUS1407,5092
ATQCUS1408,8311
ATQCUS1409,10454
ATQCUS1410,8539
ATQCUS1411,8342
ATQCUS1412,7042
ATQCUS1413,6785
ATQCUS1414,5552
ATQCUS1415,6716
ATQCUS1416,10719
ATQCUS1417,6291
ATQCUS1418,6138
ATQCUS1419,9122
ATQCUS1420,7199
ATQCUS1421,4272
ATQCUS1422,8225
ATQCUS1423,11064
ATQCUS1424,4083
ATQCUS1425,8079
ATQCUS1426,5454
ATQCUS1427,5814
ATQCUS1428,7266
ATQCUS1429,4656
ATQCUS1430,9669
ATQCUS1431,9764
ATQCUS1432,6536
ATQCUS1433,5165
ATQCUS1434,4932
ATQCUS1435,8725
ATQCUS1436,8155
ATQCUS1437,6419
ATQCUS1438,12712
ATQCUS1439,7369
ATQCUS1440,5523
ATQCUS1441,9181
ATQCUS1442,13298
ATQCUS1443,7876
ATQCUS1444,9618
ATQCUS1445,9243
ATQCUS1446,16782
ATQCUS1447,20164
ATQCUS1448,9400
ATQCUS1449,18558
ATQCUS1450,10644
ATQCUS1451,7624
ATQCUS1452,18117
ATQCUS1453,10054
ATQCUS1454,10036
ATQCUS1455,11118
ATQCUS1456,11311
ATQCUS1457,14664
ATQCUS1458,13741
ATQCUS1459,7206
ATQCUS1460,10144
ATQCUS1461,11656
ATQCUS1462,6279
ATQCUS1463,11047
ATQCUS1464,5463
ATQCUS1465,8018
ATQCUS1466,8613
ATQCUS1467,7036
ATQCUS1468,6838
ATQCUS1469,5927
ATQCUS1470,9839
ATQCUS1471,4879
ATQCUS1472,5050
ATQCUS1473,8056
ATQCUS1474,6388
ATQCUS1475,4689
ATQCUS1476,6180
ATQCUS1477,9286
ATQCUS1478,8744
ATQCUS1479,5341
ATQCUS1480,5954
ATQCUS1481,11538
ATQCUS1482,6062
ATQCUS1483,7340
ATQCUS1484,4543
ATQCUS1485,5728
ATQCUS1486,3963
ATQCUS1487,9094
ATQCUS1488,5555
ATQCUS1489,7337
ATQCUS1490,3803
ATQCUS1491,6500
ATQCUS1492,5753
ATQCUS1493,5555
ATQCUS1494,7321
ATQCUS1495,10147
ATQCUS1496,5212
ATQCUS1497,9663
ATQCUS1498,4822
ATQCUS1499,6470
ATQCUS1500,5298
ATQCUS1501,7140
ATQCUS1502,5513
ATQCUS1503,5766
ATQCUS1504,6982
ATQCUS1505,5159
ATQCUS1506,7299
ATQCUS1507,7080
ATQCUS1508,12125
ATQCUS1509,8394
ATQCUS1510,5585
ATQCUS1511,10739
ATQCUS1512,6719
ATQCUS1513,7722
ATQCUS1514,8618
ATQCUS1515,7133
ATQCUS1516,6254
ATQCUS1517,9562
ATQCUS1518,10169
ATQCUS1519,4075
ATQCUS1520,5503
ATQCUS1521,13086
ATQCUS1522,19210
ATQCUS1523,15512
ATQCUS1524,18797
ATQCUS1525,15978
ATQCUS1526,10520
ATQCUS1527,18323
ATQCUS1528,12553
ATQCUS1529,17908
ATQCUS1530,12224
ATQCUS1531,9859
ATQCUS1532,13798
ATQCUS1533,18371
ATQCUS1534,29980
ATQCUS1535,9651
ATQCUS1536,20340
ATQCUS1537,15449
ATQCUS1538,9428
ATQCUS1539,13217
ATQCUS1540,20240
ATQCUS1541,17041
ATQCUS1542,18519
ATQCUS1543,21471
ATQCUS1544,21059
ATQCUS1545,15773
ATQCUS1546,23943
ATQCUS1547,15835
ATQCUS1548,14314
ATQCUS1549,11894
ATQCUS1550,21003
ATQCUS1551,20310
ATQCUS1552,10495
ATQCUS1553,9472
ATQCUS1554,8423
ATQCUS1555,5412
ATQCUS1556,11192
ATQCUS1557,4216
ATQCUS1558,7419
ATQCUS1559,5156
ATQCUS1560,11114
ATQCUS1561,5212
ATQCUS1562,8485
ATQCUS1563,10038
ATQCUS1564,7712
ATQCUS1565,11286
ATQCUS1566,7549
ATQCUS1567,5629
ATQCUS1568,15322
ATQCUS1569,9512
ATQCUS1570,9834
ATQCUS1571,8725
ATQCUS1572,4945
ATQCUS1573,8304
ATQCUS1574,7925
ATQCUS1575,6851
ATQCUS1576,13348
ATQCUS1577,6666
ATQCUS1578,11070
ATQCUS1579,14263
ATQCUS1580,8375
ATQCUS1581,10172
ATQCUS1582,6747
ATQCUS1583,12073
ATQCUS1584,10644
ATQCUS1585,13529
ATQCUS1586,8704
ATQCUS1587,10827
ATQCUS1588,13464
ATQCUS1589,15176
ATQCUS1590,13179
ATQCUS1591,11908
ATQCUS1592,13323
ATQCUS1593,13551
ATQCUS1594,15247
ATQCUS1595,8750
ATQCUS1596,10554
ATQCUS1597,7803
ATQCUS1598,10339
ATQCUS1599,7926
ATQCUS1600,5726
ATQCUS1601,4279
ATQCUS1602,9545
ATQCUS1603,6455
ATQCUS1604,5333
ATQCUS1605,7617
ATQCUS1606,14834
ATQCUS1607,12396
ATQCUS1608,6277
ATQCUS1609,5622
ATQCUS1610,7116
ATQCUS1611,11157
ATQCUS1612,6076
ATQCUS1613,5959
ATQCUS1614,8865
ATQCUS1615,11681
ATQCUS1616,8675
ATQCUS1617,9149
ATQCUS1618,9809
ATQCUS1619,11311
ATQCUS1620,12244
ATQCUS1621,6961
ATQCUS1622,8207
ATQCUS1623,6723
ATQCUS1624,7233
ATQCUS1625,7775
ATQCUS1626,8119
ATQCUS1627,8322
ATQCUS1628,5773
ATQCUS1629,10250
ATQCUS1630,9789
ATQCUS1631,7554
ATQCUS1632,11829
ATQCUS1633,7033
ATQCUS1634,6441
ATQCUS1635,8836
ATQCUS1636,7376
ATQCUS1637,9973
ATQCUS1638,5237
ATQCUS1639,5926
ATQCUS1640,10962
ATQCUS1641,5594
ATQCUS1642,5217
ATQCUS1643,9208
ATQCUS1644,5931
ATQCUS1645,6727
ATQCUS1646,6895
ATQCUS1647,9240
ATQCUS1648,7880
ATQCUS1649,25326
ATQCUS1650,26793
ATQCUS1651,18415
ATQCUS1652,16951
ATQCUS1653,22416
ATQCUS1654,19370
ATQCUS1655,19671
ATQCUS1656,23969
ATQCUS1657,18950
ATQCUS1658,15820
ATQCUS1659,10717
ATQCUS1660,33412
ATQCUS1661,21683
ATQCUS1662,13307
ATQCUS1663,10616
ATQCUS1664,19068
ATQCUS1665,26742
ATQCUS1666,28741
ATQCUS1667,21174
ATQCUS1668,16535
ATQCUS1669,10683
ATQCUS1670,12854
ATQCUS1671,12203
ATQCUS1672,9321
ATQCUS1673,12876
ATQCUS1674,11643
ATQCUS1675,11558
ATQCUS1676,13453
ATQCUS1677,7783
ATQCUS1678,8844
ATQCUS1679,5555
ATQCUS1680,4357
ATQCUS1681,8647
ATQCUS1682,9859
ATQCUS1683,13060
ATQCUS1684,11778
ATQCUS1685,18078
ATQCUS1686,10929
ATQCUS1687,16263
ATQCUS1688,25369
ATQCUS1689,12002
ATQCUS1690,20115
ATQCUS1691,9567
ATQCUS1692,15225
ATQCUS1693,15367
ATQCUS1694,11336
ATQCUS1695,15853
ATQCUS1696,21868
ATQCUS1697,8663
ATQCUS1698,17157
ATQCUS1699,18493
ATQCUS1700,16706
ATQCUS1701,20375
ATQCUS1702,13923
ATQCUS1703,15463
ATQCUS1704,18082
ATQCUS1705,9537
ATQCUS1706,10295
ATQCUS1707,15104
ATQCUS1708,13240
ATQCUS1709,14495
ATQCUS1710,12190
ATQCUS1711,5928
ATQCUS1712,6804
ATQCUS1713,10492
ATQCUS1714,12023
ATQCUS1715,9239
ATQCUS1716,18488
ATQCUS1717,14365
ATQCUS1718,15001
ATQCUS1719,19923
ATQCUS1720,19698
ATQCUS1721,8316
ATQCUS1722,7268
ATQCUS1723,7253
ATQCUS1724,10917
ATQCUS1725,10546
ATQCUS1726,7721
ATQCUS1727,11981
ATQCUS1728,7498
ATQCUS1729,11684
ATQCUS1730,8182
ATQCUS1731,12421
ATQCUS1732,6300
ATQCUS1733,10534
ATQCUS1734,10710
ATQCUS1735,9128
ATQCUS1736,6033
ATQCUS1737,5654
ATQCUS1738,11403
ATQCUS1739,7040
ATQCUS1740,9691
ATQCUS1741,7137
ATQCUS1742,10931
ATQCUS1743,7696
ATQCUS1744,9712
ATQCUS1745,9458
ATQCUS1746,12821
ATQCUS1747,16482
ATQCUS1748,14182
ATQCUS1749,11885
ATQCUS1750,21953
ATQCUS1751,14145
ATQCUS1752,13254
ATQCUS1753,20999
ATQCUS1754,19242
ATQCUS1755,26532
ATQCUS1756,13562
ATQCUS1757,19510
ATQCUS1758,20742
ATQCUS1759,12792
ATQCUS1760,24807
ATQCUS1761,22257
ATQCUS1762,19163
ATQCUS1763,9460
ATQCUS1764,6442
ATQCUS1765,11708
ATQCUS1766,7963
ATQCUS1767,3501
ATQCUS1768,14258
ATQCUS1769,9770
ATQCUS1770,11614
ATQCUS1771,7605
ATQCUS1772,9139
ATQCUS1773,9283
ATQCUS1774,9871
ATQCUS1775,13254
ATQCUS1776,9417
ATQCUS1777,12614
ATQCUS1778,12858
ATQCUS1779,6298
ATQCUS1780,18989
ATQCUS1781,12069
ATQCUS1782,10909
ATQCUS1783,14795
ATQCUS1784,17909
ATQCUS1785,12885
ATQCUS1786,13808
ATQCUS1787,10107
ATQCUS1788,12598
ATQCUS1789,18712
ATQCUS1790,13616
ATQCUS1791,12859
ATQCUS1792,11089
ATQCUS1793,8242
ATQCUS1794,7662
ATQCUS1795,6399
ATQCUS1796,6138
ATQCUS1797,6272
ATQCUS1798,11543
ATQCUS1799,16728
ATQCUS1800,4914
ATQCUS1801,10024
ATQCUS1802,11166
ATQCUS1803,10535
ATQCUS1804,10288
ATQCUS1805,11304
ATQCUS1806,11116
ATQCUS1807,7616
ATQCUS1808,8015
ATQCUS1809,6971
ATQCUS1810,7880
ATQCUS1811,12252
ATQCUS1812,20174
ATQCUS1813,17806
ATQCUS1814,18960
ATQCUS1815,9857
ATQCUS1816,22256
ATQCUS1817,19181
ATQCUS1818,6492
ATQCUS1819,15637
ATQCUS1820,14046
ATQCUS1821,16093
ATQCUS1822,22188
ATQCUS1823,13994
ATQCUS1824,21756
ATQCUS1825,16098
ATQCUS1826,9498
ATQCUS1827,13276
ATQCUS1828,19100
ATQCUS1829,14223
ATQCUS1830,9390
ATQCUS1831,8541
ATQCUS1832,11302
ATQCUS1833,13227
ATQCUS1834,7882
ATQCUS1835,11010
ATQCUS1836,12463
ATQCUS1837,12334
ATQCUS1838,6783
ATQCUS1839,8435
ATQCUS1840,6741
ATQCUS1841,4771
ATQCUS1842,10072
ATQCUS1843,5384
ATQCUS1844,6251
ATQCUS1845,5588
ATQCUS1846,10312
ATQCUS1847,12326
ATQCUS1848,10870
ATQCUS1849,14634
ATQCUS1850,10347
ATQCUS1851,10775
ATQCUS1852,9116
ATQCUS1853,9468
ATQCUS1854,11361
ATQCUS1855,6635
ATQCUS1856,14341
ATQCUS1857,12713
ATQCUS1858,15374
ATQCUS1859,22116
ATQCUS1860,9192
ATQCUS1861,10813
ATQCUS1862,12242
ATQCUS1863,15108
ATQCUS1864,11282
ATQCUS1865,11498
ATQCUS1866,18750
ATQCUS1867,8215
ATQCUS1868,7700
ATQCUS1869,11248
ATQCUS1870,17957
ATQCUS1871,10824
ATQCUS1872,12987
ATQCUS1873,8876
ATQCUS1874,7968
ATQCUS1875,8579
ATQCUS1876,7848
ATQCUS1877,9412
ATQCUS1878,6384
ATQCUS1879,7705
ATQCUS1880,7621
ATQCUS1881,5780
ATQCUS1882,7533
ATQCUS1883,7256
ATQCUS1884,9413
ATQCUS1885,5578
ATQCUS1886,8671
ATQCUS1887,8649
ATQCUS1888,6923
ATQCUS1889,6829
ATQCUS1890,12103
ATQCUS1891,10985
ATQCUS1892,6997
ATQCUS1893,5890
ATQCUS1894,9387
ATQCUS1895,6654
ATQCUS1896,8049
ATQCUS1897,8445
ATQCUS1898,4429
ATQCUS1899,6904
ATQCUS1900,6915
ATQCUS1901,7241
ATQCUS1902,17365
ATQCUS1903,10645
ATQCUS1904,11634
ATQCUS1905,12481
ATQCUS1906,14278
ATQCUS1907,16863
ATQCUS1908,8989
ATQCUS1909,11845
ATQCUS1910,8976
ATQCUS1911,8390
ATQCUS1912,11424
ATQCUS1913,6756
ATQCUS1914,11389
ATQCUS1915,12633
ATQCUS1916,6279
ATQCUS1917,7126
ATQCUS1918,8443
ATQCUS1919,5052
ATQCUS1920,6566
ATQCUS1921,5349
ATQCUS1922,3812
ATQCUS1923,6901
ATQCUS1924,5003
ATQCUS1925,6493
ATQCUS1926,11638
ATQCUS1927,7340
ATQCUS1928,6603
ATQCUS1929,7134
ATQCUS1930,12662
ATQCUS1931,7188
ATQCUS1932,12989
ATQCUS1933,7338
ATQCUS1934,7395
ATQCUS1935,7257
ATQCUS1936,5077
ATQCUS1937,3607
ATQCUS1938,9017
ATQCUS1939,12395
ATQCUS1940,5120
ATQCUS1941,7096
ATQCUS1942,4691
ATQCUS1943,3165
ATQCUS1944,6202
ATQCUS1945,4583
ATQCUS1946,4054
ATQCUS1947,6668
ATQCUS1948,5208
ATQCUS1949,5562
ATQCUS1950,4186
ATQCUS1951,6016
ATQCUS1952,7967
ATQCUS1953,15007
ATQCUS1954,15616
ATQCUS1955,18754
ATQCUS1956,16172
ATQCUS1957,12454
ATQCUS1958,11119
ATQCUS1959,13281
ATQCUS1960,11576
ATQCUS1961,15239
ATQCUS1962,16131
ATQCUS1963,14319
ATQCUS1964,4489
ATQCUS1965,6607
ATQCUS1966,5195
ATQCUS1967,8546
ATQCUS1968,6153
ATQCUS1969,6309
ATQCUS1970,5749
ATQCUS1971,8949
ATQCUS1972,11926
ATQCUS1973,8275
ATQCUS1974,11525
ATQCUS1975,8363
ATQCUS1976,10973
ATQCUS1977,13270
ATQCUS1978,8444
ATQCUS1979,8655
ATQCUS1980,8770
ATQCUS1981,9158
ATQCUS1982,13240
ATQCUS1983,12161
ATQCUS1984,10122
ATQCUS1985,7420
ATQCUS1986,10142
ATQCUS1987,12121
ATQCUS1988,10517
ATQCUS1989,5208
ATQCUS1990,6510
ATQCUS1991,5306
ATQCUS1992,10241
ATQCUS1993,5993
ATQCUS1994,8871
ATQCUS1995,8536
ATQCUS1996,6253
ATQCUS1997,5315
ATQCUS1998,7490
ATQCUS1999,6072
ATQCUS2000,5349
ATQCUS2001,13586
ATQCUS2002,13745
ATQCUS2003,15735
ATQCUS2004,9383
ATQCUS2005,15981
ATQCUS2006,8213
ATQCUS2007,12610
ATQCUS2008,9224
ATQCUS2009,19116
ATQCUS2010,10595
ATQCUS2011,6988
ATQCUS2012,17433
ATQCUS2013,9230
ATQCUS2014,9017
ATQCUS2015,4876
ATQCUS2016,5354
ATQCUS2017,6363
ATQCUS2018,5966
ATQCUS2019,6044
ATQCUS2020,11332
ATQCUS2021,8684
ATQCUS2022,12190
ATQCUS2023,7180
ATQCUS2024,4500
ATQCUS2025,6216
ATQCUS2026,7500
ATQCUS2027,3423
ATQCUS2028,10021
ATQCUS2029,12098
ATQCUS2030,12626
ATQCUS2031,11387
ATQCUS2032,12563
ATQCUS2033,10693
ATQCUS2034,17637
ATQCUS2035,7114
ATQCUS2036,4434
ATQCUS2037,6524
ATQCUS2038,6816
ATQCUS2039,4261
ATQCUS2040,7946
ATQCUS2041,7246
ATQCUS2042,9050
ATQCUS2043,9921
ATQCUS2044,12941
ATQCUS2045,8541
ATQCUS2046,12597
ATQCUS2047,12994
ATQCUS2048,4822
ATQCUS2049,7894
ATQCUS2050,3167
ATQCUS2051,5256
ATQCUS2052,4855
ATQCUS2053,3245
ATQCUS2054,5601
ATQCUS2055,5692
ATQCUS2056,5140
ATQCUS2057,9545
ATQCUS2058,5163
ATQCUS2059,9537
ATQCUS2060,6229
ATQCUS2061,4456
ATQCUS2062,2825
ATQCUS2063,2752
ATQCUS2064,4139
ATQCUS2065,4368
ATQCUS2066,4647
ATQCUS2067,2882
ATQCUS2068,9476
ATQCUS2069,6582
ATQCUS2070,8861
ATQCUS2071,10522
ATQCUS2072,9074
ATQCUS2073,12855
ATQCUS2074,6095
ATQCUS2075,4017
ATQCUS2076,8167
ATQCUS2077,3207
ATQCUS2078,3312
ATQCUS2079,15613
ATQCUS2080,23327
ATQCUS2081,14063
ATQCUS2082,24664
ATQCUS2083,16701
ATQCUS2084,19340
ATQCUS2085,12623
ATQCUS2086,17866
ATQCUS2087,17563
ATQCUS2088,26493
ATQCUS2089,13642
ATQCUS2090,22168
ATQCUS2091,19639
ATQCUS2092,15186
ATQCUS2093,15494
ATQCUS2094,17535
ATQCUS2095,20226
ATQCUS2096,17145
ATQCUS2097,27924
ATQCUS2098,13444
ATQCUS2099,19778
ATQCUS2100,15622
ATQCUS2101,13010
ATQCUS2102,23976
ATQCUS2103,12276
ATQCUS2104,12300
ATQCUS2105,10214
ATQCUS2106,22852
ATQCUS2107,16028
ATQCUS2108,15977
ATQCUS2109,20528
ATQCUS2110,13001
ATQCUS2111,21881
ATQCUS2112,26668
ATQCUS2113,12740
ATQCUS2114,23523
ATQCUS2115,11444
ATQCUS2116,4845
ATQCUS2117,5866
ATQCUS2118,10537
ATQCUS2119,9644
ATQCUS2120,8595
ATQCUS2121,12505
ATQCUS2122,12438
ATQCUS2123,7912
ATQCUS2124,6662
ATQCUS2125,14654
ATQCUS2126,6498
ATQCUS2127,5487
ATQCUS2128,7802
ATQCUS2129,7991
ATQCUS2130,10437
ATQCUS2131,11241
ATQCUS2132,5593
ATQCUS2133,13778
ATQCUS2134,6523
ATQCUS2135,10149
ATQCUS2136,12681
ATQCUS2137,9541
ATQCUS2138,10399
ATQCUS2139,7500
ATQCUS2140,13728
ATQCUS2141,10528
ATQCUS2142,12074
ATQCUS2143,12253
ATQCUS2144,19339
ATQCUS2145,14821
ATQCUS2146,10204
ATQCUS2147,19510
ATQCUS2148,12787
ATQCUS2149,8816
ATQCUS2150,13121
ATQCUS2151,22710
ATQCUS2152,12398
ATQCUS2153,7306
ATQCUS2154,9207
ATQCUS2155,7396
ATQCUS2156,6371
ATQCUS2157,7527
ATQCUS2158,8066
ATQCUS2159,7655
ATQCUS2160,9498
ATQCUS2161,12362
ATQCUS2162,9683
ATQCUS2163,6027
ATQCUS2164,7224
ATQCUS2165,9265
ATQCUS2166,8904
ATQCUS2167,10376
ATQCUS2168,11408
ATQCUS2169,9208
ATQCUS2170,11680
ATQCUS2171,6350
ATQCUS2172,6073
ATQCUS2173,11345
ATQCUS2174,7562
ATQCUS2175,11933
ATQCUS2176,10034
ATQCUS2177,6984
ATQCUS2178,12196
ATQCUS2179,7420
ATQCUS2180,9655
ATQCUS2181,15003
ATQCUS2182,8996
ATQCUS2183,16843
ATQCUS2184,13615
ATQCUS2185,24643
ATQCUS2186,15167
ATQCUS2187,7125
ATQCUS2188,14258
ATQCUS2189,13539
ATQCUS2190,20935
ATQCUS2191,21847
ATQCUS2192,12129
ATQCUS2193,25349
ATQCUS2194,18816
ATQCUS2195,16328
ATQCUS2196,19164
ATQCUS2197,16861
ATQCUS2198,6697
ATQCUS2199,23460
ATQCUS2200,13757
ATQCUS2201,15555
ATQCUS2202,14362
ATQCUS2203,17427
ATQCUS2204,14933
ATQCUS2205,16958
ATQCUS2206,21002
ATQCUS2207,12057
ATQCUS2208,19953
ATQCUS2209,13497
ATQCUS2210,20296
ATQCUS2211,12549
ATQCUS2212,19882
ATQCUS2213,16419
ATQCUS2214,20615
ATQCUS2215,23125
ATQCUS2216,14416
ATQCUS2217,16284
ATQCUS2218,18065
ATQCUS2219,6379
ATQCUS2220,17340
ATQCUS2221,13021
ATQCUS2222,6765
ATQCUS2223,9461
ATQCUS2224,8064
ATQCUS2225,8851
ATQCUS2226,13883
ATQCUS2227,6540
ATQCUS2228,9265
ATQCUS2229,9870
ATQCUS2230,7023
ATQCUS2231,8420
ATQCUS2232,5172
ATQCUS2233,12558
ATQCUS2234,5720
ATQCUS2235,9290
ATQCUS2236,5796
ATQCUS2237,5449
ATQCUS2238,12995
ATQCUS2239,7425
ATQCUS2240,11264
ATQCUS2241,9847
ATQCUS2242,7164
ATQCUS2243,8221
ATQCUS2244,12710
ATQCUS2245,12013
ATQCUS2246,8569
ATQCUS2247,16419
ATQCUS2248,12578
ATQCUS2249,14673
ATQCUS2250,11843
ATQCUS2251,8468
ATQCUS2252,10389
ATQCUS2253,9548
ATQCUS2254,8702
ATQCUS2255,8470
ATQCUS2256,8991
ATQCUS2257,10637
ATQCUS2258,4988
ATQCUS2259,7968
ATQCUS2260,5378
ATQCUS2261,9545
ATQCUS2262,8887
ATQCUS2263,11733
ATQCUS2264,6377
ATQCUS2265,7050
ATQCUS2266,8454
ATQCUS2267,5719
ATQCUS2268,10102
ATQCUS2269,10652
ATQCUS2270,6825
ATQCUS2271,7879
ATQCUS2272,10666
ATQCUS2273,15661
ATQCUS2274,23568
ATQCUS2275,17434
ATQCUS2276,13291
ATQCUS2277,18636
ATQCUS2278,18809
ATQCUS2279,20747
ATQCUS2280,14229
ATQCUS2281,21187
ATQCUS2282,7078
ATQCUS2283,12811
ATQCUS2284,14576
ATQCUS2285,23186
ATQCUS2286,10858
ATQCUS2287,17224
ATQCUS2288,15809
ATQCUS2289,13793
ATQCUS2290,20860
ATQCUS2291,14706
ATQCUS2292,9766
ATQCUS2293,9816
ATQCUS2294,14409
ATQCUS2295,15631
ATQCUS2296,26266
ATQCUS2297,21830
ATQCUS2298,15093
ATQCUS2299,13155
ATQCUS2300,11312
ATQCUS2301,10282
ATQCUS2302,12657
ATQCUS2303,6614
ATQCUS2304,6985
ATQCUS2305,5283
ATQCUS2306,9575
ATQCUS2307,5497
ATQCUS2308,8221
ATQCUS2309,9028
ATQCUS2310,8701
ATQCUS2311,8610
ATQCUS2312,6081
ATQCUS2313,5646
ATQCUS2314,11446
ATQCUS2315,7896
ATQCUS2316,14708
ATQCUS2317,15912
ATQCUS2318,18309
ATQCUS2319,20847
ATQCUS2320,14977
ATQCUS2321,16897
ATQCUS2322,10480
ATQCUS2323,9568
ATQCUS2324,7177
ATQCUS2325,7368
ATQCUS2326,5603
ATQCUS2327,8852
ATQCUS2328,7302
ATQCUS2329,10562
ATQCUS2330,10095
ATQCUS2331,9698
ATQCUS2332,9256
ATQCUS2333,12163
ATQCUS2334,7998
ATQCUS2335,10916
ATQCUS2336,7371
ATQCUS2337,13152
ATQCUS2338,6288
ATQCUS2339,8938
ATQCUS2340,6892
ATQCUS2341,5597
ATQCUS2342,10039
ATQCUS2343,9131
ATQCUS2344,10306
ATQCUS2345,10257
ATQCUS2346,12069
ATQCUS2347,6334
ATQCUS2348,5386
ATQCUS2349,3528
ATQCUS2350,5935
ATQCUS2351,5941
ATQCUS2352,9998
ATQCUS2353,10306
ATQCUS2354,11609
ATQCUS2355,8979
ATQCUS2356,12638
ATQCUS2357,11628
ATQCUS2358,12117
ATQCUS2359,8650
ATQCUS2360,4680
ATQCUS2361,7521
ATQCUS2362,6427
ATQCUS2363,9053
ATQCUS2364,15372
ATQCUS2365,12028
ATQCUS2366,7671
ATQCUS2367,9204
ATQCUS2368,11668
ATQCUS2369,10833
ATQCUS2370,15619
ATQCUS2371,6608
ATQCUS2372,12088
ATQCUS2373,10724
ATQCUS2374,9322
ATQCUS2375,8734
ATQCUS2376,9947
ATQCUS2377,8420
ATQCUS2378,13448
ATQCUS2379,15330
ATQCUS2380,19924
ATQCUS2381,9675
ATQCUS2382,11272
ATQCUS2383,8504
ATQCUS2384,12264
ATQCUS2385,12607
ATQCUS2386,7239
ATQCUS2387,13809
ATQCUS2388,7356
ATQCUS2389,9093
ATQCUS2390,4994
ATQCUS2391,5985
ATQCUS2392,5499
ATQCUS2393,5766
ATQCUS2394,9409
ATQCUS2395,2260
ATQCUS2396,4330
ATQCUS2397,5235
ATQCUS2398,7060
ATQCUS2399,5065
ATQCUS2400,6941
ATQCUS2401,6788
ATQCUS2402,4962
ATQCUS2403,6275
ATQCUS2404,4779
ATQCUS2405,7221
ATQCUS2406,4377
ATQCUS2407,3607
ATQCUS2408,5624
ATQCUS2409,7484
ATQCUS2410,9310
ATQCUS2411,2871
ATQCUS2412,7478
ATQCUS2413,6428
ATQCUS2414,8280
ATQCUS2415,4710
ATQCUS2416,7069
ATQCUS2417,6838
ATQCUS2418,4807
ATQCUS2419,5090
ATQCUS2420,6803
ATQCUS2421,6723
ATQCUS2422,5970
ATQCUS2423,8532
ATQCUS2424,11371
ATQCUS2425,6530
ATQCUS2426,4861
ATQCUS2427,7461
ATQCUS2428,4608
ATQCUS2429,8130
ATQCUS2430,4811
ATQCUS2431,5754
ATQCUS2432,6967
ATQCUS2433,5701
ATQCUS2434,5609
ATQCUS2435,5216
ATQCUS2436,4015
ATQCUS2437,6020
ATQCUS2438,5706
ATQCUS2439,5120
ATQCUS2440,4886
ATQCUS2441,3319
ATQCUS2442,5912
ATQCUS2443,6305
ATQCUS2444,3676
ATQCUS2445,9087
ATQCUS2446,5926
ATQCUS2447,4308
ATQCUS2448,10575
ATQCUS2449,3408
ATQCUS2450,5594
ATQCUS2451,6049
ATQCUS2452,5038
ATQCUS2453,3519
ATQCUS2454,5763
ATQCUS2455,4974
ATQCUS2456,5462
ATQCUS2457,17349
ATQCUS2458,12751
ATQCUS2459,17501
ATQCUS2460,12263
ATQCUS2461,12476
ATQCUS2462,15817
ATQCUS2463,12592
ATQCUS2464,11490
ATQCUS2465,11041
ATQCUS2466,18971
ATQCUS2467,13117
ATQCUS2468,22079
ATQCUS2469,12930
ATQCUS2470,14600
ATQCUS2471,11170
ATQCUS2472,7394
ATQCUS2473,11834
ATQCUS2474,12606
ATQCUS2475,7676
ATQCUS2476,16570
ATQCUS2477,9857
ATQCUS2478,16146
ATQCUS2479,8229
ATQCUS2480,9597
ATQCUS2481,13808
ATQCUS2482,3579
ATQCUS2483,4706
ATQCUS2484,11805
ATQCUS2485,4738
ATQCUS2486,6074
ATQCUS2487,6029
ATQCUS2488,4733
ATQCUS2489,5974
ATQCUS2490,4302
ATQCUS2491,7458
ATQCUS2492,9035
ATQCUS2493,6197
ATQCUS2494,6685
ATQCUS2495,4972
ATQCUS2496,9981
ATQCUS2497,13703
ATQCUS2498,6211
ATQCUS2499,12803
ATQCUS2500,10519
ATQCUS2501,11553
ATQCUS2502,8959
ATQCUS2503,9428
ATQCUS2504,7389
ATQCUS2505,4850
ATQCUS2506,5205
ATQCUS2507,5594
ATQCUS2508,6488
ATQCUS2509,6692
ATQCUS2510,5937
ATQCUS2511,5763
ATQCUS2512,6034
ATQCUS2513,4938
ATQCUS2514,8673
ATQCUS2515,6059
ATQCUS2516,5795
ATQCUS2517,4925
ATQCUS2518,5880
ATQCUS2519,3059
ATQCUS2520,8053
ATQCUS2521,3144
ATQCUS2522,7486
ATQCUS2523,20744
ATQCUS2524,15220
ATQCUS2525,22838
ATQCUS2526,15863
ATQCUS2527,24000
ATQCUS2528,17485
ATQCUS2529,15627
ATQCUS2530,16894
ATQCUS2531,25863
ATQCUS2532,21443
ATQCUS2533,17742
ATQCUS2534,16689
ATQCUS2535,16093
ATQCUS2536,24175
ATQCUS2537,23908
ATQCUS2538,27704
ATQCUS2539,23893
ATQCUS2540,21724
ATQCUS2541,20143
ATQCUS2542,38792
ATQCUS2543,13524
ATQCUS2544,15717
ATQCUS2545,24728
ATQCUS2546,17158
ATQCUS2547,19728
ATQCUS2548,28152
ATQCUS2549,22016
ATQCUS2550,20892
ATQCUS2551,23413
ATQCUS2552,16936
ATQCUS2553,22346
ATQCUS2554,24026
ATQCUS2555,27906
ATQCUS2556,24308
ATQCUS2557,26668
ATQCUS2558,22297
ATQCUS2559,14967
ATQCUS2560,15961
ATQCUS2561,25975
ATQCUS2562,10533
ATQCUS2563,18619
ATQCUS2564,34154
ATQCUS2565,20361
ATQCUS2566,23933
ATQCUS2567,21097
ATQCUS2568,23872
ATQCUS2569,17496
ATQCUS2570,16926
ATQCUS2571,29637
ATQCUS2572,26319
ATQCUS2573,28997
ATQCUS2574,25546
ATQCUS2575,18189
ATQCUS2576,19970
ATQCUS2577,19320
ATQCUS2578,12089
ATQCUS2579,7785
ATQCUS2580,14714
ATQCUS2581,9293
ATQCUS2582,13207
ATQCUS2583,13713
ATQCUS2584,9799
ATQCUS2585,9738
ATQCUS2586,9148
ATQCUS2587,7138
ATQCUS2588,13630
ATQCUS2589,7505
ATQCUS2590,7837
ATQCUS2591,11645
ATQCUS2592,11786
ATQCUS2593,8914
ATQCUS2594,12343
ATQCUS2595,10982
ATQCUS2596,10887
ATQCUS2597,14726
ATQCUS2598,8555
ATQCUS2599,12415
ATQCUS2600,9919
ATQCUS2601,11785
ATQCUS2602,8445
ATQCUS2603,7057
ATQCUS2604,8539
ATQCUS2605,6585
ATQCUS2606,10109
ATQCUS2607,13257
ATQCUS2608,12057
ATQCUS2609,14074
ATQCUS2610,9488
ATQCUS2611,15622
ATQCUS2612,15373
ATQCUS2613,10494
ATQCUS2614,12321
ATQCUS2615,6653
ATQCUS2616,14323
ATQCUS2617,9513
ATQCUS2618,12641
ATQCUS2619,8012
ATQCUS2620,10534
ATQCUS2621,13292
ATQCUS2622,10119
ATQCUS2623,7438
ATQCUS2624,13588
ATQCUS2625,6944
ATQCUS2626,8914
ATQCUS2627,5658
ATQCUS2628,4546
ATQCUS2629,8210
ATQCUS2630,13062
ATQCUS2631,9099
ATQCUS2632,9128
ATQCUS2633,20439
ATQCUS2634,17007
ATQCUS2635,10869
ATQCUS2636,23540
ATQCUS2637,32369
ATQCUS2638,14840
ATQCUS2639,18899
ATQCUS2640,19929
ATQCUS2641,26363
ATQCUS2642,14952
ATQCUS2643,26981
ATQCUS2644,23169
ATQCUS2645,19903
ATQCUS2646,20233
ATQCUS2647,20489
ATQCUS2648,16701
ATQCUS2649,16045
ATQCUS2650,10473
ATQCUS2651,14505
ATQCUS2652,15899
ATQCUS2653,15479
ATQCUS2654,15009
ATQCUS2655,16244
ATQCUS2656,19961
ATQCUS2657,28213
ATQCUS2658,20297
ATQCUS2659,20214
ATQCUS2660,14687
ATQCUS2661,18461
ATQCUS2662,19595
ATQCUS2663,8659
ATQCUS2664,8328
ATQCUS2665,12416
ATQCUS2666,8867
ATQCUS2667,9737
ATQCUS2668,5635
ATQCUS2669,13979
ATQCUS2670,7869
ATQCUS2671,14832
ATQCUS2672,5386
ATQCUS2673,10972
ATQCUS2674,14050
ATQCUS2675,8265
ATQCUS2676,9505
ATQCUS2677,7902
ATQCUS2678,5849
ATQCUS2679,9954
ATQCUS2680,8899
ATQCUS2681,7408
ATQCUS2682,10824
ATQCUS2683,8713
ATQCUS2684,12309
ATQCUS2685,10772
ATQCUS2686,14042
ATQCUS2687,12189
ATQCUS2688,14681
ATQCUS2689,15671
ATQCUS2690,19640
ATQCUS2691,10070
ATQCUS2692,7106
ATQCUS2693,10907
ATQCUS2694,5394
ATQCUS2695,7925
ATQCUS2696,8339
ATQCUS2697,7557
ATQCUS2698,6533
ATQCUS2699,6927
ATQCUS2700,7113
ATQCUS2701,13100
ATQCUS2702,10761
ATQCUS2703,6406
ATQCUS2704,8595
ATQCUS2705,9021
ATQCUS2706,7091
ATQCUS2707,10913
ATQCUS2708,4778
ATQCUS2709,10166
ATQCUS2710,4688
ATQCUS2711,5643
ATQCUS2712,5488
ATQCUS2713,25189
ATQCUS2714,21492
ATQCUS2715,13482
ATQCUS2716,22693
ATQCUS2717,15151
ATQCUS2718,14804
ATQCUS2719,12763
ATQCUS2720,12147
ATQCUS2721,20175
ATQCUS2722,13789
ATQCUS2723,14638
ATQCUS2724,12452
ATQCUS2725,17373
ATQCUS2726,15198
ATQCUS2727,23595
ATQCUS2728,14989
ATQCUS2729,15957
ATQCUS2730,12991
ATQCUS2731,18689
ATQCUS2732,19172
ATQCUS2733,19502
ATQCUS2734,17868
ATQCUS2735,16146
ATQCUS2736,17880
ATQCUS2737,13440
ATQCUS2738,19727
ATQCUS2739,14584
ATQCUS2740,7358
ATQCUS2741,17252
ATQCUS2742,9263
ATQCUS2743,8491
ATQCUS2744,9834
ATQCUS2745,10950
ATQCUS2746,7018
ATQCUS2747,9009
ATQCUS2748,6962
ATQCUS2749,11374
ATQCUS2750,7104
ATQCUS2751,12767
ATQCUS2752,7063
ATQCUS2753,7684
ATQCUS2754,8598
ATQCUS2755,11050
ATQCUS2756,12373
ATQCUS2757,20549
ATQCUS2758,14517
ATQCUS2759,7851
ATQCUS2760,10630
ATQCUS2761,6308
ATQCUS2762,10757
ATQCUS2763,9309
ATQCUS2764,6634
ATQCUS2765,10691
ATQCUS2766,12191
ATQCUS2767,9016
ATQCUS2768,11462
ATQCUS2769,9066
ATQCUS2770,9542
ATQCUS2771,8260
ATQCUS2772,6262
ATQCUS2773,12397
ATQCUS2774,7248
ATQCUS2775,10317
ATQCUS2776,7443
ATQCUS2777,11064
ATQCUS2778,11043
ATQCUS2779,13241
ATQCUS2780,9587
ATQCUS2781,11853
ATQCUS2782,9009
ATQCUS2783,9212
ATQCUS2784,17073
ATQCUS2785,12979
ATQCUS2786,17305
ATQCUS2787,11415
ATQCUS2788,10164
ATQCUS2789,8914
ATQCUS2790,14280
ATQCUS2791,6983
ATQCUS2792,18783
ATQCUS2793,10446
ATQCUS2794,17315
ATQCUS2795,10139
ATQCUS2796,10008
ATQCUS2797,11699
ATQCUS2798,12551
ATQCUS2799,11220
ATQCUS2800,9532
ATQCUS2801,13112
ATQCUS2802,15378
ATQCUS2803,17501
ATQCUS2804,7221
ATQCUS2805,10790
ATQCUS2806,18191
ATQCUS2807,13179
ATQCUS2808,8070
ATQCUS2809,15033
ATQCUS2810,9772
ATQCUS2811,19621
ATQCUS2812,12303
ATQCUS2813,9259
ATQCUS2814,18276
ATQCUS2815,16475
ATQCUS2816,15451
ATQCUS2817,10716
ATQCUS2818,10278
ATQCUS2819,10067
ATQCUS2820,5915
ATQCUS2821,3302
ATQCUS2822,7908
ATQCUS2823,5461
ATQCUS2824,4679
ATQCUS2825,5584
ATQCUS2826,4353
ATQCUS2827,8106
ATQCUS2828,8597
ATQCUS2829,6932
ATQCUS2830,9212
ATQCUS2831,6556
ATQCUS2832,5629
ATQCUS2833,5312
ATQCUS2834,6658
ATQCUS2835,11953
ATQCUS2836,7053
ATQCUS2837,4105
ATQCUS2838,5726
ATQCUS2839,6504
ATQCUS2840,6215
ATQCUS2841,9894
ATQCUS2842,7793
ATQCUS2843,7283
ATQCUS2844,4212
ATQCUS2845,4995
ATQCUS2846,7019
ATQCUS2847,10685
ATQCUS2848,7928
ATQCUS2849,5380
ATQCUS2850,5859
ATQCUS2851,9945
ATQCUS2852,8216
ATQCUS2853,13631
ATQCUS2854,4364
ATQCUS2855,12043
ATQCUS2856,8878
ATQCUS2857,5806
ATQCUS2858,11154
ATQCUS2859,5149
ATQCUS2860,6391
ATQCUS2861,5618
ATQCUS2862,6999
ATQCUS2863,5040
ATQCUS2864,4043
ATQCUS2865,5081
ATQCUS2866,3741
ATQCUS2867,8755
ATQCUS2868,5867
ATQCUS2869,6520
ATQCUS2870,6198
ATQCUS2871,7001
ATQCUS2872,5679
ATQCUS2873,5418
ATQCUS2874,5511
ATQCUS2875,2465
ATQCUS2876,4244
ATQCUS2877,5570
ATQCUS2878,8556
ATQCUS2879,5407
ATQCUS2880,6065
ATQCUS2881,4645
ATQCUS2882,8896
ATQCUS2883,5219
ATQCUS2884,5269
ATQCUS2885,5077
ATQCUS2886,4079
ATQCUS2887,6709
ATQCUS2888,16940
ATQCUS2889,13063
ATQCUS2890,22635
ATQCUS2891,19526
ATQCUS2892,18398
ATQCUS2893,17929
ATQCUS2894,18061
ATQCUS2895,15581
ATQCUS2896,11259
ATQCUS2897,12938
ATQCUS2898,15911
ATQCUS2899,14810
ATQCUS2900,16811
ATQCUS2901,6233
ATQCUS2902,12801
ATQCUS2903,16303
ATQCUS2904,14786
ATQCUS2905,15743
ATQCUS2906,11214
ATQCUS2907,11536
ATQCUS2908,21105
ATQCUS2909,8859
ATQCUS2910,9710
ATQCUS2911,15050
ATQCUS2912,18169
ATQCUS2913,9479
ATQCUS2914,15385
ATQCUS2915,14241
ATQCUS2916,23050
ATQCUS2917,2981
ATQCUS2918,8082
ATQCUS2919,6474
ATQCUS2920,6840
ATQCUS2921,5812
ATQCUS2922,5784
ATQCUS2923,8513
ATQCUS2924,4649
ATQCUS2925,8016
ATQCUS2926,8039
ATQCUS2927,7112
ATQCUS2928,6165
ATQCUS2929,7011
ATQCUS2930,7800
ATQCUS2931,4915
ATQCUS2932,8668
ATQCUS2933,9913
ATQCUS2934,4100
ATQCUS2935,9177
ATQCUS2936,15756
ATQCUS2937,9870
ATQCUS2938,12235
ATQCUS2939,10095
ATQCUS2940,15144
ATQCUS2941,6849
ATQCUS2942,10070
ATQCUS2943,8178
ATQCUS2944,6039
ATQCUS2945,9149
ATQCUS2946,13259
ATQCUS2947,1764
ATQCUS2948,6635
ATQCUS2949,6010
ATQCUS2950,5678
ATQCUS2951,6492
ATQCUS2952,3085
ATQCUS2953,8893
ATQCUS2954,8684
ATQCUS2955,3862
ATQCUS2956,3747
ATQCUS2957,5371
ATQCUS2958,6584
ATQCUS2959,5811
ATQCUS2960,5517
ATQCUS2961,5075
ATQCUS2962,15160
ATQCUS2963,24209
ATQCUS2964,19725
ATQCUS2965,24296
ATQCUS2966,17284
ATQCUS2967,13259
ATQCUS2968,13016
ATQCUS2969,19912
ATQCUS2970,12394
ATQCUS2971,18839
ATQCUS2972,15123
ATQCUS2973,11779
ATQCUS2974,13619
ATQCUS2975,15538
ATQCUS2976,18480
ATQCUS2977,9079
ATQCUS2978,5950
ATQCUS2979,6772
ATQCUS2980,8157
ATQCUS2981,9135
ATQCUS2982,9583
ATQCUS2983,5600
ATQCUS2984,10826
ATQCUS2985,5540
ATQCUS2986,5003
ATQCUS2987,6666
ATQCUS2988,10688
ATQCUS2989,8425
ATQCUS2990,7874
ATQCUS2991,17205
ATQCUS2992,10914
ATQCUS2993,10081
ATQCUS2994,14103
ATQCUS2995,10702
ATQCUS2996,10564
ATQCUS2997,14474
ATQCUS2998,15591
ATQCUS2999,10253
ATQCUS3000,7034
ATQCUS3001,9337
ATQCUS3002,9521
ATQCUS3003,8859
ATQCUS3004,8439
ATQCUS3005,8396
ATQCUS3006,6851
ATQCUS3007,9654
ATQCUS3008,7683
ATQCUS3009,4117
ATQCUS3010,4836
ATQCUS3011,9776
ATQCUS3012,14869
ATQCUS3013,16543
ATQCUS3014,15183
ATQCUS3015,15158
ATQCUS3016,16029
ATQCUS3017,9225
ATQCUS3018,16341
ATQCUS3019,20232
ATQCUS3020,11224
ATQCUS3021,15944
ATQCUS3022,9322
ATQCUS3023,11295
ATQCUS3024,8984
ATQCUS3025,9607
ATQCUS3026,7408
ATQCUS3027,9333
ATQCUS3028,9099
ATQCUS3029,8404
ATQCUS3030,10481
ATQCUS3031,9469
ATQCUS3032,7472
ATQCUS3033,15440
ATQCUS3034,12773
ATQCUS3035,8201
ATQCUS3036,6259
ATQCUS3037,5877
ATQCUS3038,6703
ATQCUS3039,10478
ATQCUS3040,8142
ATQCUS3041,4875
ATQCUS3042,5412
ATQCUS3043,7441
ATQCUS3044,11427
ATQCUS3045,14432
ATQCUS3046,20048
ATQCUS3047,15047
ATQCUS3048,12540
ATQCUS3049,13657
ATQCUS3050,9933
ATQCUS3051,11616
ATQCUS3052,10290
ATQCUS3053,13015
ATQCUS3054,16854
ATQCUS3055,15442
ATQCUS3056,12352
ATQCUS3057,16626
ATQCUS3058,10546
ATQCUS3059,10807
ATQCUS3060,7193
ATQCUS3061,8477
ATQCUS3062,10294
ATQCUS3063,7761
ATQCUS3064,8764
ATQCUS3065,9665
ATQCUS3066,8330
ATQCUS3067,4094
ATQCUS3068,8676
ATQCUS3069,15451
ATQCUS3070,12401
ATQCUS3071,8229
ATQCUS3072,8580
ATQCUS3073,9724
ATQCUS3074,8137
ATQCUS3075,9960
ATQCUS3076,9666
ATQCUS3077,8554
ATQCUS3078,8341
ATQCUS3079,7100
ATQCUS3080,6343
ATQCUS3081,6578
ATQCUS3082,6891
ATQCUS3083,4707
ATQCUS3084,7173
ATQCUS3085,8883
ATQCUS3086,5831
ATQCUS3087,2461
ATQCUS3088,13154
ATQCUS3089,9431
ATQCUS3090,11426
ATQCUS3091,14146
ATQCUS3092,10194
ATQCUS3093,11989
ATQCUS3094,14937
ATQCUS3095,6228
ATQCUS3096,7468
ATQCUS3097,9132
ATQCUS3098,7628
ATQCUS3099,15182
ATQCUS3100,5713
ATQCUS3101,7468
ATQCUS3102,3334
ATQCUS3103,4918
ATQCUS3104,6272
ATQCUS3105,5321
ATQCUS3106,5611
ATQCUS3107,5449
ATQCUS3108,4594
ATQCUS3109,4788
ATQCUS3110,4081
ATQCUS3111,3073
ATQCUS3112,6450
ATQCUS3113,3680
ATQCUS3114,3709
ATQCUS3115,11745
ATQCUS3116,11972
ATQCUS3117,11188
ATQCUS3118,11896
ATQCUS3119,13013
ATQCUS3120,12403
ATQCUS3121,11696
ATQCUS3122,17012
ATQCUS3123,15023
ATQCUS3124,3206
ATQCUS3125,8385
ATQCUS3126,3903
ATQCUS3127,5625
ATQCUS3128,7638
ATQCUS3129,6601
ATQCUS3130,8056
ATQCUS3131,4146
ATQCUS3132,7812
ATQCUS3133,6350
ATQCUS3134,7177
ATQCUS3135,5017
ATQCUS3136,6619
ATQCUS3137,18381
ATQCUS3138,10531
ATQCUS3139,14410
ATQCUS3140,16807
ATQCUS3141,9779
ATQCUS3142,10410
ATQCUS3143,19772
ATQCUS3144,16852
ATQCUS3145,13385
ATQCUS3146,17785
ATQCUS3147,14254
ATQCUS3148,14144
ATQCUS3149,14270
ATQCUS3150,21181
ATQCUS3151,17158
ATQCUS3152,10314
ATQCUS3153,7271
ATQCUS3154,6041
ATQCUS3155,12794
ATQCUS3156,6793
ATQCUS3157,14269
ATQCUS3158,9015
ATQCUS3159,11868
ATQCUS3160,11794
ATQCUS3161,8808
ATQCUS3162,13651
ATQCUS3163,10807
ATQCUS3164,18792
ATQCUS3165,18817
ATQCUS3166,14844
ATQCUS3167,10086
ATQCUS3168,16907
ATQCUS3169,10794
ATQCUS3170,13531
ATQCUS3171,21812
ATQCUS3172,16131
ATQCUS3173,16397
ATQCUS3174,6082
ATQCUS3175,5339
ATQCUS3176,4882
ATQCUS3177,6315
ATQCUS3178,5135
ATQCUS3179,6618
ATQCUS3180,8409
ATQCUS3181,7185
ATQCUS3182,7619
ATQCUS3183,7580
ATQCUS3184,9115
ATQCUS3185,8520
ATQCUS3186,5835
ATQCUS3187,7788
ATQCUS3188,6391
ATQCUS3189,6686
ATQCUS3190,5148
ATQCUS3191,8412
ATQCUS3192,6306
ATQCUS3193,9651
ATQCUS3194,5475
ATQCUS3195,5638
ATQCUS3196,8593
ATQCUS3197,10879
ATQCUS3198,8841
ATQCUS3199,7275
ATQCUS3200,9273
ATQCUS3201,9929
ATQCUS3202,5385
ATQCUS3203,8625
ATQCUS3204,10375
ATQCUS3205,12268
ATQCUS3206,11211
ATQCUS3207,7396
ATQCUS3208,10465
ATQCUS3209,10265
ATQCUS3210,7531
ATQCUS3211,8077
ATQCUS3212,10901
ATQCUS3213,6834
ATQCUS3214,7929
ATQCUS3215,10088
ATQCUS3216,12177
ATQCUS3217,12739
ATQCUS3218,6165
ATQCUS3219,7830
ATQCUS3220,7179
ATQCUS3221,6507
ATQCUS3222,8882
ATQCUS3223,7261
ATQCUS3224,6809
ATQCUS3225,9896
ATQCUS3226,7851
ATQCUS3227,7297
ATQCUS3228,4914
ATQCUS3229,4469
ATQCUS3230,8843
ATQCUS3231,4544
ATQCUS3232,8973
ATQCUS3233,3930
ATQCUS3234,6699
ATQCUS3235,6375
ATQCUS3236,4802
ATQCUS3237,10793
ATQCUS3238,6259
ATQCUS3239,6591
ATQCUS3240,7776
ATQCUS3241,6525
ATQCUS3242,7255
ATQCUS3243,3274
ATQCUS3244,7986
ATQCUS3245,7609
ATQCUS3246,8026
ATQCUS3247,6031
ATQCUS3248,5201
ATQCUS3249,13169
ATQCUS3250,15423
ATQCUS3251,13721
ATQCUS3252,15353
ATQCUS3253,14423
ATQCUS3254,12270
ATQCUS3255,16214
ATQCUS3256,15598
ATQCUS3257,10118
ATQCUS3258,13931
ATQCUS3259,12478
ATQCUS3260,5475
ATQCUS3261,13361
ATQCUS3262,5887
ATQCUS3263,16541
ATQCUS3264,18241
ATQCUS3265,18332
ATQCUS3266,10793
ATQCUS3267,8061
ATQCUS3268,4558
ATQCUS3269,3939
ATQCUS3270,8492
ATQCUS3271,3141
ATQCUS3272,5546
ATQCUS3273,6201
ATQCUS3274,10083
ATQCUS3275,4167
ATQCUS3276,6152
ATQCUS3277,8451
ATQCUS3278,15148
ATQCUS3279,15860
ATQCUS3280,6566
ATQCUS3281,4395
ATQCUS3282,11498
ATQCUS3283,15075
ATQCUS3284,8247
ATQCUS3285,8442
ATQCUS3286,9746
ATQCUS3287,9379
ATQCUS3288,8213
ATQCUS3289,5386
ATQCUS3290,4988
ATQCUS3291,8420
ATQCUS3292,7197
ATQCUS3293,6572
ATQCUS3294,6315
ATQCUS3295,3436
ATQCUS3296,6643
ATQCUS3297,4734
ATQCUS3298,7179
ATQCUS3299,10071
ATQCUS3300,6047
ATQCUS3301,9634
ATQCUS3302,13747
ATQCUS3303,10873
ATQCUS3304,12105
ATQCUS3305,7470
ATQCUS3306,10190
ATQCUS3307,9615
ATQCUS3308,7403
ATQCUS3309,9563
ATQCUS3310,10648
ATQCUS3311,16627
ATQCUS3312,13726
ATQCUS3313,22446
ATQCUS3314,18678
ATQCUS3315,9395
ATQCUS3316,19641
ATQCUS3317,13247
ATQCUS3318,16073
ATQCUS3319,6800
ATQCUS3320,6350
ATQCUS3321,8505
ATQCUS3322,6567
ATQCUS3323,6761
ATQCUS3324,5041
ATQCUS3325,5770
ATQCUS3326,5147
ATQCUS3327,5211
ATQCUS3328,3726
ATQCUS3329,4321
ATQCUS3330,9594
ATQCUS3331,11027
ATQCUS3332,6765
ATQCUS3333,9482
ATQCUS3334,12199
ATQCUS3335,11690
ATQCUS3336,14584
ATQCUS3337,8720
ATQCUS3338,11024
ATQCUS3339,4847
ATQCUS3340,6551
ATQCUS3341,6224
ATQCUS3342,8386
ATQCUS3343,8669
ATQCUS3344,5287
ATQCUS3345,7220
ATQCUS3346,5642
ATQCUS3347,6825
ATQCUS3348,4653
ATQCUS3349,5327
ATQCUS3350,8917
ATQCUS3351,6465
ATQCUS3352,6836
ATQCUS3353,6296
ATQCUS3354,4755
ATQCUS3355,4865
ATQCUS3356,5653
ATQCUS3357,7628
ATQCUS3358,11209
ATQCUS3359,7156
ATQCUS3360,10332
ATQCUS3361,7275
ATQCUS3362,9566
ATQCUS3363,12172
ATQCUS3364,10429
ATQCUS3365,7953
ATQCUS3366,12232
ATQCUS3367,6377
ATQCUS3368,6512
ATQCUS3369,5237
ATQCUS3370,4773
ATQCUS3371,4115
ATQCUS3372,6115
ATQCUS3373,4523
ATQCUS3374,5335
ATQCUS3375,5865
ATQCUS3376,5317
ATQCUS3377,5143
ATQCUS3378,4916
ATQCUS3379,3971
ATQCUS3380,5017
ATQCUS3381,5083
ATQCUS3382,5629
ATQCUS3383,5730
ATQCUS3384,8030
ATQCUS3385,9745
ATQCUS3386,4175
ATQCUS3387,9568
ATQCUS3388,7952
ATQCUS3389,4942
ATQCUS3390,7301
ATQCUS3391,4842
ATQCUS3392,3757
ATQCUS3393,4340
ATQCUS3394,2358
ATQCUS3395,2353
ATQCUS3396,3017
ATQCUS3397,4537
ATQCUS3398,3769
ATQCUS3399,5184
ATQCUS3400,4077
ATQCUS3401,3839
ATQCUS3402,4293
ATQCUS3403,3776
ATQCUS3404,2625
ATQCUS3405,5088
ATQCUS3406,5383
ATQCUS3407,11247
ATQCUS3408,9321
ATQCUS3409,10567
ATQCUS3410,6073
ATQCUS3411,16086
ATQCUS3412,9442
ATQCUS3413,10278
ATQCUS3414,6602
ATQCUS3415,9775
ATQCUS3416,8970
ATQCUS3417,10510
ATQCUS3418,12715
ATQCUS3419,16660
ATQCUS3420,12966
ATQCUS3421,17457
ATQCUS3422,12267
ATQCUS3423,7613
ATQCUS3424,7855
ATQCUS3425,5254
ATQCUS3426,9559
ATQCUS3427,3601
ATQCUS3428,6034
ATQCUS3429,4854
ATQCUS3430,9077
ATQCUS3431,12062
ATQCUS3432,8443
ATQCUS3433,8045
ATQCUS3434,5751
ATQCUS3435,8500
ATQCUS3436,8517
ATQCUS3437,4564
ATQCUS3438,5753
ATQCUS3439,4155
ATQCUS3440,6132
ATQCUS3441,3359
ATQCUS3442,4365
ATQCUS3443,4579
ATQCUS3444,5059
ATQCUS3445,6816
ATQCUS3446,3518
ATQCUS3447,5977
ATQCUS3448,45498
ATQCUS3449,19557
ATQCUS3450,26183
ATQCUS3451,13665
ATQCUS3452,19158
ATQCUS3453,19322
ATQCUS3454,26334
ATQCUS3455,18965
ATQCUS3456,9496
ATQCUS3457,23669
ATQCUS3458,19148
ATQCUS3459,35489
ATQCUS3460,19176
ATQCUS3461,18286
ATQCUS3462,16891
ATQCUS3463,12230
ATQCUS3464,10984
ATQCUS3465,10796
ATQCUS3466,13831
ATQCUS3467,11141
ATQCUS3468,10774
ATQCUS3469,7902
ATQCUS3470,9573
ATQCUS3471,9979
ATQCUS3472,15065
ATQCUS3473,16614
ATQCUS3474,9058
ATQCUS3475,14867
ATQCUS3476,16333
ATQCUS3477,16874
ATQCUS3478,23448
ATQCUS3479,15733
ATQCUS3480,6618
ATQCUS3481,15716
ATQCUS3482,10493
ATQCUS3483,12007
ATQCUS3484,8994
ATQCUS3485,8371
ATQCUS3486,11073
ATQCUS3487,5910
ATQCUS3488,8255
ATQCUS3489,12412
ATQCUS3490,6302
ATQCUS3491,4488
ATQCUS3492,9100
ATQCUS3493,17362
ATQCUS3494,6531
ATQCUS3495,6829
ATQCUS3496,11498
ATQCUS3497,12064
ATQCUS3498,10583
ATQCUS3499,7274
ATQCUS3500,21893
ATQCUS3501,24597
ATQCUS3502,18053
ATQCUS3503,21360
ATQCUS3504,29265
ATQCUS3505,29777
ATQCUS3506,19498
ATQCUS3507,9879
ATQCUS3508,23614
ATQCUS3509,19049
ATQCUS3510,16508
ATQCUS3511,12907
ATQCUS3512,6979
ATQCUS3513,13536
ATQCUS3514,8938
ATQCUS3515,6742
ATQCUS3516,11779
ATQCUS3517,7232
ATQCUS3518,12425
ATQCUS3519,6456
ATQCUS3520,9176
ATQCUS3521,11787
ATQCUS3522,11200
ATQCUS3523,24060
ATQCUS3524,17360
ATQCUS3525,16881
ATQCUS3526,9473
ATQCUS3527,8709
ATQCUS3528,7360
ATQCUS3529,9990
ATQCUS3530,8206
ATQCUS3531,10313
ATQCUS3532,8140
ATQCUS3533,11685
ATQCUS3534,6838
ATQCUS3535,15162
ATQCUS3536,15646
ATQCUS3537,26272
ATQCUS3538,20037
ATQCUS3539,15746
ATQCUS3540,28006
ATQCUS3541,15597
ATQCUS3542,13419
ATQCUS3543,17929
ATQCUS3544,8952
ATQCUS3545,10508
ATQCUS3546,5749
ATQCUS3547,9829
ATQCUS3548,4328
ATQCUS3549,6283
ATQCUS3550,18064
ATQCUS3551,16676
ATQCUS3552,15698
ATQCUS3553,18177
ATQCUS3554,19664
ATQCUS3555,7972
ATQCUS3556,17446
ATQCUS3557,13401
ATQCUS3558,9105
ATQCUS3559,12411
ATQCUS3560,5762
ATQCUS3561,4468
ATQCUS3562,13630
ATQCUS3563,10092
ATQCUS3564,6135
ATQCUS3565,10377
ATQCUS3566,11725
ATQCUS3567,7705
ATQCUS3568,12432
ATQCUS3569,9668
ATQCUS3570,6902
ATQCUS3571,11878
ATQCUS3572,6408
ATQCUS3573,10011
ATQCUS3574,16023
ATQCUS3575,8779
ATQCUS3576,16230
ATQCUS3577,17096
ATQCUS3578,18460
ATQCUS3579,9229
ATQCUS3580,15538
ATQCUS3581,7814
ATQCUS3582,22425
ATQCUS3583,10179
ATQCUS3584,12837
ATQCUS3585,11466
ATQCUS3586,14102
ATQCUS3587,5508
ATQCUS3588,7449
ATQCUS3589,7098
ATQCUS3590,11728
ATQCUS3591,8123
ATQCUS3592,4420
ATQCUS3593,5788
ATQCUS3594,7233
ATQCUS3595,5482
ATQCUS3596,11300
ATQCUS3597,6422
ATQCUS3598,7937
ATQCUS3599,9034
ATQCUS3600,7117
ATQCUS3601,10138
ATQCUS3602,7364
ATQCUS3603,9789
ATQCUS3604,8868
ATQCUS3605,9166
ATQCUS3606,7723
ATQCUS3607,6854
ATQCUS3608,6702
ATQCUS3609,13274
ATQCUS3610,8399
ATQCUS3611,5671
ATQCUS3612,4612
ATQCUS3613,4339
ATQCUS3614,8290
ATQCUS3615,8600
ATQCUS3616,7646
ATQCUS3617,6683
ATQCUS3618,12227
ATQCUS3619,17689
ATQCUS3620,18679
ATQCUS3621,14589
ATQCUS3622,15725
ATQCUS3623,18963
ATQCUS3624,13688
ATQCUS3625,27428
ATQCUS3626,10288
ATQCUS3627,8871
ATQCUS3628,6627
ATQCUS3629,6117
ATQCUS3630,7562
ATQCUS3631,5336
ATQCUS3632,9969
ATQCUS3633,11323
ATQCUS3634,8944
ATQCUS3635,14086
ATQCUS3636,12451
ATQCUS3637,15642
ATQCUS3638,7800
ATQCUS3639,8103
ATQCUS3640,6820
ATQCUS3641,6263
ATQCUS3642,13541
ATQCUS3643,8179
ATQCUS3644,12431
ATQCUS3645,6192
ATQCUS3646,4594
ATQCUS3647,10335
ATQCUS3648,22728
ATQCUS3649,20574
ATQCUS3650,19087
ATQCUS3651,30945
ATQCUS3652,33944
ATQCUS3653,11660
ATQCUS3654,15906
ATQCUS3655,16488
ATQCUS3656,12042
ATQCUS3657,20497
ATQCUS3658,23297
ATQCUS3659,18712
ATQCUS3660,9981
ATQCUS3661,10269
ATQCUS3662,9244
ATQCUS3663,11736
ATQCUS3664,16549
ATQCUS3665,27428
ATQCUS3666,18605
ATQCUS3667,26823
ATQCUS3668,14779
ATQCUS3669,8207
ATQCUS3670,8009
ATQCUS3671,25160
ATQCUS3672,15774
ATQCUS3673,9421
ATQCUS3674,10633
ATQCUS3675,7742
ATQCUS3676,5672
ATQCUS3677,20698
ATQCUS3678,18740
ATQCUS3679,22690
ATQCUS3680,17129
ATQCUS3681,7254
ATQCUS3682,9087
ATQCUS3683,5580
ATQCUS3684,11367
ATQCUS3685,14487
ATQCUS3686,12927
ATQCUS3687,15655
ATQCUS3688,12316
ATQCUS3689,8488
ATQCUS3690,7040
ATQCUS3691,8251
ATQCUS3692,16866
ATQCUS3693,15129
ATQCUS3694,13174
ATQCUS3695,14688
ATQCUS3696,5606
ATQCUS3697,6514
ATQCUS3698,7777
ATQCUS3699,7356
ATQCUS3700,9289
ATQCUS3701,10389
ATQCUS3702,12054
ATQCUS3703,7678
ATQCUS3704,12243
ATQCUS3705,9590
ATQCUS3706,4465
ATQCUS3707,4076
ATQCUS3708,7417
ATQCUS3709,7414
ATQCUS3710,10949
ATQCUS3711,17990
ATQCUS3712,8102
ATQCUS3713,4293
ATQCUS3714,10980
ATQCUS3715,12820
ATQCUS3716,9731
ATQCUS3717,7384
ATQCUS3718,9092
ATQCUS3719,8667
ATQCUS3720,9665
ATQCUS3721,13897
ATQCUS3722,8188
ATQCUS3723,20137
ATQCUS3724,11760
ATQCUS3725,11439
ATQCUS3726,20847
ATQCUS3727,11124
ATQCUS3728,8597
ATQCUS3729,16141
ATQCUS3730,9883
ATQCUS3731,11149
ATQCUS3732,7087
ATQCUS3733,6212
ATQCUS3734,13339
ATQCUS3735,9285
ATQCUS3736,15310
ATQCUS3737,17981
ATQCUS3738,12849
ATQCUS3739,11209
ATQCUS3740,11964
ATQCUS3741,13299
ATQCUS3742,8329
ATQCUS3743,13981
ATQCUS3744,13578
ATQCUS3745,15096
ATQCUS3746,15633
ATQCUS3747,19285
ATQCUS3748,7534
ATQCUS3749,12486
ATQCUS3750,11000
ATQCUS3751,17540
ATQCUS3752,12668
ATQCUS3753,18333
ATQCUS3754,10976
ATQCUS3755,12920
ATQCUS3756,14088
ATQCUS3757,16262
ATQCUS3758,10945
ATQCUS3759,15215
ATQCUS3760,11705
ATQCUS3761,12497
ATQCUS3762,13252
ATQCUS3763,9385
ATQCUS3764,14998
ATQCUS3765,10114
ATQCUS3766,15038
ATQCUS3767,10193
ATQCUS3768,11329
ATQCUS3769,11077
ATQCUS3770,4909
ATQCUS3771,9461
ATQCUS3772,5107
ATQCUS3773,7746
ATQCUS3774,7091
ATQCUS3775,7429
ATQCUS3776,7284
ATQCUS3777,8813
ATQCUS3778,5842
ATQCUS3779,4173
ATQCUS3780,4796
ATQCUS3781,8312
ATQCUS3782,8184
ATQCUS3783,5227
ATQCUS3784,5417
ATQCUS3785,6199
ATQCUS3786,6423
ATQCUS3787,10270
ATQCUS3788,10893
ATQCUS3789,8346
ATQCUS3790,10184
ATQCUS3791,4686
ATQCUS3792,7750
ATQCUS3793,7064
ATQCUS3794,8048
ATQCUS3795,4045
ATQCUS3796,6206
ATQCUS3797,6513
ATQCUS3798,8003
ATQCUS3799,7313
ATQCUS3800,6183
ATQCUS3801,4425
ATQCUS3802,3944
ATQCUS3803,5533
ATQCUS3804,10192
ATQCUS3805,6118
ATQCUS3806,11312
ATQCUS3807,13985
ATQCUS3808,11996
ATQCUS3809,8141
ATQCUS3810,10871
ATQCUS3811,20050
ATQCUS3812,14234
ATQCUS3813,9210
ATQCUS3814,12630
ATQCUS3815,9173
ATQCUS3816,8865
ATQCUS3817,6369
ATQCUS3818,8359
ATQCUS3819,10007
ATQCUS3820,13855
ATQCUS3821,4745
ATQCUS3822,5539
ATQCUS3823,5015
ATQCUS3824,7762
ATQCUS3825,6240
ATQCUS3826,5601
ATQCUS3827,5969
ATQCUS3828,8304
ATQCUS3829,9862
ATQCUS3830,6076
ATQCUS3831,5183
ATQCUS3832,7088
ATQCUS3833,8408
ATQCUS3834,5230
ATQCUS3835,15062
ATQCUS3836,10085
ATQCUS3837,7704
ATQCUS3838,10250
ATQCUS3839,8442
ATQCUS3840,11469
ATQCUS3841,9211
ATQCUS3842,11968
ATQCUS3843,7469
ATQCUS3844,13837
ATQCUS3845,14513
ATQCUS3846,8927
ATQCUS3847,15883
ATQCUS3848,11235
ATQCUS3849,6832
ATQCUS3850,5950
ATQCUS3851,5172
ATQCUS3852,6598
ATQCUS3853,4619
ATQCUS3854,7900
ATQCUS3855,3238
ATQCUS3856,5980
ATQCUS3857,8604
ATQCUS3858,5728
ATQCUS3859,2004
ATQCUS3860,4163
ATQCUS3861,3659
ATQCUS3862,5096
ATQCUS3863,6957
ATQCUS3864,7459
ATQCUS3865,6047
ATQCUS3866,6710
ATQCUS3867,7983
ATQCUS3868,10455
ATQCUS3869,6536
ATQCUS3870,4329
ATQCUS3871,6952
ATQCUS3872,5645
ATQCUS3873,5261
ATQCUS3874,9772
ATQCUS3875,3139
ATQCUS3876,3835
ATQCUS3877,3447
ATQCUS3878,5325
ATQCUS3879,4297
ATQCUS3880,4236
ATQCUS3881,4331
ATQCUS3882,5573
ATQCUS3883,3675
ATQCUS3884,4959
ATQCUS3885,3584
ATQCUS3886,3135
ATQCUS3887,2800
ATQCUS3888,4231
ATQCUS3889,4020
ATQCUS3890,12713
ATQCUS3891,7240
ATQCUS3892,9568
ATQCUS3893,10694
ATQCUS3894,13570
ATQCUS3895,9631
ATQCUS3896,8936
ATQCUS3897,7481
ATQCUS3898,9001
ATQCUS3899,11752
ATQCUS3900,4964
ATQCUS3901,8865
ATQCUS3902,11160
ATQCUS3903,4412
ATQCUS3904,4802
ATQCUS3905,5621
ATQCUS3906,3389
ATQCUS3907,6552
ATQCUS3908,4743
ATQCUS3909,3738
ATQCUS3910,4553
ATQCUS3911,4547
ATQCUS3912,3985
ATQCUS3913,15751
ATQCUS3914,16284
ATQCUS3915,17533
ATQCUS3916,19860
ATQCUS3917,21047
ATQCUS3918,13512
ATQCUS3919,18122
ATQCUS3920,13279
ATQCUS3921,16037
ATQCUS3922,15489
ATQCUS3923,7790
ATQCUS3924,11821
ATQCUS3925,8763
ATQCUS3926,5569
ATQCUS3927,7970
ATQCUS3928,12642
ATQCUS3929,8304
ATQCUS3930,13712
ATQCUS3931,8172
ATQCUS3932,11079
ATQCUS3933,8844
ATQCUS3934,9052
ATQCUS3935,12104
ATQCUS3936,9324
ATQCUS3937,9837
ATQCUS3938,11019
ATQCUS3939,21194
ATQCUS3940,23420
ATQCUS3941,10913
ATQCUS3942,13145
ATQCUS3943,23319
ATQCUS3944,18855
ATQCUS3945,22817
ATQCUS3946,15204
ATQCUS3947,15561
ATQCUS3948,17190
ATQCUS3949,5359
ATQCUS3950,10170
ATQCUS3951,7027
ATQCUS3952,5692
ATQCUS3953,8460
ATQCUS3954,11188
ATQCUS3955,12034
ATQCUS3956,8801
ATQCUS3957,8897
ATQCUS3958,6184
ATQCUS3959,6037
ATQCUS3960,11608
ATQCUS3961,11800
ATQCUS3962,18285
ATQCUS3963,26071
ATQCUS3964,13589
ATQCUS3965,11859
ATQCUS3966,16672
ATQCUS3967,5662
ATQCUS3968,8094
ATQCUS3969,7799
ATQCUS3970,8403
ATQCUS3971,11185
ATQCUS3972,10095
ATQCUS3973,5602
ATQCUS3974,6216
ATQCUS3975,13791
ATQCUS3976,5010
ATQCUS3977,7988
ATQCUS3978,7960
ATQCUS3979,11352
ATQCUS3980,7604
ATQCUS3981,10673
ATQCUS3982,8384
ATQCUS3983,15532
ATQCUS3984,12465
ATQCUS3985,9765
ATQCUS3986,13893
ATQCUS3987,14723
ATQCUS3988,8432
ATQCUS3989,7691
ATQCUS3990,5324
ATQCUS3991,8135
ATQCUS3992,7596
ATQCUS3993,5315
ATQCUS3994,6023
ATQCUS3995,4981
ATQCUS3996,9321
ATQCUS3997,6723
ATQCUS3998,6457
ATQCUS3999,7447
ATQCUS4000,4527
