customer_id,total_spending
ATQCUS0001,19872
ATQCUS0002,11488
ATQCUS0003,10631
ATQCUS0004,12860
ATQCUS0005,14102
ATQCUS0006,14066
ATQCUS0007,14554
ATQCUS0008,13799
ATQCUS0009,8589
ATQCUS0010,11304
ATQCUS0011,7499
ATQCUS0012,9143
ATQCUS0013,12663
ATQCUS0014,3157
ATQCUS0015,8617
ATQCUS0016,8205
ATQCUS0017,5746
ATQCUS0018,4983
ATQCUS0019,4167
ATQCUS0020,5090
ATQCUS0021,5508
ATQCUS0022,6458
ATQCUS0023,7004
ATQCUS0024,15148
ATQCUS0025,9584
ATQCUS0026,8236
ATQCUS0027,7601
ATQCUS0028,6384
ATQCUS0029,7022
ATQCUS0030,3386
ATQCUS0031,2320
ATQCUS0032,7620
ATQCUS0033,4480
ATQCUS0034,3898
ATQCUS0035,8899
ATQCUS0036,2667
ATQCUS0037,7073
ATQCUS0038,6229
ATQCUS0039,4208
ATQCUS0040,6745
ATQCUS0041,8715
ATQCUS0042,7906
ATQCUS0043,17016
ATQCUS0044,7340
ATQCUS0045,10977
ATQCUS0046,9089
ATQCUS0047,10153
ATQCUS0048,9041
ATQCUS0049,9450
ATQCUS0050,7310
ATQCUS0051,4065
ATQCUS0052,8147
ATQCUS0053,7555
ATQCUS0054,5701
ATQCUS0055,6800
ATQCUS0056,7569
ATQCUS0057,2961
ATQCUS0058,5068
ATQCUS0059,7213
ATQCUS0060,3746
ATQCUS0061,5679
ATQCUS0062,7583
ATQCUS0063,7687
ATQCUS0064,10904
ATQCUS0065,7356
ATQCUS0066,6006
ATQCUS0067,7116
ATQCUS0068,11068
ATQCUS0069,8541
ATQCUS0070,4752
ATQCUS0071,5898
ATQCUS0072,5497
ATQCUS0073,5412
ATQCUS0074,7388
ATQCUS0075,8536
ATQCUS0076,9240
ATQCUS0077,4412
ATQCUS0078,7305
ATQCUS0079,4922
ATQCUS0080,3670
ATQCUS0081,6738
ATQCUS0082,4474
ATQCUS0083,4904
ATQCUS0084,5696
ATQCUS0085,6329
ATQCUS0086,5980
ATQCUS0087,8635
ATQCUS0088,8053
ATQCUS0089,11678
ATQCUS0090,8585
ATQCUS0091,6321
ATQCUS0092,5857
ATQCUS0093,2254
ATQCUS0094,3573
ATQCUS0095,4156
ATQCUS0096,3863
ATQCUS0097,5437
ATQCUS0098,3451
ATQCUS0099,4850
ATQCUS0100,4710
ATQCUS0101,4185
ATQCUS0102,4940
ATQCUS0103,3318
ATQCUS0104,2252
ATQCUS0105,3009
ATQCUS0106,3380
ATQCUS0107,3386
ATQCUS0108,7875
ATQCUS0109,3972
ATQCUS0110,3545
ATQCUS0111,7817
ATQCUS0112,7974
ATQCUS0113,5674
ATQCUS0114,2682
ATQCUS0115,4573
ATQCUS0116,5137
ATQCUS0117,6956
ATQCUS0118,7824
ATQCUS0119,3116
ATQCUS0120,5849
ATQCUS0121,3473
ATQCUS0122,5733
ATQCUS0123,2383
ATQCUS0124,22640
ATQCUS0125,10603
ATQCUS0126,15409
ATQCUS0127,15366
ATQCUS0128,10119
ATQCUS0129,19826
ATQCUS0130,22471
ATQCUS0131,13728
ATQCUS0132,11027
ATQCUS0133,10430
ATQCUS0134,13592
ATQCUS0135,14713
ATQCUS0136,13941
ATQCUS0137,30492
ATQCUS0138,14673
ATQCUS0139,11195
ATQCUS0140,29648
ATQCUS0141,17373
ATQCUS0142,16872
ATQCUS0143,12510
ATQCUS0144,21641
ATQCUS0145,15542
ATQCUS0146,25664
ATQCUS0147,26340
ATQCUS0148,16845
ATQCUS0149,15154
ATQCUS0150,13736
ATQCUS0151,21082
ATQCUS0152,10649
ATQCUS0153,12578
ATQCUS0154,14910
ATQCUS0155,12119
ATQCUS0156,10299
ATQCUS0157,15922
ATQCUS0158,18306
ATQCUS0159,18647
ATQCUS0160,15244
ATQCUS0161,12497
ATQCUS0162,18023
ATQCUS0163,13650
ATQCUS0164,20673
ATQCUS0165,17164
ATQCUS0166,18246
ATQCUS0167,13825
ATQCUS0168,17000
ATQCUS0169,18591
ATQCUS0170,13697
ATQCUS0171,19421
ATQCUS0172,9258
ATQCUS0173,6557
ATQCUS0174,10248
ATQCUS0175,4690
ATQCUS0176,8830
ATQCUS0177,8315
ATQCUS0178,7236
ATQCUS0179,9324
ATQCUS0180,9046
ATQCUS0181,11596
ATQCUS0182,7923
ATQCUS0183,8189
ATQCUS0184,9154
ATQCUS0185,12892
ATQCUS0186,7432
ATQCUS0187,9101
ATQCUS0188,9578
ATQCUS0189,7211
ATQCUS0190,9642
ATQCUS0191,8401
ATQCUS0192,10138
ATQCUS0193,9545
ATQCUS0194,6144
ATQCUS0195,10686
ATQCUS0196,8067
ATQCUS0197,7561
ATQCUS0198,11697
ATQCUS0199,6205
ATQCUS0200,5596
ATQCUS0201,10305
ATQCUS0202,8937
ATQCUS0203,9162
ATQCUS0204,9603
ATQCUS0205,5896
ATQCUS0206,9270
ATQCUS0207,8104
ATQCUS0208,10804
ATQCUS0209,10643
ATQCUS0210,9992
ATQCUS0211,25347
ATQCUS0212,9656
ATQCUS0213,14250
ATQCUS0214,9132
ATQCUS0215,17680
ATQCUS0216,13374
ATQCUS0217,13954
ATQCUS0218,13980
ATQCUS0219,12781
ATQCUS0220,15055
ATQCUS0221,10346
ATQCUS0222,12587
ATQCUS0223,8844
ATQCUS0224,7555
ATQCUS0225,14095
ATQCUS0226,11822
ATQCUS0227,13815
ATQCUS0228,10300
ATQCUS0229,6328
ATQCUS0230,12563
ATQCUS0231,16844
ATQCUS0232,18053
ATQCUS0233,13685
ATQCUS0234,15283
ATQCUS0235,4820
ATQCUS0236,9859
ATQCUS0237,6256
ATQCUS0238,13879
ATQCUS0239,7334
ATQCUS0240,9777
ATQCUS0241,11074
ATQCUS0242,7235
ATQCUS0243,10641
ATQCUS0244,18493
ATQCUS0245,10882
ATQCUS0246,8601
ATQCUS0247,14715
ATQCUS0248,9389
ATQCUS0249,11366
ATQCUS0250,12846
ATQCUS0251,10596
ATQCUS0252,3610
ATQCUS0253,7534
ATQCUS0254,7640
ATQCUS0255,5323
ATQCUS0256,6673
ATQCUS0257,9577
ATQCUS0258,5282
ATQCUS0259,8870
ATQCUS0260,9699
ATQCUS0261,5147
ATQCUS0262,6665
ATQCUS0263,7752
ATQCUS0264,9250
ATQCUS0265,4842
ATQCUS0266,12416
ATQCUS0267,9282
ATQCUS0268,10391
ATQCUS0269,7958
ATQCUS0270,9005
ATQCUS0271,10494
ATQCUS0272,9617
ATQCUS0273,6813
ATQCUS0274,6533
ATQCUS0275,7452
ATQCUS0276,7513
ATQCUS0277,9996
ATQCUS0278,9576
ATQCUS0279,8508
ATQCUS0280,8197
ATQCUS0281,6684
ATQCUS0282,9065
ATQCUS0283,4385
ATQCUS0284,8603
ATQCUS0285,9363
ATQCUS0286,6447
ATQCUS0287,10493
ATQCUS0288,10191
ATQCUS0289,9278
ATQCUS0290,10742
ATQCUS0291,9700
ATQCUS0292,11702
ATQCUS0293,7786
ATQCUS0294,6132
ATQCUS0295,5677
ATQCUS0296,9630
ATQCUS0297,8288
ATQCUS0298,7267
ATQCUS0299,8514
ATQCUS0300,8036
ATQCUS0301,13477
ATQCUS0302,8934
ATQCUS0303,9074
ATQCUS0304,7005
ATQCUS0305,5430
ATQCUS0306,10600
ATQCUS0307,6315
ATQCUS0308,6392
ATQCUS0309,12083
ATQCUS0310,3882
ATQCUS0311,8515
ATQCUS0312,6753
ATQCUS0313,8991
ATQCUS0314,10842
ATQCUS0315,11074
ATQCUS0316,12014
ATQCUS0317,8485
ATQCUS0318,9644
ATQCUS0319,19050
ATQCUS0320,17844
ATQCUS0321,6018
ATQCUS0322,13283
ATQCUS0323,13487
ATQCUS0324,13842
ATQCUS0325,10111
ATQCUS0326,19951
ATQCUS0327,17764
ATQCUS0328,15835
ATQCUS0329,17553
ATQCUS0330,7064
ATQCUS0331,14542
ATQCUS0332,27910
ATQCUS0333,17534
ATQCUS0334,14469
ATQCUS0335,11376
ATQCUS0336,16509
ATQCUS0337,15036
ATQCUS0338,22058
ATQCUS0339,19051
ATQCUS0340,23416
ATQCUS0341,11918
ATQCUS0342,14550
ATQCUS0343,21899
ATQCUS0344,15809
ATQCUS0345,11520
ATQCUS0346,16106
ATQCUS0347,17614
ATQCUS0348,17252
ATQCUS0349,11938
ATQCUS0350,19183
ATQCUS0351,17843
ATQCUS0352,19926
ATQCUS0353,12904
ATQCUS0354,15266
ATQCUS0355,18177
ATQCUS0356,12976
ATQCUS0357,15687
ATQCUS0358,12449
ATQCUS0359,17021
ATQCUS0360,15013
ATQCUS0361,9528
ATQCUS0362,7404
ATQCUS0363,9713
ATQCUS0364,9222
ATQCUS0365,9196
ATQCUS0366,7210
ATQCUS0367,4019
ATQCUS0368,6314
ATQCUS0369,13110
ATQCUS0370,6878
ATQCUS0371,8720
ATQCUS0372,6500
ATQCUS0373,7791
ATQCUS0374,7168
ATQCUS0375,6690
ATQCUS0376,8313
ATQCUS0377,9610
ATQCUS0378,8822
ATQCUS0379,5395
ATQCUS0380,7746
ATQCUS0381,9197
ATQCUS0382,9528
ATQCUS0383,4567
ATQCUS0384,9626
ATQCUS0385,12225
ATQCUS0386,8650
ATQCUS0387,6813
ATQCUS0388,8014
ATQCUS0389,4858
ATQCUS0390,5293
ATQCUS0391,14287
ATQCUS0392,10795
ATQCUS0393,16349
ATQCUS0394,12922
ATQCUS0395,11669
ATQCUS0396,13946
ATQCUS0397,12369
ATQCUS0398,9023
ATQCUS0399,7296
ATQCUS0400,9593
ATQCUS0401,13285
ATQCUS0402,11411
ATQCUS0403,13655
ATQCUS0404,4462
ATQCUS0405,9157
ATQCUS0406,7908
ATQCUS0407,14608
ATQCUS0408,18284
ATQCUS0409,7742
ATQCUS0410,10262
ATQCUS0411,4154
ATQCUS0412,9792
ATQCUS0413,8009
ATQCUS0414,10407
ATQCUS0415,10857
ATQCUS0416,9167
ATQCUS0417,7557
ATQCUS0418,8401
ATQCUS0419,5226
ATQCUS0420,7545
ATQCUS0421,6870
ATQCUS0422,4535
ATQCUS0423,9151
ATQCUS0424,8319
ATQCUS0425,9397
ATQCUS0426,4964
ATQCUS0427,6936
ATQCUS0428,8145
ATQCUS0429,7108
ATQCUS0430,12382
ATQCUS0431,8707
ATQCUS0432,6131
ATQCUS0433,6364
ATQCUS0434,8028
ATQCUS0435,9458
ATQCUS0436,7929
ATQCUS0437,6539
ATQCUS0438,6320
ATQCUS0439,6243
ATQCUS0440,8025
ATQCUS0441,6027
ATQCUS0442,4638
ATQCUS0443,8411
ATQCUS0444,5153
ATQCUS0445,4391
ATQCUS0446,6125
ATQCUS0447,7435
ATQCUS0448,9189
ATQCUS0449,10170
ATQCUS0450,4791
ATQCUS0451,8203
ATQCUS0452,9129
ATQCUS0453,9020
ATQCUS0454,9016
ATQCUS0455,5197
ATQCUS0456,8539
ATQCUS0457,6212
ATQCUS0458,9891
ATQCUS0459,19441
ATQCUS0460,13968
ATQCUS0461,15910
ATQCUS0462,17193
ATQCUS0463,23146
ATQCUS0464,13460
ATQCUS0465,16083
ATQCUS0466,10130
ATQCUS0467,9473
ATQCUS0468,12598
ATQCUS0469,14453
ATQCUS0470,15181
ATQCUS0471,19946
ATQCUS0472,22789
ATQCUS0473,14858
ATQCUS0474,18010
ATQCUS0475,13947
ATQCUS0476,17513
ATQCUS0477,9281
ATQCUS0478,11560
ATQCUS0479,12560
ATQCUS0480,11476
ATQCUS0481,14216
ATQCUS0482,17915
ATQCUS0483,8150
ATQCUS0484,18111
ATQCUS0485,6458
ATQCUS0486,9496
ATQCUS0487,18384
ATQCUS0488,10949
ATQCUS0489,13076
ATQCUS0490,13203
ATQCUS0491,10628
ATQCUS0492,2831
ATQCUS0493,7788
ATQCUS0494,7791
ATQCUS0495,7468
ATQCUS0496,6671
ATQCUS0497,6852
ATQCUS0498,8503
ATQCUS0499,9334
ATQCUS0500,5736
ATQCUS0501,6383
ATQCUS0502,6098
ATQCUS0503,5184
ATQCUS0504,7350
ATQCUS0505,6296
ATQCUS0506,6371
ATQCUS0507,7301
ATQCUS0508,6599
ATQCUS0509,7830
ATQCUS0510,9551
ATQCUS0511,8658
ATQCUS0512,6744
ATQCUS0513,7613
ATQCUS0514,4380
ATQCUS0515,7276
ATQCUS0516,8390
ATQCUS0517,9099
ATQCUS0518,7670
ATQCUS0519,10280
ATQCUS0520,10647
ATQCUS0521,8058
ATQCUS0522,5761
ATQCUS0523,6520
ATQCUS0524,11303
ATQCUS0525,11184
ATQCUS0526,9846
ATQCUS0527,11033
ATQCUS0528,9164
ATQCUS0529,4593
ATQCUS0530,11780
ATQCUS0531,10537
ATQCUS0532,8173
ATQCUS0533,14235
ATQCUS0534,8905
ATQCUS0535,8944
ATQCUS0536,7007
ATQCUS0537,10179
ATQCUS0538,7426
ATQCUS0539,12302
ATQCUS0540,11260
ATQCUS0541,5825
ATQCUS0542,7964
ATQCUS0543,5537
ATQCUS0544,6919
ATQCUS0545,9832
ATQCUS0546,5988
ATQCUS0547,9774
ATQCUS0548,6694
ATQCUS0549,7854
ATQCUS0550,9859
ATQCUS0551,8548
ATQCUS0552,9274
ATQCUS0553,7434
ATQCUS0554,12534
ATQCUS0555,7975
ATQCUS0556,9374
ATQCUS0557,7338
ATQCUS0558,8264
ATQCUS0559,4640
ATQCUS0560,8058
ATQCUS0561,4079
ATQCUS0562,9087
ATQCUS0563,5601
ATQCUS0564,6682
ATQCUS0565,6625
ATQCUS0566,9238
ATQCUS0567,8832
ATQCUS0568,8356
ATQCUS0569,7492
ATQCUS0570,8325
ATQCUS0571,5531
ATQCUS0572,7749
ATQCUS0573,6539
ATQCUS0574,6058
ATQCUS0575,6268
ATQCUS0576,5540
ATQCUS0577,6038
ATQCUS0578,9539
ATQCUS0579,9484
ATQCUS0580,8213
ATQCUS0581,7454
ATQCUS0582,8025
ATQCUS0583,7728
ATQCUS0584,6435
ATQCUS0585,5152
ATQCUS0586,8895
ATQCUS0587,10384
ATQCUS0588,7462
ATQCUS0589,7961
ATQCUS0590,7443
ATQCUS0591,8891
ATQCUS0592,6473
ATQCUS0593,5583
ATQCUS0594,7373
ATQCUS0595,4836
ATQCUS0596,7370
ATQCUS0597,14116
ATQCUS0598,11198
ATQCUS0599,5374
ATQCUS0600,12919
ATQCUS0601,11130
ATQCUS0602,10216
ATQCUS0603,11396
ATQCUS0604,8590
ATQCUS0605,8347
ATQCUS0606,3871
ATQCUS0607,11920
ATQCUS0608,7222
ATQCUS0609,9270
ATQCUS0610,12942
ATQCUS0611,10208
ATQCUS0612,15151
ATQCUS0613,9303
ATQCUS0614,8344
ATQCUS0615,10598
ATQCUS0616,10918
ATQCUS0617,11977
ATQCUS0618,6502
ATQCUS0619,8242
ATQCUS0620,12399
ATQCUS0621,8714
ATQCUS0622,7589
ATQCUS0623,17677
ATQCUS0624,13063
ATQCUS0625,14371
ATQCUS0626,13142
ATQCUS0627,8860
ATQCUS0628,8446
ATQCUS0629,10082
ATQCUS0630,16968
ATQCUS0631,7300
ATQCUS0632,10675
ATQCUS0633,12608
ATQCUS0634,13278
ATQCUS0635,9338
ATQCUS0636,8655
ATQCUS0637,9113
ATQCUS0638,8962
ATQCUS0639,10794
ATQCUS0640,8470
ATQCUS0641,6576
ATQCUS0642,6815
ATQCUS0643,4502
ATQCUS0644,5540
ATQCUS0645,4738
ATQCUS0646,5173
ATQCUS0647,4594
ATQCUS0648,6007
ATQCUS0649,4971
ATQCUS0650,2184
ATQCUS0651,5282
ATQCUS0652,4365
ATQCUS0653,4229
ATQCUS0654,5105
ATQCUS0655,5476
ATQCUS0656,5185
ATQCUS0657,5697
ATQCUS0658,5567
ATQCUS0659,5062
ATQCUS0660,7187
ATQCUS0661,4533
ATQCUS0662,2408
ATQCUS0663,3117
ATQCUS0664,3230
ATQCUS0665,6779
ATQCUS0666,4539
ATQCUS0667,6494
ATQCUS0668,6654
ATQCUS0669,4922
ATQCUS0670,6363
ATQCUS0671,3550
ATQCUS0672,5379
ATQCUS0673,5736
ATQCUS0674,4038
ATQCUS0675,6871
ATQCUS0676,4717
ATQCUS0677,6632
ATQCUS0678,6371
ATQCUS0679,8704
ATQCUS0680,7556
ATQCUS0681,5778
ATQCUS0682,3848
ATQCUS0683,7914
ATQCUS0684,10202
ATQCUS0685,7967
ATQCUS0686,9851
ATQCUS0687,1752
ATQCUS0688,11661
ATQCUS0689,8156
ATQCUS0690,5886
ATQCUS0691,6640
ATQCUS0692,5044
ATQCUS0693,2950
ATQCUS0694,7828
ATQCUS0695,12307
ATQCUS0696,6293
ATQCUS0697,5795
ATQCUS0698,8579
ATQCUS0699,7666
ATQCUS0700,6313
ATQCUS0701,9055
ATQCUS0702,9647
ATQCUS0703,7159
ATQCUS0704,11773
ATQCUS0705,7009
ATQCUS0706,9495
ATQCUS0707,9463
ATQCUS0708,9079
ATQCUS0709,10408
ATQCUS0710,7086
ATQCUS0711,6002
ATQCUS0712,6883
ATQCUS0713,5557
ATQCUS0714,3667
ATQCUS0715,3286
ATQCUS0716,4063
ATQCUS0717,4272
ATQCUS0718,5038
ATQCUS0719,6206
ATQCUS0720,5019
ATQCUS0721,7437
ATQCUS0722,5446
ATQCUS0723,4914
ATQCUS0724,5002
ATQCUS0725,3526
ATQCUS0726,2927
ATQCUS0727,8228
ATQCUS0728,3234
ATQCUS0729,7439
ATQCUS0730,4368
ATQCUS0731,2948
ATQCUS0732,4178
ATQCUS0733,6887
ATQCUS0734,7264
ATQCUS0735,4974
ATQCUS0736,4519
ATQCUS0737,4449
ATQCUS0738,5407
ATQCUS0739,6380
ATQCUS0740,4103
ATQCUS0741,7825
ATQCUS0742,3798
ATQCUS0743,6348
ATQCUS0744,1869
ATQCUS0745,3694
ATQCUS0746,5011
ATQCUS0747,3233
ATQCUS0748,5138
ATQCUS0749,4925
ATQCUS0750,6120
ATQCUS0751,6278
ATQCUS0752,3606
ATQCUS0753,7906
ATQCUS0754,4710
ATQCUS0755,2531
ATQCUS0756,2735
ATQCUS0757,6252
ATQCUS0758,7828
ATQCUS0759,3463
ATQCUS0760,3936
ATQCUS0761,7971
ATQCUS0762,7257
ATQCUS0763,2604
ATQCUS0764,5500
ATQCUS0765,6707
ATQCUS0766,7731
ATQCUS0767,2827
ATQCUS0768,4140
ATQCUS0769,4779
ATQCUS0770,15161
ATQCUS0771,23563
ATQCUS0772,13465
ATQCUS0773,9612
ATQCUS0774,15252
ATQCUS0775,12460
ATQCUS0776,12085
ATQCUS0777,12995
ATQCUS0778,19392
ATQCUS0779,15486
ATQCUS0780,10427
ATQCUS0781,13486
ATQCUS0782,17474
ATQCUS0783,13024
ATQCUS0784,21888
ATQCUS0785,10382
ATQCUS0786,11131
ATQCUS0787,9266
ATQCUS0788,10853
ATQCUS0789,20220
ATQCUS0790,6703
ATQCUS0791,7572
ATQCUS0792,10885
ATQCUS0793,17558
ATQCUS0794,12328
ATQCUS0795,12565
ATQCUS0796,6050
ATQCUS0797,12764
ATQCUS0798,15690
ATQCUS0799,14363
ATQCUS0800,10707
ATQCUS0801,5177
ATQCUS0802,7466
ATQCUS0803,8319
ATQCUS0804,4739
ATQCUS0805,7557
ATQCUS0806,7478
ATQCUS0807,7033
ATQCUS0808,9788
ATQCUS0809,8076
ATQCUS0810,1581
ATQCUS0811,9411
ATQCUS0812,4047
ATQCUS0813,9641
ATQCUS0814,6505
ATQCUS0815,9978
ATQCUS0816,4798
ATQCUS0817,5090
ATQCUS0818,8852
ATQCUS0819,8687
ATQCUS0820,12142
ATQCUS0821,8411
ATQCUS0822,6962
ATQCUS0823,6457
ATQCUS0824,9841
ATQCUS0825,3445
ATQCUS0826,6520
ATQCUS0827,8141
ATQCUS0828,9826
ATQCUS0829,14312
ATQCUS0830,4834
ATQCUS0831,11198
ATQCUS0832,8788
ATQCUS0833,11477
ATQCUS0834,10669
ATQCUS0835,7836
ATQCUS0836,8659
ATQCUS0837,11116
ATQCUS0838,12142
ATQCUS0839,12222
ATQCUS0840,8503
ATQCUS0841,9608
ATQCUS0842,12497
ATQCUS0843,9275
ATQCUS0844,6890
ATQCUS0845,6006
ATQCUS0846,14591
ATQCUS0847,9341
ATQCUS0848,12802
ATQCUS0849,7943
ATQCUS0850,4470
ATQCUS0851,5790
ATQCUS0852,7534
ATQCUS0853,8987
ATQCUS0854,4581
ATQCUS0855,6085
ATQCUS0856,3098
ATQCUS0857,5154
ATQCUS0858,6949
ATQCUS0859,7937
ATQCUS0860,5576
ATQCUS0861,4207
ATQCUS0862,5112
ATQCUS0863,8856
ATQCUS0864,8195
ATQCUS0865,5759
ATQCUS0866,3046
ATQCUS0867,4813
ATQCUS0868,5121
ATQCUS0869,3854
ATQCUS0870,4404
ATQCUS0871,7860
ATQCUS0872,6649
ATQCUS0873,6887
ATQCUS0874,6649
ATQCUS0875,6536
ATQCUS0876,5393
ATQCUS0877,3925
ATQCUS0878,5633
ATQCUS0879,4651
ATQCUS0880,5826
ATQCUS0881,5769
ATQCUS0882,6694
ATQCUS0883,8664
ATQCUS0884,7792
ATQCUS0885,8209
ATQCUS0886,7560
ATQCUS0887,5680
ATQCUS0888,9702
ATQCUS0889,7826
ATQCUS0890,17825
ATQCUS0891,12105
ATQCUS0892,23368
ATQCUS0893,9776
ATQCUS0894,24171
ATQCUS0895,33871
ATQCUS0896,20930
ATQCUS0897,27705
ATQCUS0898,19404
ATQCUS0899,25906
ATQCUS0900,18016
ATQCUS0901,28447
ATQCUS0902,7580
ATQCUS0903,20852
ATQCUS0904,9768
ATQCUS0905,21317
ATQCUS0906,24862
ATQCUS0907,23297
ATQCUS0908,14942
ATQCUS0909,22254
ATQCUS0910,15442
ATQCUS0911,19018
ATQCUS0912,17244
ATQCUS0913,16779
ATQCUS0914,34547
ATQCUS0915,24907
ATQCUS0916,13526
ATQCUS0917,19115
ATQCUS0918,20761
ATQCUS0919,16960
ATQCUS0920,13432
ATQCUS0921,20279
ATQCUS0922,18562
ATQCUS0923,17643
ATQCUS0924,21252
ATQCUS0925,11252
ATQCUS0926,15365
ATQCUS0927,15099
ATQCUS0928,21809
ATQCUS0929,15516
ATQCUS0930,24663
ATQCUS0931,24633
ATQCUS0932,19480
ATQCUS0933,17114
ATQCUS0934,27562
ATQCUS0935,20940
ATQCUS0936,24436
ATQCUS0937,20385
ATQCUS0938,21792
ATQCUS0939,18167
ATQCUS0940,23039
ATQCUS0941,18158
ATQCUS0942,12415
ATQCUS0943,25640
ATQCUS0944,21438
ATQCUS0945,10203
ATQCUS0946,29560
ATQCUS0947,26370
ATQCUS0948,10704
ATQCUS0949,8412
ATQCUS0950,13667
ATQCUS0951,8785
ATQCUS0952,8964
ATQCUS0953,7833
ATQCUS0954,16964
ATQCUS0955,9900
ATQCUS0956,6929
ATQCUS0957,12650
ATQCUS0958,8500
ATQCUS0959,11018
ATQCUS0960,12352
ATQCUS0961,8497
ATQCUS0962,8960
ATQCUS0963,8930
ATQCUS0964,12434
ATQCUS0965,12579
ATQCUS0966,10913
ATQCUS0967,7113
ATQCUS0968,15656
ATQCUS0969,10895
ATQCUS0970,5761
ATQCUS0971,12267
ATQCUS0972,9826
ATQCUS0973,11728
ATQCUS0974,5158
ATQCUS0975,10731
ATQCUS0976,7957
ATQCUS0977,10831
ATQCUS0978,12352
ATQCUS0979,13167
ATQCUS0980,10548
ATQCUS0981,14933
ATQCUS0982,11535
ATQCUS0983,10674
ATQCUS0984,7865
ATQCUS0985,8899
ATQCUS0986,9636
ATQCUS0987,15354
ATQCUS0988,8100
ATQCUS0989,19282
ATQCUS0990,12652
ATQCUS0991,9857
ATQCUS0992,12555
ATQCUS0993,12933
ATQCUS0994,12114
ATQCUS0995,11404
ATQCUS0996,14823
ATQCUS0997,14126
ATQCUS0998,9713
ATQCUS0999,14713
ATQCUS1000,9435
ATQCUS1001,9276
ATQCUS1002,12515
ATQCUS1003,23655
ATQCUS1004,12567
ATQCUS1005,13713
ATQCUS1006,7783
ATQCUS1007,19984
ATQCUS1008,9329
ATQCUS1009,12859
ATQCUS1010,10546
ATQCUS1011,6437
ATQCUS1012,14578
ATQCUS1013,13063
ATQCUS1014,19900
ATQCUS1015,16931
ATQCUS1016,15137
ATQCUS1017,14402
ATQCUS1018,11191
ATQCUS1019,10636
ATQCUS1020,10421
ATQCUS1021,9622
ATQCUS1022,10635
ATQCUS1023,11699
ATQCUS1024,12043
ATQCUS1025,11276
ATQCUS1026,9850
ATQCUS1027,11379
ATQCUS1028,10472
ATQCUS1029,13230
ATQCUS1030,11835
ATQCUS1031,4238
ATQCUS1032,7117
ATQCUS1033,12805
ATQCUS1034,9270
ATQCUS1035,13172
ATQCUS1036,10269
ATQCUS1037,12684
ATQCUS1038,7937
ATQCUS1039,11149
ATQCUS1040,9010
ATQCUS1041,7043
ATQCUS1042,8374
ATQCUS1043,6475
ATQCUS1044,9627
ATQCUS1045,11954
ATQCUS1046,12904
ATQCUS1047,10522
ATQCUS1048,12778
ATQCUS1049,12400
ATQCUS1050,10595
ATQCUS1051,10286
ATQCUS1052,5220
ATQCUS1053,9955
ATQCUS1054,8179
ATQCUS1055,8478
ATQCUS1056,9921
ATQCUS1057,9023
ATQCUS1058,11273
ATQCUS1059,5006
ATQCUS1060,13850
ATQCUS1061,12205
ATQCUS1062,13805
ATQCUS1063,10291
ATQCUS1064,11229
ATQCUS1065,9988
ATQCUS1066,17277
ATQCUS1067,11207
ATQCUS1068,23468
ATQCUS1069,11056
ATQCUS1070,17011
ATQCUS1071,19549
ATQCUS1072,29084
ATQCUS1073,14259
ATQCUS1074,18888
ATQCUS1075,16850
ATQCUS1076,18962
ATQCUS1077,16434
ATQCUS1078,24836
ATQCUS1079,24231
ATQCUS1080,9835
ATQCUS1081,8893
ATQCUS1082,15024
ATQCUS1083,10102
ATQCUS1084,15984
ATQCUS1085,27764
ATQCUS1086,16202
ATQCUS1087,24640
ATQCUS1088,15012
ATQCUS1089,16511
ATQCUS1090,12394
ATQCUS1091,17381
ATQCUS1092,17753
ATQCUS1093,16329
ATQCUS1094,13388
ATQCUS1095,8026
ATQCUS1096,23099
ATQCUS1097,19542
ATQCUS1098,9191
ATQCUS1099,23032
ATQCUS1100,18877
ATQCUS1101,19550
ATQCUS1102,20314
ATQCUS1103,19831
ATQCUS1104,24064
ATQCUS1105,17711
ATQCUS1106,14789
ATQCUS1107,8458
ATQCUS1108,6161
ATQCUS1109,13146
ATQCUS1110,7730
ATQCUS1111,10510
ATQCUS1112,10346
ATQCUS1113,10138
ATQCUS1114,8573
ATQCUS1115,5892
ATQCUS1116,6102
ATQCUS1117,6441
ATQCUS1118,6134
ATQCUS1119,7577
ATQCUS1120,12882
ATQCUS1121,6399
ATQCUS1122,15147
ATQCUS1123,11712
ATQCUS1124,7710
ATQCUS1125,8882
ATQCUS1126,10657
ATQCUS1127,10917
ATQCUS1128,8061
ATQCUS1129,9530
ATQCUS1130,11976
ATQCUS1131,14424
ATQCUS1132,10739
ATQCUS1133,7111
ATQCUS1134,10101
ATQCUS1135,8158
ATQCUS1136,8964
ATQCUS1137,12337
ATQCUS1138,12174
ATQCUS1139,10156
ATQCUS1140,12672
ATQCUS1141,12979
ATQCUS1142,13258
ATQCUS1143,13501
ATQCUS1144,11805
ATQCUS1145,14390
ATQCUS1146,10345
ATQCUS1147,18141
ATQCUS1148,18689
ATQCUS1149,12496
ATQCUS1150,14788
ATQCUS1151,20503
ATQCUS1152,19215
ATQCUS1153,4827
ATQCUS1154,17204
ATQCUS1155,11477
ATQCUS1156,15589
ATQCUS1157,7589
ATQCUS1158,8529
ATQCUS1159,16705
ATQCUS1160,10455
ATQCUS1161,10699
ATQCUS1162,17405
ATQCUS1163,12095
ATQCUS1164,3852
ATQCUS1165,8078
ATQCUS1166,5347
ATQCUS1167,6120
ATQCUS1168,6137
ATQCUS1169,12295
ATQCUS1170,4631
ATQCUS1171,6677
ATQCUS1172,12187
ATQCUS1173,4182
ATQCUS1174,5499
ATQCUS1175,10225
ATQCUS1176,5230
ATQCUS1177,12301
ATQCUS1178,6664
ATQCUS1179,12519
ATQCUS1180,9885
ATQCUS1181,6095
ATQCUS1182,9312
ATQCUS1183,5071
ATQCUS1184,9326
ATQCUS1185,7289
ATQCUS1186,9060
ATQCUS1187,13549
ATQCUS1188,6616
ATQCUS1189,9496
ATQCUS1190,7912
ATQCUS1191,7092
ATQCUS1192,10079
ATQCUS1193,8921
ATQCUS1194,6900
ATQCUS1195,7200
ATQCUS1196,6232
ATQCUS1197,12777
ATQCUS1198,9673
ATQCUS1199,7173
ATQCUS1200,6368
ATQCUS1201,7330
ATQCUS1202,6758
ATQCUS1203,10911
ATQCUS1204,6587
ATQCUS1205,9855
ATQCUS1206,9965
ATQCUS1207,8351
ATQCUS1208,5464
ATQCUS1209,10255
ATQCUS1210,6376
ATQCUS1211,6059
ATQCUS1212,10744
ATQCUS1213,21560
ATQCUS1214,15511
ATQCUS1215,11447
ATQCUS1216,16089
ATQCUS1217,13230
ATQCUS1218,13337
ATQCUS1219,7756
ATQCUS1220,16664
ATQCUS1221,25812
ATQCUS1222,14487
ATQCUS1223,13491
ATQCUS1224,18909
ATQCUS1225,13922
ATQCUS1226,21277
ATQCUS1227,29469
ATQCUS1228,15906
ATQCUS1229,11771
ATQCUS1230,21826
ATQCUS1231,22276
ATQCUS1232,20858
ATQCUS1233,9040
ATQCUS1234,15563
ATQCUS1235,11418
ATQCUS1236,11785
ATQCUS1237,16675
ATQCUS1238,13295
ATQCUS1239,18844
ATQCUS1240,18577
ATQCUS1241,11390
ATQCUS1242,16260
ATQCUS1243,16567
ATQCUS1244,22687
ATQCUS1245,17298
ATQCUS1246,19625
ATQCUS1247,20412
ATQCUS1248,19243
ATQCUS1249,17245
ATQCUS1250,7665
ATQCUS1251,11030
ATQCUS1252,15319
ATQCUS1253,4923
ATQCUS1254,10091
ATQCUS1255,12022
ATQCUS1256,13725
ATQCUS1257,11353
ATQCUS1258,5770
ATQCUS1259,7423
ATQCUS1260,6978
ATQCUS1261,8487
ATQCUS1262,10929
ATQCUS1263,8095
ATQCUS1264,14346
ATQCUS1265,8443
ATQCUS1266,5941
ATQCUS1267,9459
ATQCUS1268,5774
ATQCUS1269,7828
ATQCUS1270,10031
ATQCUS1271,5692
ATQCUS1272,14734
ATQCUS1273,9182
ATQCUS1274,4616
ATQCUS1275,12907
ATQCUS1276,18222
ATQCUS1277,8560
ATQCUS1278,7809
ATQCUS1279,9050
ATQCUS1280,6993
ATQCUS1281,12238
ATQCUS1282,10893
ATQCUS1283,17004
ATQCUS1284,14413
ATQCUS1285,17101
ATQCUS1286,7068
ATQCUS1287,6349
ATQCUS1288,10216
ATQCUS1289,9540
ATQCUS1290,5902
ATQCUS1291,12533
ATQCUS1292,6543
ATQCUS1293,9463
ATQCUS1294,8480
ATQCUS1295,9811
ATQCUS1296,7697
ATQCUS1297,7277
ATQCUS1298,6979
ATQCUS1299,7048
ATQCUS1300,7674
ATQCUS1301,10624
ATQCUS1302,11370
ATQCUS1303,6762
ATQCUS1304,8863
ATQCUS1305,9675
ATQCUS1306,9926
ATQCUS1307,4239
ATQCUS1308,6306
ATQCUS1309,7424
ATQCUS1310,6559
ATQCUS1311,6268
ATQCUS1312,11195
ATQCUS1313,5383
ATQCUS1314,7519
ATQCUS1315,7381
ATQCUS1316,10013
ATQCUS1317,5394
ATQCUS1318,7455
ATQCUS1319,7416
ATQCUS1320,11065
ATQCUS1321,10477
ATQCUS1322,4298
ATQCUS1323,5623
ATQCUS1324,7534
ATQCUS1325,6540
ATQCUS1326,5181
ATQCUS1327,6898
ATQCUS1328,11444
ATQCUS1329,7806
ATQCUS1330,9976
ATQCUS1331,8532
ATQCUS1332,5488
ATQCUS1333,8953
ATQCUS1334,12875
ATQCUS1335,6891
ATQCUS1336,6879
ATQCUS1337,7772
ATQCUS1338,8979
ATQCUS1339,7544
ATQCUS1340,8900
ATQCUS1341,12430
ATQCUS1342,7595
ATQCUS1343,11558
ATQCUS1344,9630
ATQCUS1345,11778
ATQCUS1346,11759
ATQCUS1347,5550
ATQCUS1348,13026
ATQCUS1349,14904
ATQCUS1350,12599
ATQCUS1351,12129
ATQCUS1352,10462
ATQCUS1353,15911
ATQCUS1354,15157
ATQCUS1355,10967
ATQCUS1356,11226
ATQCUS1357,9496
ATQCUS1358,19094
ATQCUS1359,12951
ATQCUS1360,9071
ATQCUS1361,10035
ATQCUS1362,12526
ATQCUS1363,9772
ATQCUS1364,10386
ATQCUS1365,9046
ATQCUS1366,10378
ATQCUS1367,14572
ATQCUS1368,12924
ATQCUS1369,9794
ATQCUS1370,17240
ATQCUS1371,9463
ATQCUS1372,16474
ATQCUS1373,8648
ATQCUS1374,10610
ATQCUS1375,10160
ATQCUS1376,13077
ATQCUS1377,6310
ATQCUS1378,10363
ATQCUS1379,11775
ATQCUS1380,16368
ATQCUS1381,10083
ATQCUS1382,15314
ATQCUS1383,9111
ATQCUS1384,11630
ATQCUS1385,14247
ATQCUS1386,13068
ATQCUS1387,9101
ATQCUS1388,7315
ATQCUS1389,10859
ATQCUS1390,16717
ATQCUS1391,11149
ATQCUS1392,17090
ATQCUS1393,5578
ATQCUS1394,7706
ATQCUS1395,7077
ATQCUS1396,5013
ATQCUS1397,4328
ATQCUS1398,5798
ATQCUS1399,6168
ATQCUS1400,6300
ATQCUS1401,2679
ATQCUS1402,8804
ATQCUS1403,6485
ATQCUS1404,5927
ATQCUS1405,5010
ATQCUS1406,6036
ATQCUS1407,5410
ATQCUS1408,5324
ATQCUS1409,6224
ATQCUS1410,6464
ATQCUS1411,5831
ATQCUS1412,6549
ATQCUS1413,5512
ATQCUS1414,5250
ATQCUS1415,7799
ATQCUS1416,4517
ATQCUS1417,3079
ATQCUS1418,8877
ATQCUS1419,5157
ATQCUS1420,6121
ATQCUS1421,6897
ATQCUS1422,5740
ATQCUS1423,4375
ATQCUS1424,4191
ATQCUS1425,6333
ATQCUS1426,4886
ATQCUS1427,5221
ATQCUS1428,4874
ATQCUS1429,1924
ATQCUS1430,3839
ATQCUS1431,6787
ATQCUS1432,4377
ATQCUS1433,5742
ATQCUS1434,3990
ATQCUS1435,6291
ATQCUS1436,5259
ATQCUS1437,7245
ATQCUS1438,8076
ATQCUS1439,9370
ATQCUS1440,5269
ATQCUS1441,6017
ATQCUS1442,11839
ATQCUS1443,8519
ATQCUS1444,9478
ATQCUS1445,9272
ATQCUS1446,4494
ATQCUS1447,8883
ATQCUS1448,8140
ATQCUS1449,5389
ATQCUS1450,6864
ATQCUS1451,9330
ATQCUS1452,6592
ATQCUS1453,7036
ATQCUS1454,8327
ATQCUS1455,9737
ATQCUS1456,9546
ATQCUS1457,7153
ATQCUS1458,6381
ATQCUS1459,6556
ATQCUS1460,4073
ATQCUS1461,7138
ATQCUS1462,6352
ATQCUS1463,6799
ATQCUS1464,5020
ATQCUS1465,6497
ATQCUS1466,6426
ATQCUS1467,4698
ATQCUS1468,4726
ATQCUS1469,3507
ATQCUS1470,4637
ATQCUS1471,8867
ATQCUS1472,4063
ATQCUS1473,6207
ATQCUS1474,10154
ATQCUS1475,4560
ATQCUS1476,6319
ATQCUS1477,6935
ATQCUS1478,7243
ATQCUS1479,5840
ATQCUS1480,6867
ATQCUS1481,7553
ATQCUS1482,6321
ATQCUS1483,6657
ATQCUS1484,5237
ATQCUS1485,6208
ATQCUS1486,9077
ATQCUS1487,8380
ATQCUS1488,5309
ATQCUS1489,6240
ATQCUS1490,5889
ATQCUS1491,6995
ATQCUS1492,4348
ATQCUS1493,7122
ATQCUS1494,6722
ATQCUS1495,3574
ATQCUS1496,6450
ATQCUS1497,5446
ATQCUS1498,9448
ATQCUS1499,6403
ATQCUS1500,4369
ATQCUS1501,5286
ATQCUS1502,4720
ATQCUS1503,6963
ATQCUS1504,3272
ATQCUS1505,4998
ATQCUS1506,4190
ATQCUS1507,5838
ATQCUS1508,6586
ATQCUS1509,5350
ATQCUS1510,5208
ATQCUS1511,6030
ATQCUS1512,4610
ATQCUS1513,8398
ATQCUS1514,6907
ATQCUS1515,6981
ATQCUS1516,6735
ATQCUS1517,3523
ATQCUS1518,5424
ATQCUS1519,7772
ATQCUS1520,8661
ATQCUS1521,11138
ATQCUS1522,14568
ATQCUS1523,13179
ATQCUS1524,14466
ATQCUS1525,13065
ATQCUS1526,13529
ATQCUS1527,16593
ATQCUS1528,12992
ATQCUS1529,15403
ATQCUS1530,11579
ATQCUS1531,16926
ATQCUS1532,12407
ATQCUS1533,12555
ATQCUS1534,18719
ATQCUS1535,11634
ATQCUS1536,12159
ATQCUS1537,17759
ATQCUS1538,12737
ATQCUS1539,14417
ATQCUS1540,16592
ATQCUS1541,8224
ATQCUS1542,17297
ATQCUS1543,16740
ATQCUS1544,11787
ATQCUS1545,24659
ATQCUS1546,13796
ATQCUS1547,17913
ATQCUS1548,18281
ATQCUS1549,22027
ATQCUS1550,9205
ATQCUS1551,9113
ATQCUS1552,10769
ATQCUS1553,5718
ATQCUS1554,7905
ATQCUS1555,4616
ATQCUS1556,6452
ATQCUS1557,7462
ATQCUS1558,6070
ATQCUS1559,4951
ATQCUS1560,6869
ATQCUS1561,3063
ATQCUS1562,6858
ATQCUS1563,7810
ATQCUS1564,8364
ATQCUS1565,8456
ATQCUS1566,4966
ATQCUS1567,9773
ATQCUS1568,5743
ATQCUS1569,6542
ATQCUS1570,6746
ATQCUS1571,6823
ATQCUS1572,10574
ATQCUS1573,5610
ATQCUS1574,6434
ATQCUS1575,3103
ATQCUS1576,5920
ATQCUS1577,4974
ATQCUS1578,5989
ATQCUS1579,7970
ATQCUS1580,7926
ATQCUS1581,6119
ATQCUS1582,5602
ATQCUS1583,8037
ATQCUS1584,11195
ATQCUS1585,11878
ATQCUS1586,11699
ATQCUS1587,6570
ATQCUS1588,12911
ATQCUS1589,8749
ATQCUS1590,8135
ATQCUS1591,6626
ATQCUS1592,9852
ATQCUS1593,5041
ATQCUS1594,8264
ATQCUS1595,11527
ATQCUS1596,8993
ATQCUS1597,8386
ATQCUS1598,5858
ATQCUS1599,4188
ATQCUS1600,5768
ATQCUS1601,5206
ATQCUS1602,8176
ATQCUS1603,7242
ATQCUS1604,6491
ATQCUS1605,7962
ATQCUS1606,5120
ATQCUS1607,4444
ATQCUS1608,6343
ATQCUS1609,5714
ATQCUS1610,8678
ATQCUS1611,8293
ATQCUS1612,5352
ATQCUS1613,7736
ATQCUS1614,6149
ATQCUS1615,5495
ATQCUS1616,6558
ATQCUS1617,6443
ATQCUS1618,5718
ATQCUS1619,5609
ATQCUS1620,8608
ATQCUS1621,5432
ATQCUS1622,7485
ATQCUS1623,6984
ATQCUS1624,8059
ATQCUS1625,5737
ATQCUS1626,5296
ATQCUS1627,6500
ATQCUS1628,5770
ATQCUS1629,8030
ATQCUS1630,4235
ATQCUS1631,5670
ATQCUS1632,5516
ATQCUS1633,8447
ATQCUS1634,7384
ATQCUS1635,8204
ATQCUS1636,8080
ATQCUS1637,8586
ATQCUS1638,6518
ATQCUS1639,7432
ATQCUS1640,4921
ATQCUS1641,2599
ATQCUS1642,8025
ATQCUS1643,7448
ATQCUS1644,9266
ATQCUS1645,6868
ATQCUS1646,8177
ATQCUS1647,7691
ATQCUS1648,5431
ATQCUS1649,12298
ATQCUS1650,18337
ATQCUS1651,21777
ATQCUS1652,16827
ATQCUS1653,19160
ATQCUS1654,12464
ATQCUS1655,18557
ATQCUS1656,14188
ATQCUS1657,18345
ATQCUS1658,23038
ATQCUS1659,17319
ATQCUS1660,20310
ATQCUS1661,11733
ATQCUS1662,15475
ATQCUS1663,15481
ATQCUS1664,20630
ATQCUS1665,22507
ATQCUS1666,20731
ATQCUS1667,18676
ATQCUS1668,26083
ATQCUS1669,6692
ATQCUS1670,7672
ATQCUS1671,11133
ATQCUS1672,8567
ATQCUS1673,8925
ATQCUS1674,7744
ATQCUS1675,5499
ATQCUS1676,12510
ATQCUS1677,11601
ATQCUS1678,3381
ATQCUS1679,7024
ATQCUS1680,9956
ATQCUS1681,10258
ATQCUS1682,9651
ATQCUS1683,9222
ATQCUS1684,7956
ATQCUS1685,16726
ATQCUS1686,9711
ATQCUS1687,10777
ATQCUS1688,9500
ATQCUS1689,8187
ATQCUS1690,11365
ATQCUS1691,7695
ATQCUS1692,14089
ATQCUS1693,10078
ATQCUS1694,17940
ATQCUS1695,14575
ATQCUS1696,9954
ATQCUS1697,8763
ATQCUS1698,15682
ATQCUS1699,14328
ATQCUS1700,15366
ATQCUS1701,10390
ATQCUS1702,11156
ATQCUS1703,7244
ATQCUS1704,8469
ATQCUS1705,9668
ATQCUS1706,12811
ATQCUS1707,10652
ATQCUS1708,8410
ATQCUS1709,11977
ATQCUS1710,11054
ATQCUS1711,6345
ATQCUS1712,11570
ATQCUS1713,12405
ATQCUS1714,8712
ATQCUS1715,11814
ATQCUS1716,6533
ATQCUS1717,10200
ATQCUS1718,7159
ATQCUS1719,8096
ATQCUS1720,9105
ATQCUS1721,8857
ATQCUS1722,5804
ATQCUS1723,9804
ATQCUS1724,6790
ATQCUS1725,6955
ATQCUS1726,9036
ATQCUS1727,6326
ATQCUS1728,6951
ATQCUS1729,10638
ATQCUS1730,10716
ATQCUS1731,5416
ATQCUS1732,5773
ATQCUS1733,4283
ATQCUS1734,7146
ATQCUS1735,9464
ATQCUS1736,6621
ATQCUS1737,4050
ATQCUS1738,5974
ATQCUS1739,7497
ATQCUS1740,6344
ATQCUS1741,7481
ATQCUS1742,8675
ATQCUS1743,8232
ATQCUS1744,5462
ATQCUS1745,6151
ATQCUS1746,10386
ATQCUS1747,12756
ATQCUS1748,12369
ATQCUS1749,11916
ATQCUS1750,7623
ATQCUS1751,9898
ATQCUS1752,12534
ATQCUS1753,17056
ATQCUS1754,13135
ATQCUS1755,16341
ATQCUS1756,14293
ATQCUS1757,8259
ATQCUS1758,16258
ATQCUS1759,10147
ATQCUS1760,19100
ATQCUS1761,15321
ATQCUS1762,22521
ATQCUS1763,7641
ATQCUS1764,7914
ATQCUS1765,7993
ATQCUS1766,7408
ATQCUS1767,10637
ATQCUS1768,8948
ATQCUS1769,5827
ATQCUS1770,5732
ATQCUS1771,5751
ATQCUS1772,4352
ATQCUS1773,10984
ATQCUS1774,7510
ATQCUS1775,6446
ATQCUS1776,8159
ATQCUS1777,9627
ATQCUS1778,12460
ATQCUS1779,10676
ATQCUS1780,10734
ATQCUS1781,7710
ATQCUS1782,13088
ATQCUS1783,11897
ATQCUS1784,9271
ATQCUS1785,12250
ATQCUS1786,12670
ATQCUS1787,9686
ATQCUS1788,9393
ATQCUS1789,13155
ATQCUS1790,8373
ATQCUS1791,9036
ATQCUS1792,10328
ATQCUS1793,6876
ATQCUS1794,7972
ATQCUS1795,6497
ATQCUS1796,3703
ATQCUS1797,6115
ATQCUS1798,6772
ATQCUS1799,10580
ATQCUS1800,8285
ATQCUS1801,4956
ATQCUS1802,7280
ATQCUS1803,6035
ATQCUS1804,8530
ATQCUS1805,6589
ATQCUS1806,4697
ATQCUS1807,6615
ATQCUS1808,7361
ATQCUS1809,8955
ATQCUS1810,8019
ATQCUS1811,7937
ATQCUS1812,17683
ATQCUS1813,8298
ATQCUS1814,14300
ATQCUS1815,15557
ATQCUS1816,10711
ATQCUS1817,14858
ATQCUS1818,9601
ATQCUS1819,6640
ATQCUS1820,18210
ATQCUS1821,11708
ATQCUS1822,12729
ATQCUS1823,11508
ATQCUS1824,17748
ATQCUS1825,14685
ATQCUS1826,12247
ATQCUS1827,8933
ATQCUS1828,12467
ATQCUS1829,11306
ATQCUS1830,11478
ATQCUS1831,6718
ATQCUS1832,4584
ATQCUS1833,7142
ATQCUS1834,9181
ATQCUS1835,6835
ATQCUS1836,6397
ATQCUS1837,6621
ATQCUS1838,8294
ATQCUS1839,7151
ATQCUS1840,9341
ATQCUS1841,5322
ATQCUS1842,7374
ATQCUS1843,6766
ATQCUS1844,7392
ATQCUS1845,5160
ATQCUS1846,8331
ATQCUS1847,13224
ATQCUS1848,7881
ATQCUS1849,8087
ATQCUS1850,6649
ATQCUS1851,10094
ATQCUS1852,8556
ATQCUS1853,11576
ATQCUS1854,6706
ATQCUS1855,11398
ATQCUS1856,7187
ATQCUS1857,8867
ATQCUS1858,6682
ATQCUS1859,12964
ATQCUS1860,12025
ATQCUS1861,8028
ATQCUS1862,7120
ATQCUS1863,4786
ATQCUS1864,8755
ATQCUS1865,11025
ATQCUS1866,8082
ATQCUS1867,12141
ATQCUS1868,8592
ATQCUS1869,10745
ATQCUS1870,8312
ATQCUS1871,9890
ATQCUS1872,8930
ATQCUS1873,8048
ATQCUS1874,11749
ATQCUS1875,4849
ATQCUS1876,7927
ATQCUS1877,5066
ATQCUS1878,3517
ATQCUS1879,9026
ATQCUS1880,8200
ATQCUS1881,4236
ATQCUS1882,8039
ATQCUS1883,4896
ATQCUS1884,9907
ATQCUS1885,8331
ATQCUS1886,8482
ATQCUS1887,8267
ATQCUS1888,4470
ATQCUS1889,8101
ATQCUS1890,3317
ATQCUS1891,7951
ATQCUS1892,9269
ATQCUS1893,6264
ATQCUS1894,5101
ATQCUS1895,8248
ATQCUS1896,4111
ATQCUS1897,6945
ATQCUS1898,6745
ATQCUS1899,6897
ATQCUS1900,6146
ATQCUS1901,6830
ATQCUS1902,8510
ATQCUS1903,10598
ATQCUS1904,5170
ATQCUS1905,9194
ATQCUS1906,9439
ATQCUS1907,6246
ATQCUS1908,9960
ATQCUS1909,8768
ATQCUS1910,9424
ATQCUS1911,10080
ATQCUS1912,10547
ATQCUS1913,12365
ATQCUS1914,11746
ATQCUS1915,11657
ATQCUS1916,2870
ATQCUS1917,5159
ATQCUS1918,5700
ATQCUS1919,5646
ATQCUS1920,6345
ATQCUS1921,6264
ATQCUS1922,4939
ATQCUS1923,3612
ATQCUS1924,4651
ATQCUS1925,4102
ATQCUS1926,5323
ATQCUS1927,9066
ATQCUS1928,6198
ATQCUS1929,6925
ATQCUS1930,7012
ATQCUS1931,6770
ATQCUS1932,7416
ATQCUS1933,5728
ATQCUS1934,8542
ATQCUS1935,9158
ATQCUS1936,4371
ATQCUS1937,7235
ATQCUS1938,8339
ATQCUS1939,9205
ATQCUS1940,5794
ATQCUS1941,2409
ATQCUS1942,5052
ATQCUS1943,3450
ATQCUS1944,5555
ATQCUS1945,5699
ATQCUS1946,6982
ATQCUS1947,3785
ATQCUS1948,5575
ATQCUS1949,5373
ATQCUS1950,4748
ATQCUS1951,3910
ATQCUS1952,3751
ATQCUS1953,6389
ATQCUS1954,14245
ATQCUS1955,11877
ATQCUS1956,12343
ATQCUS1957,7346
ATQCUS1958,11485
ATQCUS1959,5474
ATQCUS1960,8672
ATQCUS1961,17165
ATQCUS1962,9663
ATQCUS1963,13186
ATQCUS1964,8755
ATQCUS1965,4904
ATQCUS1966,3363
ATQCUS1967,9013
ATQCUS1968,5259
ATQCUS1969,6772
ATQCUS1970,8911
ATQCUS1971,9270
ATQCUS1972,4935
ATQCUS1973,9277
ATQCUS1974,6376
ATQCUS1975,5812
ATQCUS1976,4296
ATQCUS1977,9463
ATQCUS1978,6206
ATQCUS1979,8343
ATQCUS1980,3697
ATQCUS1981,9743
ATQCUS1982,10839
ATQCUS1983,12590
ATQCUS1984,6288
ATQCUS1985,9102
ATQCUS1986,6075
ATQCUS1987,4741
ATQCUS1988,4991
ATQCUS1989,9196
ATQCUS1990,5724
ATQCUS1991,4616
ATQCUS1992,3915
ATQCUS1993,5423
ATQCUS1994,6351
ATQCUS1995,5082
ATQCUS1996,4464
ATQCUS1997,6517
ATQCUS1998,4955
ATQCUS1999,6588
ATQCUS2000,5165
ATQCUS2001,9180
ATQCUS2002,7508
ATQCUS2003,7981
ATQCUS2004,7840
ATQCUS2005,14478
ATQCUS2006,14120
ATQCUS2007,6916
ATQCUS2008,7964
ATQCUS2009,13247
ATQCUS2010,11559
ATQCUS2011,11630
ATQCUS2012,11094
ATQCUS2013,10196
ATQCUS2014,4011
ATQCUS2015,6029
ATQCUS2016,5915
ATQCUS2017,6081
ATQCUS2018,3167
ATQCUS2019,2933
ATQCUS2020,5578
ATQCUS2021,6025
ATQCUS2022,4281
ATQCUS2023,4315
ATQCUS2024,5812
ATQCUS2025,5604
ATQCUS2026,3821
ATQCUS2027,3797
ATQCUS2028,9826
ATQCUS2029,7172
ATQCUS2030,6331
ATQCUS2031,13920
ATQCUS2032,14549
ATQCUS2033,13083
ATQCUS2034,8260
ATQCUS2035,3234
ATQCUS2036,3127
ATQCUS2037,4695
ATQCUS2038,6339
ATQCUS2039,3956
ATQCUS2040,4832
ATQCUS2041,4958
ATQCUS2042,5733
ATQCUS2043,14236
ATQCUS2044,5661
ATQCUS2045,5872
ATQCUS2046,2641
ATQCUS2047,8136
ATQCUS2048,4080
ATQCUS2049,5123
ATQCUS2050,5463
ATQCUS2051,5890
ATQCUS2052,4803
ATQCUS2053,2445
ATQCUS2054,5275
ATQCUS2055,4490
ATQCUS2056,8839
ATQCUS2057,4764
ATQCUS2058,4841
ATQCUS2059,5825
ATQCUS2060,3612
ATQCUS2061,2048
ATQCUS2062,3797
ATQCUS2063,2058
ATQCUS2064,4048
ATQCUS2065,2724
ATQCUS2066,2698
ATQCUS2067,3600
ATQCUS2068,7822
ATQCUS2069,6429
ATQCUS2070,5404
ATQCUS2071,6542
ATQCUS2072,4790
ATQCUS2073,8146
ATQCUS2074,4073
ATQCUS2075,3912
ATQCUS2076,4030
ATQCUS2077,3106
ATQCUS2078,4706
ATQCUS2079,11224
ATQCUS2080,10675
ATQCUS2081,13367
ATQCUS2082,16543
ATQCUS2083,17827
ATQCUS2084,12030
ATQCUS2085,16409
ATQCUS2086,21049
ATQCUS2087,15163
ATQCUS2088,16444
ATQCUS2089,12930
ATQCUS2090,16079
ATQCUS2091,14009
ATQCUS2092,11635
ATQCUS2093,23427
ATQCUS2094,15131
ATQCUS2095,11953
ATQCUS2096,12820
ATQCUS2097,15705
ATQCUS2098,19480
ATQCUS2099,23887
ATQCUS2100,11244
ATQCUS2101,18422
ATQCUS2102,18747
ATQCUS2103,15540
ATQCUS2104,14156
ATQCUS2105,19995
ATQCUS2106,12269
ATQCUS2107,14475
ATQCUS2108,17609
ATQCUS2109,13432
ATQCUS2110,17949
ATQCUS2111,14221
ATQCUS2112,18952
ATQCUS2113,19224
ATQCUS2114,16033
ATQCUS2115,12513
ATQCUS2116,9421
ATQCUS2117,7843
ATQCUS2118,4393
ATQCUS2119,8234
ATQCUS2120,7899
ATQCUS2121,8130
ATQCUS2122,7378
ATQCUS2123,6267
ATQCUS2124,7143
ATQCUS2125,10533
ATQCUS2126,10086
ATQCUS2127,11358
ATQCUS2128,8079
ATQCUS2129,8511
ATQCUS2130,5973
ATQCUS2131,6290
ATQCUS2132,11240
ATQCUS2133,4056
ATQCUS2134,10310
ATQCUS2135,8750
ATQCUS2136,11297
ATQCUS2137,7852
ATQCUS2138,5709
ATQCUS2139,8282
ATQCUS2140,7424
ATQCUS2141,8327
ATQCUS2142,9520
ATQCUS2143,10891
ATQCUS2144,12684
ATQCUS2145,9781
ATQCUS2146,6896
ATQCUS2147,11679
ATQCUS2148,14653
ATQCUS2149,4721
ATQCUS2150,9334
ATQCUS2151,7140
ATQCUS2152,6480
ATQCUS2153,9484
ATQCUS2154,7212
ATQCUS2155,4339
ATQCUS2156,8123
ATQCUS2157,6993
ATQCUS2158,6838
ATQCUS2159,7736
ATQCUS2160,6303
ATQCUS2161,7558
ATQCUS2162,11291
ATQCUS2163,6215
ATQCUS2164,6539
ATQCUS2165,6369
ATQCUS2166,6034
ATQCUS2167,5917
ATQCUS2168,7377
ATQCUS2169,11233
ATQCUS2170,8142
ATQCUS2171,8252
ATQCUS2172,7611
ATQCUS2173,6219
ATQCUS2174,6538
ATQCUS2175,5974
ATQCUS2176,7702
ATQCUS2177,6362
ATQCUS2178,7104
ATQCUS2179,6644
ATQCUS2180,6234
ATQCUS2181,12615
ATQCUS2182,8167
ATQCUS2183,8316
ATQCUS2184,16313
ATQCUS2185,12093
ATQCUS2186,10172
ATQCUS2187,14429
ATQCUS2188,17838
ATQCUS2189,13205
ATQCUS2190,17192
ATQCUS2191,12390
ATQCUS2192,21100
ATQCUS2193,12234
ATQCUS2194,16775
ATQCUS2195,15437
ATQCUS2196,12335
ATQCUS2197,8674
ATQCUS2198,11230
ATQCUS2199,21621
ATQCUS2200,9730
ATQCUS2201,14476
ATQCUS2202,15008
ATQCUS2203,14025
ATQCUS2204,12818
ATQCUS2205,10380
ATQCUS2206,11645
ATQCUS2207,12803
ATQCUS2208,9842
ATQCUS2209,12209
ATQCUS2210,10659
ATQCUS2211,10040
ATQCUS2212,19616
ATQCUS2213,16763
ATQCUS2214,7610
ATQCUS2215,15523
ATQCUS2216,20674
ATQCUS2217,21185
ATQCUS2218,16880
ATQCUS2219,19975
ATQCUS2220,11979
ATQCUS2221,17901
ATQCUS2222,8011
ATQCUS2223,11450
ATQCUS2224,6682
ATQCUS2225,6947
ATQCUS2226,6243
ATQCUS2227,9839
ATQCUS2228,6367
ATQCUS2229,6327
ATQCUS2230,9794
ATQCUS2231,6900
ATQCUS2232,7181
ATQCUS2233,9459
ATQCUS2234,8558
ATQCUS2235,7995
ATQCUS2236,7434
ATQCUS2237,6467
ATQCUS2238,6203
ATQCUS2239,9943
ATQCUS2240,8551
ATQCUS2241,11340
ATQCUS2242,9127
ATQCUS2243,8866
ATQCUS2244,10536
ATQCUS2245,4604
ATQCUS2246,7536
ATQCUS2247,10281
ATQCUS2248,7679
ATQCUS2249,11852
ATQCUS2250,8142
ATQCUS2251,5527
ATQCUS2252,6492
ATQCUS2253,5250
ATQCUS2254,5307
ATQCUS2255,9955
ATQCUS2256,4828
ATQCUS2257,9631
ATQCUS2258,5633
ATQCUS2259,5970
ATQCUS2260,5921
ATQCUS2261,8410
ATQCUS2262,10535
ATQCUS2263,3746
ATQCUS2264,3513
ATQCUS2265,5491
ATQCUS2266,7853
ATQCUS2267,5264
ATQCUS2268,5532
ATQCUS2269,6440
ATQCUS2270,6401
ATQCUS2271,7183
ATQCUS2272,8984
ATQCUS2273,12005
ATQCUS2274,20636
ATQCUS2275,11861
ATQCUS2276,16777
ATQCUS2277,13720
ATQCUS2278,16744
ATQCUS2279,9857
ATQCUS2280,12441
ATQCUS2281,7765
ATQCUS2282,12007
ATQCUS2283,11551
ATQCUS2284,18934
ATQCUS2285,8350
ATQCUS2286,11789
ATQCUS2287,11775
ATQCUS2288,8767
ATQCUS2289,17903
ATQCUS2290,5305
ATQCUS2291,14539
ATQCUS2292,14592
ATQCUS2293,9940
ATQCUS2294,13789
ATQCUS2295,14180
ATQCUS2296,10235
ATQCUS2297,19152
ATQCUS2298,14681
ATQCUS2299,7740
ATQCUS2300,4138
ATQCUS2301,6501
ATQCUS2302,7143
ATQCUS2303,5411
ATQCUS2304,4929
ATQCUS2305,5404
ATQCUS2306,6502
ATQCUS2307,7928
ATQCUS2308,4581
ATQCUS2309,5468
ATQCUS2310,4921
ATQCUS2311,5873
ATQCUS2312,4358
ATQCUS2313,3221
ATQCUS2314,6144
ATQCUS2315,8878
ATQCUS2316,9708
ATQCUS2317,9310
ATQCUS2318,8248
ATQCUS2319,8239
ATQCUS2320,5526
ATQCUS2321,10530
ATQCUS2322,10987
ATQCUS2323,8814
ATQCUS2324,7726
ATQCUS2325,6619
ATQCUS2326,3705
ATQCUS2327,5655
ATQCUS2328,7956
ATQCUS2329,4761
ATQCUS2330,5007
ATQCUS2331,8064
ATQCUS2332,6511
ATQCUS2333,6003
ATQCUS2334,6149
ATQCUS2335,9283
ATQCUS2336,8769
ATQCUS2337,7102
ATQCUS2338,4483
ATQCUS2339,4368
ATQCUS2340,3343
ATQCUS2341,8648
ATQCUS2342,5547
ATQCUS2343,3959
ATQCUS2344,4636
ATQCUS2345,7017
ATQCUS2346,4572
ATQCUS2347,5257
ATQCUS2348,4670
ATQCUS2349,4626
ATQCUS2350,8385
ATQCUS2351,5214
ATQCUS2352,9199
ATQCUS2353,4187
ATQCUS2354,10806
ATQCUS2355,5439
ATQCUS2356,9163
ATQCUS2357,4781
ATQCUS2358,9110
ATQCUS2359,7422
ATQCUS2360,7597
ATQCUS2361,9368
ATQCUS2362,8764
ATQCUS2363,8811
ATQCUS2364,12684
ATQCUS2365,4994
ATQCUS2366,9155
ATQCUS2367,8482
ATQCUS2368,5852
ATQCUS2369,11449
ATQCUS2370,13649
ATQCUS2371,9907
ATQCUS2372,6898
ATQCUS2373,7772
ATQCUS2374,7286
ATQCUS2375,8971
ATQCUS2376,7475
ATQCUS2377,7372
ATQCUS2378,8876
ATQCUS2379,11299
ATQCUS2380,11697
ATQCUS2381,10407
ATQCUS2382,10685
ATQCUS2383,8354
ATQCUS2384,6937
ATQCUS2385,7581
ATQCUS2386,14177
ATQCUS2387,6764
ATQCUS2388,10196
ATQCUS2389,11232
ATQCUS2390,2583
ATQCUS2391,6133
ATQCUS2392,5425
ATQCUS2393,2680
ATQCUS2394,4464
ATQCUS2395,3527
ATQCUS2396,4130
ATQCUS2397,7392
ATQCUS2398,5356
ATQCUS2399,2471
ATQCUS2400,4489
ATQCUS2401,6182
ATQCUS2402,3936
ATQCUS2403,5731
ATQCUS2404,9337
ATQCUS2405,3371
ATQCUS2406,5643
ATQCUS2407,3346
ATQCUS2408,4951
ATQCUS2409,2468
ATQCUS2410,6023
ATQCUS2411,4290
ATQCUS2412,3933
ATQCUS2413,4902
ATQCUS2414,4335
ATQCUS2415,4141
ATQCUS2416,5596
ATQCUS2417,5964
ATQCUS2418,2733
ATQCUS2419,6653
ATQCUS2420,6799
ATQCUS2421,5234
ATQCUS2422,4920
ATQCUS2423,4723
ATQCUS2424,4741
ATQCUS2425,5832
ATQCUS2426,6197
ATQCUS2427,7668
ATQCUS2428,5617
ATQCUS2429,4990
ATQCUS2430,4430
ATQCUS2431,6028
ATQCUS2432,3271
ATQCUS2433,4546
ATQCUS2434,3491
ATQCUS2435,3702
ATQCUS2436,2375
ATQCUS2437,2761
ATQCUS2438,3946
ATQCUS2439,7302
ATQCUS2440,4965
ATQCUS2441,2618
ATQCUS2442,4797
ATQCUS2443,4999
ATQCUS2444,4783
ATQCUS2445,4378
ATQCUS2446,3162
ATQCUS2447,5516
ATQCUS2448,3794
ATQCUS2449,3446
ATQCUS2450,3243
ATQCUS2451,5435
ATQCUS2452,3377
ATQCUS2453,4265
ATQCUS2454,2705
ATQCUS2455,4376
ATQCUS2456,4167
ATQCUS2457,14252
ATQCUS2458,9922
ATQCUS2459,9514
ATQCUS2460,15357
ATQCUS2461,7269
ATQCUS2462,7103
ATQCUS2463,8971
ATQCUS2464,10508
ATQCUS2465,8957
ATQCUS2466,9245
ATQCUS2467,7622
ATQCUS2468,12077
ATQCUS2469,8681
ATQCUS2470,9599
ATQCUS2471,13157
ATQCUS2472,10977
ATQCUS2473,7450
ATQCUS2474,12697
ATQCUS2475,6756
ATQCUS2476,5423
ATQCUS2477,13312
ATQCUS2478,11494
ATQCUS2479,5837
ATQCUS2480,11085
ATQCUS2481,13203
ATQCUS2482,6688
ATQCUS2483,3018
ATQCUS2484,6168
ATQCUS2485,4141
ATQCUS2486,6713
ATQCUS2487,6586
ATQCUS2488,7243
ATQCUS2489,5664
ATQCUS2490,5458
ATQCUS2491,1706
ATQCUS2492,6355
ATQCUS2493,4127
ATQCUS2494,6110
ATQCUS2495,5835
ATQCUS2496,8581
ATQCUS2497,4622
ATQCUS2498,6890
ATQCUS2499,7739
ATQCUS2500,5763
ATQCUS2501,8156
ATQCUS2502,9469
ATQCUS2503,4816
ATQCUS2504,7449
ATQCUS2505,4991
ATQCUS2506,6070
ATQCUS2507,4394
ATQCUS2508,4120
ATQCUS2509,6172
ATQCUS2510,5539
ATQCUS2511,5664
ATQCUS2512,4201
ATQCUS2513,3343
ATQCUS2514,3547
ATQCUS2515,6121
ATQCUS2516,3508
ATQCUS2517,6284
ATQCUS2518,8182
ATQCUS2519,5541
ATQCUS2520,5859
ATQCUS2521,4632
ATQCUS2522,3390
ATQCUS2523,13774
ATQCUS2524,10438
ATQCUS2525,17735
ATQCUS2526,16407
ATQCUS2527,18046
ATQCUS2528,8468
ATQCUS2529,18779
ATQCUS2530,11306
ATQCUS2531,19071
ATQCUS2532,12566
ATQCUS2533,11152
ATQCUS2534,18087
ATQCUS2535,15431
ATQCUS2536,11162
ATQCUS2537,16722
ATQCUS2538,16576
ATQCUS2539,9325
ATQCUS2540,16867
ATQCUS2541,11250
ATQCUS2542,14808
ATQCUS2543,19365
ATQCUS2544,16816
ATQCUS2545,15234
ATQCUS2546,17736
ATQCUS2547,16762
ATQCUS2548,14271
ATQCUS2549,14920
ATQCUS2550,15008
ATQCUS2551,19753
ATQCUS2552,9770
ATQCUS2553,17577
ATQCUS2554,16579
ATQCUS2555,21405
ATQCUS2556,17777
ATQCUS2557,16036
ATQCUS2558,17226
ATQCUS2559,22573
ATQCUS2560,22373
ATQCUS2561,16824
ATQCUS2562,15017
ATQCUS2563,19636
ATQCUS2564,15399
ATQCUS2565,17485
ATQCUS2566,14454
ATQCUS2567,20283
ATQCUS2568,15382
ATQCUS2569,8350
ATQCUS2570,19719
ATQCUS2571,15641
ATQCUS2572,22984
ATQCUS2573,12823
ATQCUS2574,20865
ATQCUS2575,16929
ATQCUS2576,16145
ATQCUS2577,12796
ATQCUS2578,5953
ATQCUS2579,8060
ATQCUS2580,10719
ATQCUS2581,5870
ATQCUS2582,6585
ATQCUS2583,13553
ATQCUS2584,12531
ATQCUS2585,10805
ATQCUS2586,7172
ATQCUS2587,8334
ATQCUS2588,6812
ATQCUS2589,11538
ATQCUS2590,4266
ATQCUS2591,7498
ATQCUS2592,9664
ATQCUS2593,6768
ATQCUS2594,5682
ATQCUS2595,9870
ATQCUS2596,16392
ATQCUS2597,8942
ATQCUS2598,11251
ATQCUS2599,8164
ATQCUS2600,8561
ATQCUS2601,8136
ATQCUS2602,9379
ATQCUS2603,7624
ATQCUS2604,7260
ATQCUS2605,6717
ATQCUS2606,8906
ATQCUS2607,13039
ATQCUS2608,7715
ATQCUS2609,8714
ATQCUS2610,15195
ATQCUS2611,10147
ATQCUS2612,11123
ATQCUS2613,9611
ATQCUS2614,8342
ATQCUS2615,7833
ATQCUS2616,7687
ATQCUS2617,7336
ATQCUS2618,9063
ATQCUS2619,8452
ATQCUS2620,13832
ATQCUS2621,9279
ATQCUS2622,8945
ATQCUS2623,8828
ATQCUS2624,12015
ATQCUS2625,5463
ATQCUS2626,5870
ATQCUS2627,11894
ATQCUS2628,8245
ATQCUS2629,5180
ATQCUS2630,6038
ATQCUS2631,7121
ATQCUS2632,9417
ATQCUS2633,9916
ATQCUS2634,12225
ATQCUS2635,21871
ATQCUS2636,9001
ATQCUS2637,19634
ATQCUS2638,17641
ATQCUS2639,21697
ATQCUS2640,13557
ATQCUS2641,16640
ATQCUS2642,13214
ATQCUS2643,16605
ATQCUS2644,18612
ATQCUS2645,11542
ATQCUS2646,16588
ATQCUS2647,15303
ATQCUS2648,18313
ATQCUS2649,15751
ATQCUS2650,15939
ATQCUS2651,13159
ATQCUS2652,16653
ATQCUS2653,11683
ATQCUS2654,19179
ATQCUS2655,23144
ATQCUS2656,16955
ATQCUS2657,24300
ATQCUS2658,14217
ATQCUS2659,9912
ATQCUS2660,20943
ATQCUS2661,15121
ATQCUS2662,12052
ATQCUS2663,7210
ATQCUS2664,7981
ATQCUS2665,13726
ATQCUS2666,7024
ATQCUS2667,8414
ATQCUS2668,8410
ATQCUS2669,6585
ATQCUS2670,8741
ATQCUS2671,10195
ATQCUS2672,5454
ATQCUS2673,4212
ATQCUS2674,7343
ATQCUS2675,6721
ATQCUS2676,7889
ATQCUS2677,6192
ATQCUS2678,9454
ATQCUS2679,5405
ATQCUS2680,5501
ATQCUS2681,7304
ATQCUS2682,9508
ATQCUS2683,8833
ATQCUS2684,6017
ATQCUS2685,8781
ATQCUS2686,6673
ATQCUS2687,8838
ATQCUS2688,9975
ATQCUS2689,11081
ATQCUS2690,11351
ATQCUS2691,6334
ATQCUS2692,6556
ATQCUS2693,6421
ATQCUS2694,6332
ATQCUS2695,6516
ATQCUS2696,8336
ATQCUS2697,5357
ATQCUS2698,3998
ATQCUS2699,8388
ATQCUS2700,7332
ATQCUS2701,6687
ATQCUS2702,8513
ATQCUS2703,5870
ATQCUS2704,5683
ATQCUS2705,11225
ATQCUS2706,4571
ATQCUS2707,10023
ATQCUS2708,10826
ATQCUS2709,7685
ATQCUS2710,3991
ATQCUS2711,7290
ATQCUS2712,13050
ATQCUS2713,14593
ATQCUS2714,15582
ATQCUS2715,20543
ATQCUS2716,14397
ATQCUS2717,11521
ATQCUS2718,14648
ATQCUS2719,17008
ATQCUS2720,12206
ATQCUS2721,12620
ATQCUS2722,17056
ATQCUS2723,9221
ATQCUS2724,12233
ATQCUS2725,12011
ATQCUS2726,14935
ATQCUS2727,10841
ATQCUS2728,16074
ATQCUS2729,10864
ATQCUS2730,16075
ATQCUS2731,13803
ATQCUS2732,11677
ATQCUS2733,17800
ATQCUS2734,11412
ATQCUS2735,10565
ATQCUS2736,16800
ATQCUS2737,11209
ATQCUS2738,19136
ATQCUS2739,16758
ATQCUS2740,8027
ATQCUS2741,5603
ATQCUS2742,6424
ATQCUS2743,7887
ATQCUS2744,8153
ATQCUS2745,5345
ATQCUS2746,8942
ATQCUS2747,6933
ATQCUS2748,8558
ATQCUS2749,10054
ATQCUS2750,6527
ATQCUS2751,4449
ATQCUS2752,4766
ATQCUS2753,7310
ATQCUS2754,3810
ATQCUS2755,5114
ATQCUS2756,10181
ATQCUS2757,11317
ATQCUS2758,10376
ATQCUS2759,13697
ATQCUS2760,8700
ATQCUS2761,6134
ATQCUS2762,6344
ATQCUS2763,3778
ATQCUS2764,3426
ATQCUS2765,8912
ATQCUS2766,5692
ATQCUS2767,8728
ATQCUS2768,6181
ATQCUS2769,14164
ATQCUS2770,7160
ATQCUS2771,8566
ATQCUS2772,5783
ATQCUS2773,5401
ATQCUS2774,7106
ATQCUS2775,10599
ATQCUS2776,9659
ATQCUS2777,5017
ATQCUS2778,5908
ATQCUS2779,4894
ATQCUS2780,10865
ATQCUS2781,13009
ATQCUS2782,5311
ATQCUS2783,7366
ATQCUS2784,11912
ATQCUS2785,7251
ATQCUS2786,8967
ATQCUS2787,11519
ATQCUS2788,11126
ATQCUS2789,6810
ATQCUS2790,11160
ATQCUS2791,4964
ATQCUS2792,11208
ATQCUS2793,16855
ATQCUS2794,11829
ATQCUS2795,9502
ATQCUS2796,3851
ATQCUS2797,9748
ATQCUS2798,5177
ATQCUS2799,11988
ATQCUS2800,15550
ATQCUS2801,8162
ATQCUS2802,12439
ATQCUS2803,10596
ATQCUS2804,5569
ATQCUS2805,14039
ATQCUS2806,7119
ATQCUS2807,9906
ATQCUS2808,10803
ATQCUS2809,9154
ATQCUS2810,8405
ATQCUS2811,6529
ATQCUS2812,14858
ATQCUS2813,12006
ATQCUS2814,12269
ATQCUS2815,6595
ATQCUS2816,7159
ATQCUS2817,8596
ATQCUS2818,8142
ATQCUS2819,7131
ATQCUS2820,4513
ATQCUS2821,4494
ATQCUS2822,5682
ATQCUS2823,6397
ATQCUS2824,3985
ATQCUS2825,5184
ATQCUS2826,4961
ATQCUS2827,5335
ATQCUS2828,5257
ATQCUS2829,4581
ATQCUS2830,4455
ATQCUS2831,5188
ATQCUS2832,5146
ATQCUS2833,4809
ATQCUS2834,3413
ATQCUS2835,4880
ATQCUS2836,6248
ATQCUS2837,5169
ATQCUS2838,4010
ATQCUS2839,6565
ATQCUS2840,6221
ATQCUS2841,5225
ATQCUS2842,6487
ATQCUS2843,6048
ATQCUS2844,5851
ATQCUS2845,6365
ATQCUS2846,5094
ATQCUS2847,6000
ATQCUS2848,4467
ATQCUS2849,1743
ATQCUS2850,2815
ATQCUS2851,7381
ATQCUS2852,6728
ATQCUS2853,5246
ATQCUS2854,8096
ATQCUS2855,6391
ATQCUS2856,5392
ATQCUS2857,6295
ATQCUS2858,8449
ATQCUS2859,4869
ATQCUS2860,6287
ATQCUS2861,4801
ATQCUS2862,3602
ATQCUS2863,2943
ATQCUS2864,6476
ATQCUS2865,3352
ATQCUS2866,5955
ATQCUS2867,4537
ATQCUS2868,6063
ATQCUS2869,3086
ATQCUS2870,4711
ATQCUS2871,4942
ATQCUS2872,3106
ATQCUS2873,4568
ATQCUS2874,4369
ATQCUS2875,5543
ATQCUS2876,4634
ATQCUS2877,2743
ATQCUS2878,3576
ATQCUS2879,4144
ATQCUS2880,5812
ATQCUS2881,7466
ATQCUS2882,6209
ATQCUS2883,6106
ATQCUS2884,6774
ATQCUS2885,3336
ATQCUS2886,4470
ATQCUS2887,3845
ATQCUS2888,9378
ATQCUS2889,13558
ATQCUS2890,10798
ATQCUS2891,12325
ATQCUS2892,11695
ATQCUS2893,18609
ATQCUS2894,8229
ATQCUS2895,9261
ATQCUS2896,12761
ATQCUS2897,9847
ATQCUS2898,14694
ATQCUS2899,12392
ATQCUS2900,14058
ATQCUS2901,12102
ATQCUS2902,11996
ATQCUS2903,15477
ATQCUS2904,4807
ATQCUS2905,11085
ATQCUS2906,13219
ATQCUS2907,8562
ATQCUS2908,11269
ATQCUS2909,15947
ATQCUS2910,8107
ATQCUS2911,11612
ATQCUS2912,10300
ATQCUS2913,12519
ATQCUS2914,13734
ATQCUS2915,9892
ATQCUS2916,10184
ATQCUS2917,3954
ATQCUS2918,6528
ATQCUS2919,5820
ATQCUS2920,6853
ATQCUS2921,7735
ATQCUS2922,5421
ATQCUS2923,5532
ATQCUS2924,4532
ATQCUS2925,4745
ATQCUS2926,5621
ATQCUS2927,4374
ATQCUS2928,7401
ATQCUS2929,5459
ATQCUS2930,6729
ATQCUS2931,6601
ATQCUS2932,5264
ATQCUS2933,7594
ATQCUS2934,4883
ATQCUS2935,6036
ATQCUS2936,4897
ATQCUS2937,10149
ATQCUS2938,10755
ATQCUS2939,4325
ATQCUS2940,8372
ATQCUS2941,4473
ATQCUS2942,6391
ATQCUS2943,3235
ATQCUS2944,5123
ATQCUS2945,6775
ATQCUS2946,6002
ATQCUS2947,7270
ATQCUS2948,2290
ATQCUS2949,5299
ATQCUS2950,4926
ATQCUS2951,5256
ATQCUS2952,3804
ATQCUS2953,4106
ATQCUS2954,5502
ATQCUS2955,6024
ATQCUS2956,6585
ATQCUS2957,3841
ATQCUS2958,7562
ATQCUS2959,6808
ATQCUS2960,5087
ATQCUS2961,4685
ATQCUS2962,17042
ATQCUS2963,10433
ATQCUS2964,13015
ATQCUS2965,17709
ATQCUS2966,12095
ATQCUS2967,10721
ATQCUS2968,12980
ATQCUS2969,12238
ATQCUS2970,21294
ATQCUS2971,10451
ATQCUS2972,9984
ATQCUS2973,17501
ATQCUS2974,18088
ATQCUS2975,11362
ATQCUS2976,9145
ATQCUS2977,11379
ATQCUS2978,9236
ATQCUS2979,9326
ATQCUS2980,6283
ATQCUS2981,6889
ATQCUS2982,5964
ATQCUS2983,4013
ATQCUS2984,6896
ATQCUS2985,6443
ATQCUS2986,5462
ATQCUS2987,5564
ATQCUS2988,8629
ATQCUS2989,7039
ATQCUS2990,14561
ATQCUS2991,8800
ATQCUS2992,10011
ATQCUS2993,8780
ATQCUS2994,7631
ATQCUS2995,11068
ATQCUS2996,10525
ATQCUS2997,9325
ATQCUS2998,11666
ATQCUS2999,10784
ATQCUS3000,3657
ATQCUS3001,8041
ATQCUS3002,3401
ATQCUS3003,4557
ATQCUS3004,8196
ATQCUS3005,7182
ATQCUS3006,6636
ATQCUS3007,7511
ATQCUS3008,6081
ATQCUS3009,6667
ATQCUS3010,6863
ATQCUS3011,8715
ATQCUS3012,12209
ATQCUS3013,14156
ATQCUS3014,13700
ATQCUS3015,12693
ATQCUS3016,8921
ATQCUS3017,12587
ATQCUS3018,13832
ATQCUS3019,8760
ATQCUS3020,13630
ATQCUS3021,11874
ATQCUS3022,17038
ATQCUS3023,4923
ATQCUS3024,6314
ATQCUS3025,4921
ATQCUS3026,6758
ATQCUS3027,5968
ATQCUS3028,7640
ATQCUS3029,6257
ATQCUS3030,2731
ATQCUS3031,6585
ATQCUS3032,9433
ATQCUS3033,6454
ATQCUS3034,9792
ATQCUS3035,12516
ATQCUS3036,5101
ATQCUS3037,8679
ATQCUS3038,8531
ATQCUS3039,6495
ATQCUS3040,4744
ATQCUS3041,9685
ATQCUS3042,5913
ATQCUS3043,6951
ATQCUS3044,12870
ATQCUS3045,12831
ATQCUS3046,12423
ATQCUS3047,14969
ATQCUS3048,9244
ATQCUS3049,14483
ATQCUS3050,10019
ATQCUS3051,13858
ATQCUS3052,8262
ATQCUS3053,14508
ATQCUS3054,12465
ATQCUS3055,15137
ATQCUS3056,13121
ATQCUS3057,6282
ATQCUS3058,6445
ATQCUS3059,12032
ATQCUS3060,5848
ATQCUS3061,4323
ATQCUS3062,3924
ATQCUS3063,3906
ATQCUS3064,6335
ATQCUS3065,4664
ATQCUS3066,7241
ATQCUS3067,6179
ATQCUS3068,4524
ATQCUS3069,10961
ATQCUS3070,5878
ATQCUS3071,7921
ATQCUS3072,13712
ATQCUS3073,6030
ATQCUS3074,6174
ATQCUS3075,11570
ATQCUS3076,10186
ATQCUS3077,7808
ATQCUS3078,3848
ATQCUS3079,6705
ATQCUS3080,2922
ATQCUS3081,9645
ATQCUS3082,3294
ATQCUS3083,5566
ATQCUS3084,8255
ATQCUS3085,4787
ATQCUS3086,4254
ATQCUS3087,7026
ATQCUS3088,11086
ATQCUS3089,8814
ATQCUS3090,7599
ATQCUS3091,10181
ATQCUS3092,7165
ATQCUS3093,4903
ATQCUS3094,8684
ATQCUS3095,9115
ATQCUS3096,6139
ATQCUS3097,8631
ATQCUS3098,8511
ATQCUS3099,7360
ATQCUS3100,2639
ATQCUS3101,4179
ATQCUS3102,5412
ATQCUS3103,4931
ATQCUS3104,3310
ATQCUS3105,2947
ATQCUS3106,4231
ATQCUS3107,4369
ATQCUS3108,5114
ATQCUS3109,4958
ATQCUS3110,5424
ATQCUS3111,4400
ATQCUS3112,3453
ATQCUS3113,2074
ATQCUS3114,4325
ATQCUS3115,14200
ATQCUS3116,6258
ATQCUS3117,10273
ATQCUS3118,5756
ATQCUS3119,8447
ATQCUS3120,10476
ATQCUS3121,8289
ATQCUS3122,11039
ATQCUS3123,8522
ATQCUS3124,3877
ATQCUS3125,5918
ATQCUS3126,4324
ATQCUS3127,6245
ATQCUS3128,3313
ATQCUS3129,878
ATQCUS3130,9940
ATQCUS3131,7321
ATQCUS3132,6823
ATQCUS3133,3438
ATQCUS3134,6722
ATQCUS3135,5713
ATQCUS3136,5974
ATQCUS3137,3338
ATQCUS3138,16550
ATQCUS3139,14423
ATQCUS3140,20261
ATQCUS3141,14260
ATQCUS3142,10204
ATQCUS3143,3689
ATQCUS3144,13173
ATQCUS3145,7111
ATQCUS3146,8751
ATQCUS3147,15713
ATQCUS3148,4938
ATQCUS3149,9726
ATQCUS3150,12253
ATQCUS3151,11642
ATQCUS3152,11230
ATQCUS3153,8928
ATQCUS3154,15237
ATQCUS3155,6139
ATQCUS3156,10720
ATQCUS3157,6328
ATQCUS3158,4191
ATQCUS3159,20036
ATQCUS3160,15173
ATQCUS3161,13256
ATQCUS3162,17410
ATQCUS3163,15822
ATQCUS3164,6152
ATQCUS3165,10090
ATQCUS3166,10331
ATQCUS3167,14783
ATQCUS3168,11489
ATQCUS3169,13080
ATQCUS3170,18567
ATQCUS3171,14824
ATQCUS3172,12954
ATQCUS3173,15793
ATQCUS3174,5708
ATQCUS3175,5608
ATQCUS3176,11944
ATQCUS3177,5504
ATQCUS3178,5064
ATQCUS3179,2981
ATQCUS3180,5206
ATQCUS3181,5714
ATQCUS3182,4502
ATQCUS3183,4075
ATQCUS3184,4263
ATQCUS3185,8115
ATQCUS3186,5424
ATQCUS3187,5442
ATQCUS3188,5604
ATQCUS3189,5913
ATQCUS3190,6537
ATQCUS3191,4228
ATQCUS3192,6245
ATQCUS3193,6985
ATQCUS3194,11159
ATQCUS3195,8162
ATQCUS3196,5196
ATQCUS3197,5541
ATQCUS3198,7872
ATQCUS3199,4817
ATQCUS3200,12101
ATQCUS3201,7451
ATQCUS3202,7825
ATQCUS3203,9769
ATQCUS3204,8725
ATQCUS3205,7200
ATQCUS3206,8444
ATQCUS3207,8475
ATQCUS3208,9347
ATQCUS3209,9267
ATQCUS3210,9851
ATQCUS3211,8603
ATQCUS3212,11556
ATQCUS3213,8208
ATQCUS3214,7615
ATQCUS3215,11934
ATQCUS3216,5693
ATQCUS3217,10866
ATQCUS3218,5475
ATQCUS3219,6759
ATQCUS3220,7046
ATQCUS3221,5994
ATQCUS3222,3987
ATQCUS3223,6448
ATQCUS3224,2275
ATQCUS3225,8201
ATQCUS3226,5926
ATQCUS3227,5903
ATQCUS3228,4341
ATQCUS3229,6193
ATQCUS3230,4593
ATQCUS3231,4069
ATQCUS3232,4309
ATQCUS3233,6292
ATQCUS3234,6139
ATQCUS3235,6125
ATQCUS3236,2802
ATQCUS3237,8600
ATQCUS3238,5578
ATQCUS3239,5818
ATQCUS3240,5305
ATQCUS3241,5784
ATQCUS3242,7033
ATQCUS3243,5193
ATQCUS3244,3024
ATQCUS3245,5149
ATQCUS3246,6677
ATQCUS3247,5839
ATQCUS3248,7204
ATQCUS3249,8906
ATQCUS3250,5845
ATQCUS3251,11559
ATQCUS3252,9903
ATQCUS3253,11429
ATQCUS3254,6993
ATQCUS3255,8838
ATQCUS3256,8683
ATQCUS3257,12980
ATQCUS3258,8209
ATQCUS3259,10648
ATQCUS3260,13847
ATQCUS3261,10524
ATQCUS3262,6953
ATQCUS3263,7189
ATQCUS3264,11595
ATQCUS3265,8807
ATQCUS3266,10368
ATQCUS3267,8466
ATQCUS3268,5801
ATQCUS3269,7628
ATQCUS3270,5964
ATQCUS3271,4436
ATQCUS3272,3948
ATQCUS3273,5769
ATQCUS3274,6816
ATQCUS3275,7491
ATQCUS3276,6583
ATQCUS3277,4254
ATQCUS3278,7892
ATQCUS3279,6314
ATQCUS3280,5130
ATQCUS3281,4161
ATQCUS3282,6498
ATQCUS3283,6913
ATQCUS3284,6564
ATQCUS3285,8370
ATQCUS3286,8114
ATQCUS3287,5565
ATQCUS3288,4567
ATQCUS3289,7866
ATQCUS3290,6728
ATQCUS3291,5176
ATQCUS3292,4167
ATQCUS3293,3220
ATQCUS3294,5455
ATQCUS3295,3581
ATQCUS3296,5745
ATQCUS3297,6094
ATQCUS3298,5443
ATQCUS3299,5844
ATQCUS3300,5156
ATQCUS3301,14483
ATQCUS3302,7855
ATQCUS3303,11161
ATQCUS3304,7792
ATQCUS3305,13100
ATQCUS3306,12435
ATQCUS3307,16727
ATQCUS3308,13158
ATQCUS3309,8931
ATQCUS3310,12414
ATQCUS3311,9307
ATQCUS3312,6624
ATQCUS3313,6740
ATQCUS3314,8363
ATQCUS3315,6376
ATQCUS3316,9100
ATQCUS3317,10226
ATQCUS3318,6208
ATQCUS3319,4138
ATQCUS3320,6126
ATQCUS3321,5088
ATQCUS3322,2402
ATQCUS3323,3957
ATQCUS3324,6371
ATQCUS3325,5462
ATQCUS3326,3880
ATQCUS3327,4487
ATQCUS3328,2990
ATQCUS3329,4419
ATQCUS3330,6654
ATQCUS3331,6510
ATQCUS3332,5320
ATQCUS3333,6215
ATQCUS3334,6512
ATQCUS3335,8263
ATQCUS3336,5072
ATQCUS3337,4041
ATQCUS3338,6253
ATQCUS3339,5590
ATQCUS3340,5024
ATQCUS3341,4734
ATQCUS3342,5400
ATQCUS3343,2580
ATQCUS3344,6475
ATQCUS3345,4272
ATQCUS3346,3481
ATQCUS3347,3271
ATQCUS3348,7261
ATQCUS3349,6497
ATQCUS3350,5942
ATQCUS3351,4292
ATQCUS3352,4156
ATQCUS3353,3702
ATQCUS3354,5553
ATQCUS3355,6091
ATQCUS3356,4940
ATQCUS3357,11890
ATQCUS3358,8189
ATQCUS3359,3365
ATQCUS3360,5204
ATQCUS3361,6768
ATQCUS3362,7992
ATQCUS3363,6666
ATQCUS3364,5708
ATQCUS3365,7041
ATQCUS3366,5068
ATQCUS3367,4903
ATQCUS3368,7534
ATQCUS3369,5430
ATQCUS3370,2927
ATQCUS3371,3306
ATQCUS3372,5172
ATQCUS3373,4251
ATQCUS3374,5989
ATQCUS3375,3186
ATQCUS3376,2814
ATQCUS3377,3859
ATQCUS3378,3622
ATQCUS3379,4098
ATQCUS3380,3135
ATQCUS3381,4093
ATQCUS3382,2455
ATQCUS3383,4376
ATQCUS3384,2787
ATQCUS3385,7275
ATQCUS3386,5853
ATQCUS3387,3660
ATQCUS3388,7493
ATQCUS3389,6243
ATQCUS3390,5264
ATQCUS3391,3267
ATQCUS3392,3236
ATQCUS3393,3031
ATQCUS3394,4863
ATQCUS3395,2687
ATQCUS3396,5128
ATQCUS3397,4774
ATQCUS3398,4297
ATQCUS3399,3913
ATQCUS3400,3969
ATQCUS3401,2859
ATQCUS3402,4412
ATQCUS3403,3012
ATQCUS3404,3303
ATQCUS3405,1646
ATQCUS3406,5812
ATQCUS3407,10352
ATQCUS3408,7153
ATQCUS3409,7113
ATQCUS3410,4542
ATQCUS3411,5305
ATQCUS3412,9600
ATQCUS3413,11049
ATQCUS3414,7509
ATQCUS3415,5259
ATQCUS3416,6899
ATQCUS3417,7739
ATQCUS3418,4794
ATQCUS3419,9463
ATQCUS3420,8298
ATQCUS3421,6680
ATQCUS3422,8183
ATQCUS3423,1688
ATQCUS3424,4674
ATQCUS3425,2394
ATQCUS3426,2952
ATQCUS3427,2655
ATQCUS3428,3097
ATQCUS3429,6352
ATQCUS3430,7210
ATQCUS3431,5457
ATQCUS3432,9389
ATQCUS3433,6356
ATQCUS3434,6129
ATQCUS3435,1879
ATQCUS3436,5585
ATQCUS3437,2325
ATQCUS3438,4057
ATQCUS3439,4953
ATQCUS3440,3690
ATQCUS3441,2799
ATQCUS3442,4643
ATQCUS3443,3778
ATQCUS3444,2745
ATQCUS3445,3272
ATQCUS3446,3710
ATQCUS3447,5476
ATQCUS3448,12288
ATQCUS3449,18898
ATQCUS3450,14979
ATQCUS3451,20185
ATQCUS3452,30467
ATQCUS3453,23575
ATQCUS3454,10985
ATQCUS3455,14671
ATQCUS3456,18009
ATQCUS3457,6292
ATQCUS3458,19313
ATQCUS3459,19721
ATQCUS3460,16293
ATQCUS3461,16185
ATQCUS3462,12720
ATQCUS3463,5512
ATQCUS3464,16415
ATQCUS3465,5950
ATQCUS3466,11426
ATQCUS3467,10868
ATQCUS3468,11228
ATQCUS3469,11780
ATQCUS3470,12665
ATQCUS3471,17166
ATQCUS3472,16334
ATQCUS3473,12932
ATQCUS3474,19269
ATQCUS3475,11155
ATQCUS3476,19794
ATQCUS3477,19401
ATQCUS3478,8240
ATQCUS3479,15586
ATQCUS3480,22213
ATQCUS3481,14744
ATQCUS3482,11681
ATQCUS3483,11900
ATQCUS3484,5470
ATQCUS3485,6089
ATQCUS3486,7211
ATQCUS3487,8190
ATQCUS3488,6900
ATQCUS3489,8452
ATQCUS3490,6358
ATQCUS3491,8648
ATQCUS3492,7334
ATQCUS3493,10096
ATQCUS3494,7512
ATQCUS3495,8780
ATQCUS3496,8190
ATQCUS3497,10176
ATQCUS3498,7117
ATQCUS3499,7947
ATQCUS3500,27596
ATQCUS3501,24652
ATQCUS3502,18347
ATQCUS3503,20915
ATQCUS3504,16871
ATQCUS3505,16575
ATQCUS3506,14055
ATQCUS3507,11168
ATQCUS3508,18457
ATQCUS3509,25496
ATQCUS3510,15001
ATQCUS3511,8372
ATQCUS3512,6110
ATQCUS3513,8329
ATQCUS3514,11504
ATQCUS3515,11392
ATQCUS3516,8013
ATQCUS3517,8578
ATQCUS3518,6734
ATQCUS3519,6902
ATQCUS3520,2562
ATQCUS3521,13675
ATQCUS3522,12547
ATQCUS3523,13122
ATQCUS3524,5423
ATQCUS3525,12039
ATQCUS3526,15819
ATQCUS3527,5413
ATQCUS3528,6333
ATQCUS3529,10346
ATQCUS3530,9935
ATQCUS3531,4667
ATQCUS3532,6137
ATQCUS3533,2308
ATQCUS3534,6087
ATQCUS3535,7418
ATQCUS3536,8922
ATQCUS3537,17594
ATQCUS3538,17146
ATQCUS3539,4624
ATQCUS3540,11057
ATQCUS3541,16531
ATQCUS3542,9989
ATQCUS3543,10297
ATQCUS3544,5664
ATQCUS3545,7595
ATQCUS3546,6853
ATQCUS3547,7678
ATQCUS3548,7460
ATQCUS3549,9363
ATQCUS3550,9401
ATQCUS3551,12593
ATQCUS3552,6967
ATQCUS3553,9847
ATQCUS3554,12402
ATQCUS3555,9315
ATQCUS3556,11762
ATQCUS3557,5767
ATQCUS3558,7627
ATQCUS3559,6893
ATQCUS3560,9972
ATQCUS3561,8407
ATQCUS3562,8337
ATQCUS3563,7457
ATQCUS3564,6396
ATQCUS3565,8582
ATQCUS3566,5780
ATQCUS3567,8115
ATQCUS3568,10447
ATQCUS3569,7086
ATQCUS3570,3450
ATQCUS3571,9608
ATQCUS3572,7046
ATQCUS3573,3280
ATQCUS3574,8337
ATQCUS3575,13188
ATQCUS3576,16967
ATQCUS3577,10289
ATQCUS3578,14158
ATQCUS3579,6445
ATQCUS3580,17407
ATQCUS3581,7204
ATQCUS3582,7454
ATQCUS3583,7450
ATQCUS3584,6183
ATQCUS3585,8616
ATQCUS3586,10154
ATQCUS3587,4896
ATQCUS3588,3132
ATQCUS3589,4938
ATQCUS3590,6175
ATQCUS3591,6399
ATQCUS3592,6124
ATQCUS3593,5772
ATQCUS3594,5724
ATQCUS3595,6138
ATQCUS3596,9133
ATQCUS3597,8986
ATQCUS3598,4865
ATQCUS3599,5101
ATQCUS3600,5706
ATQCUS3601,7185
ATQCUS3602,5461
ATQCUS3603,3558
ATQCUS3604,4070
ATQCUS3605,6371
ATQCUS3606,6301
ATQCUS3607,3044
ATQCUS3608,5368
ATQCUS3609,5423
ATQCUS3610,5932
ATQCUS3611,5821
ATQCUS3612,4149
ATQCUS3613,5080
ATQCUS3614,2401
ATQCUS3615,6855
ATQCUS3616,3823
ATQCUS3617,5631
ATQCUS3618,12413
ATQCUS3619,18992
ATQCUS3620,15374
ATQCUS3621,12484
ATQCUS3622,11797
ATQCUS3623,19519
ATQCUS3624,14764
ATQCUS3625,6999
ATQCUS3626,4043
ATQCUS3627,6002
ATQCUS3628,2791
ATQCUS3629,4018
ATQCUS3630,9712
ATQCUS3631,8004
ATQCUS3632,6629
ATQCUS3633,7369
ATQCUS3634,8196
ATQCUS3635,2772
ATQCUS3636,6117
ATQCUS3637,9067
ATQCUS3638,4395
ATQCUS3639,5404
ATQCUS3640,8569
ATQCUS3641,4871
ATQCUS3642,2303
ATQCUS3643,6634
ATQCUS3644,7641
ATQCUS3645,9094
ATQCUS3646,4626
ATQCUS3647,6173
ATQCUS3648,24502
ATQCUS3649,18535
ATQCUS3650,13134
ATQCUS3651,24988
ATQCUS3652,21518
ATQCUS3653,8587
ATQCUS3654,12324
ATQCUS3655,11424
ATQCUS3656,7464
ATQCUS3657,13894
ATQCUS3658,8440
ATQCUS3659,11062
ATQCUS3660,10983
ATQCUS3661,9374
ATQCUS3662,7185
ATQCUS3663,7989
ATQCUS3664,12561
ATQCUS3665,10887
ATQCUS3666,19224
ATQCUS3667,20973
ATQCUS3668,17368
ATQCUS3669,10992
ATQCUS3670,11303
ATQCUS3671,18559
ATQCUS3672,16555
ATQCUS3673,12668
ATQCUS3674,7468
ATQCUS3675,8181
ATQCUS3676,5668
ATQCUS3677,17482
ATQCUS3678,12172
ATQCUS3679,20160
ATQCUS3680,13807
ATQCUS3681,11889
ATQCUS3682,7838
ATQCUS3683,2932
ATQCUS3684,15722
ATQCUS3685,16014
ATQCUS3686,5625
ATQCUS3687,4253
ATQCUS3688,7066
ATQCUS3689,9484
ATQCUS3690,6385
ATQCUS3691,8189
ATQCUS3692,10924
ATQCUS3693,13595
ATQCUS3694,8961
ATQCUS3695,12204
ATQCUS3696,5272
ATQCUS3697,6849
ATQCUS3698,5543
ATQCUS3699,6795
ATQCUS3700,5330
ATQCUS3701,7586
ATQCUS3702,10309
ATQCUS3703,6422
ATQCUS3704,6775
ATQCUS3705,8464
ATQCUS3706,4343
ATQCUS3707,5958
ATQCUS3708,3009
ATQCUS3709,4111
ATQCUS3710,5814
ATQCUS3711,13267
ATQCUS3712,9929
ATQCUS3713,11614
ATQCUS3714,6461
ATQCUS3715,10094
ATQCUS3716,7327
ATQCUS3717,4425
ATQCUS3718,6583
ATQCUS3719,5366
ATQCUS3720,5160
ATQCUS3721,4862
ATQCUS3722,5566
ATQCUS3723,18755
ATQCUS3724,5216
ATQCUS3725,15324
ATQCUS3726,12022
ATQCUS3727,9763
ATQCUS3728,4694
ATQCUS3729,15034
ATQCUS3730,5923
ATQCUS3731,8746
ATQCUS3732,9153
ATQCUS3733,4057
ATQCUS3734,10687
ATQCUS3735,13635
ATQCUS3736,14599
ATQCUS3737,7871
ATQCUS3738,6802
ATQCUS3739,7894
ATQCUS3740,13123
ATQCUS3741,3366
ATQCUS3742,5235
ATQCUS3743,9639
ATQCUS3744,9768
ATQCUS3745,6840
ATQCUS3746,11639
ATQCUS3747,13734
ATQCUS3748,7897
ATQCUS3749,9116
ATQCUS3750,5873
ATQCUS3751,6576
ATQCUS3752,8436
ATQCUS3753,8192
ATQCUS3754,8503
ATQCUS3755,6899
ATQCUS3756,9630
ATQCUS3757,6738
ATQCUS3758,11110
ATQCUS3759,11641
ATQCUS3760,6142
ATQCUS3761,13145
ATQCUS3762,11158
ATQCUS3763,9256
ATQCUS3764,8349
ATQCUS3765,13587
ATQCUS3766,10359
ATQCUS3767,6822
ATQCUS3768,7660
ATQCUS3769,4583
ATQCUS3770,4192
ATQCUS3771,3727
ATQCUS3772,5297
ATQCUS3773,4209
ATQCUS3774,3993
ATQCUS3775,4739
ATQCUS3776,5962
ATQCUS3777,5077
ATQCUS3778,4527
ATQCUS3779,4398
ATQCUS3780,5693
ATQCUS3781,6565
ATQCUS3782,3483
ATQCUS3783,5587
ATQCUS3784,4897
ATQCUS3785,6538
ATQCUS3786,3080
ATQCUS3787,4830
ATQCUS3788,6704
ATQCUS3789,9269
ATQCUS3790,5039
ATQCUS3791,5083
ATQCUS3792,5167
ATQCUS3793,4458
ATQCUS3794,2654
ATQCUS3795,6589
ATQCUS3796,2151
ATQCUS3797,3678
ATQCUS3798,3690
ATQCUS3799,5372
ATQCUS3800,5527
ATQCUS3801,3287
ATQCUS3802,6703
ATQCUS3803,5186
ATQCUS3804,14230
ATQCUS3805,10523
ATQCUS3806,7148
ATQCUS3807,7978
ATQCUS3808,7078
ATQCUS3809,10180
ATQCUS3810,7391
ATQCUS3811,6435
ATQCUS3812,7800
ATQCUS3813,13639
ATQCUS3814,11321
ATQCUS3815,8785
ATQCUS3816,7588
ATQCUS3817,5635
ATQCUS3818,7484
ATQCUS3819,7767
ATQCUS3820,8477
ATQCUS3821,3787
ATQCUS3822,4723
ATQCUS3823,4600
ATQCUS3824,3733
ATQCUS3825,5643
ATQCUS3826,5039
ATQCUS3827,4511
ATQCUS3828,6026
ATQCUS3829,7595
ATQCUS3830,2469
ATQCUS3831,3880
ATQCUS3832,5404
ATQCUS3833,6328
ATQCUS3834,4144
ATQCUS3835,6704
ATQCUS3836,9346
ATQCUS3837,9298
ATQCUS3838,10871
ATQCUS3839,6899
ATQCUS3840,6050
ATQCUS3841,8074
ATQCUS3842,6101
ATQCUS3843,6133
ATQCUS3844,9650
ATQCUS3845,10491
ATQCUS3846,6862
ATQCUS3847,4744
ATQCUS3848,8513
ATQCUS3849,8552
ATQCUS3850,5226
ATQCUS3851,3475
ATQCUS3852,4399
ATQCUS3853,3072
ATQCUS3854,5142
ATQCUS3855,3053
ATQCUS3856,8078
ATQCUS3857,4799
ATQCUS3858,9154
ATQCUS3859,2337
ATQCUS3860,2010
ATQCUS3861,4202
ATQCUS3862,3767
ATQCUS3863,3948
ATQCUS3864,3044
ATQCUS3865,3441
ATQCUS3866,4052
ATQCUS3867,4419
ATQCUS3868,5500
ATQCUS3869,7560
ATQCUS3870,5589
ATQCUS3871,7529
ATQCUS3872,7579
ATQCUS3873,4390
ATQCUS3874,5499
ATQCUS3875,5944
ATQCUS3876,4238
ATQCUS3877,2608
ATQCUS3878,3235
ATQCUS3879,4315
ATQCUS3880,3528
ATQCUS3881,1473
ATQCUS3882,3313
ATQCUS3883,1936
ATQCUS3884,4020
ATQCUS3885,2685
ATQCUS3886,3868
ATQCUS3887,3076
ATQCUS3888,2897
ATQCUS3889,1782
ATQCUS3890,6535
ATQCUS3891,8505
ATQCUS3892,6783
ATQCUS3893,7630
ATQCUS3894,3873
ATQCUS3895,9924
ATQCUS3896,6415
ATQCUS3897,6832
ATQCUS3898,7396
ATQCUS3899,9998
ATQCUS3900,3277
ATQCUS3901,8409
ATQCUS3902,3767
ATQCUS3903,6846
ATQCUS3904,4078
ATQCUS3905,3819
ATQCUS3906,2986
ATQCUS3907,4569
ATQCUS3908,7290
ATQCUS3909,1860
ATQCUS3910,3979
ATQCUS3911,3730
ATQCUS3912,2059
ATQCUS3913,13743
ATQCUS3914,15028
ATQCUS3915,17732
ATQCUS3916,16660
ATQCUS3917,11352
ATQCUS3918,15891
ATQCUS3919,11197
ATQCUS3920,16242
ATQCUS3921,23061
ATQCUS3922,13629
ATQCUS3923,6315
ATQCUS3924,4140
ATQCUS3925,7395
ATQCUS3926,10900
ATQCUS3927,10511
ATQCUS3928,7835
ATQCUS3929,9959
ATQCUS3930,10482
ATQCUS3931,12804
ATQCUS3932,5926
ATQCUS3933,3924
ATQCUS3934,7170
ATQCUS3935,8576
ATQCUS3936,6804
ATQCUS3937,6915
ATQCUS3938,5405
ATQCUS3939,17188
ATQCUS3940,18961
ATQCUS3941,10425
ATQCUS3942,10651
ATQCUS3943,8280
ATQCUS3944,12514
ATQCUS3945,16778
ATQCUS3946,16653
ATQCUS3947,13465
ATQCUS3948,19308
ATQCUS3949,4560
ATQCUS3950,9998
ATQCUS3951,6222
ATQCUS3952,6724
ATQCUS3953,6280
ATQCUS3954,5581
ATQCUS3955,9377
ATQCUS3956,6691
ATQCUS3957,9051
ATQCUS3958,5411
ATQCUS3959,5336
ATQCUS3960,19917
ATQCUS3961,13116
ATQCUS3962,11199
ATQCUS3963,7878
ATQCUS3964,16327
ATQCUS3965,15400
ATQCUS3966,13998
ATQCUS3967,4609
ATQCUS3968,5159
ATQCUS3969,3376
ATQCUS3970,3029
ATQCUS3971,11925
ATQCUS3972,6189
ATQCUS3973,6572
ATQCUS3974,3954
ATQCUS3975,5330
ATQCUS3976,1849
ATQCUS3977,7624
ATQCUS3978,4284
ATQCUS3979,9233
ATQCUS3980,5382
ATQCUS3981,9157
ATQCUS3982,8853
ATQCUS3983,8937
ATQCUS3984,11184
ATQCUS3985,10114
ATQCUS3986,7896
ATQCUS3987,9135
ATQCUS3988,3862
ATQCUS3989,5639
ATQCUS3990,4389
ATQCUS3991,5123
ATQCUS3992,6479
ATQCUS3993,3779
ATQCUS3994,6560
ATQCUS3995,8169
ATQCUS3996,7796
ATQCUS3997,3120
ATQCUS3998,4957
ATQCUS3999,4012
ATQCUS4000,4116
