customer_id,total_spending
ATQCUS0001,13153
ATQCUS0002,5388
ATQCUS0003,15490
ATQCUS0004,9733
ATQCUS0005,11448
ATQCUS0006,11116
ATQCUS0007,7163
ATQCUS0008,9072
ATQCUS0009,11802
ATQCUS0010,13373
ATQCUS0011,12815
ATQCUS0012,11068
ATQCUS0013,10174
ATQCUS0014,6892
ATQCUS0015,8029
ATQCUS0016,7036
ATQCUS0017,3612
ATQCUS0018,6788
ATQCUS0019,5639
ATQCUS0020,5329
ATQCUS0021,6423
ATQCUS0022,7954
ATQCUS0023,7165
ATQCUS0024,8639
ATQCUS0025,8908
ATQCUS0026,10577
ATQCUS0027,4442
ATQCUS0028,12176
ATQCUS0029,9251
ATQCUS0030,3818
ATQCUS0031,6089
ATQCUS0032,7656
ATQCUS0033,6024
ATQCUS0034,4378
ATQCUS0035,7932
ATQCUS0036,5895
ATQCUS0037,4499
ATQCUS0038,5003
ATQCUS0039,5167
ATQCUS0040,3263
ATQCUS0041,8973
ATQCUS0042,16217
ATQCUS0043,10333
ATQCUS0044,12485
ATQCUS0045,6910
ATQCUS0046,15204
ATQCUS0047,12780
ATQCUS0048,11013
ATQCUS0049,7445
ATQCUS0050,6284
ATQCUS0051,6206
ATQCUS0052,7852
ATQCUS0053,4853
ATQCUS0054,4724
ATQCUS0055,6100
ATQCUS0056,8792
ATQCUS0057,6178
ATQCUS0058,5768
ATQCUS0059,4690
ATQCUS0060,3514
ATQCUS0061,6996
ATQCUS0062,6697
ATQCUS0063,10153
ATQCUS0064,13614
ATQCUS0065,8507
ATQCUS0066,12747
ATQCUS0067,6644
ATQCUS0068,8721
ATQCUS0069,11972
ATQCUS0070,2828
ATQCUS0071,4696
ATQCUS0072,4282
ATQCUS0073,2738
ATQCUS0074,9124
ATQCUS0075,7260
ATQCUS0076,5689
ATQCUS0077,6521
ATQCUS0078,4619
ATQCUS0079,6125
ATQCUS0080,5748
ATQCUS0081,2315
ATQCUS0082,4692
ATQCUS0083,3176
ATQCUS0084,2168
ATQCUS0085,4751
ATQCUS0086,5955
ATQCUS0087,7473
ATQCUS0088,9674
ATQCUS0089,5286
ATQCUS0090,9303
ATQCUS0091,8642
ATQCUS0092,4467
ATQCUS0093,2946
ATQCUS0094,2383
ATQCUS0095,3804
ATQCUS0096,3135
ATQCUS0097,1883
ATQCUS0098,2316
ATQCUS0099,6310
ATQCUS0100,3014
ATQCUS0101,4446
ATQCUS0102,2763
ATQCUS0103,3121
ATQCUS0104,2417
ATQCUS0105,3435
ATQCUS0106,3747
ATQCUS0107,2720
ATQCUS0108,8445
ATQCUS0109,9870
ATQCUS0110,5776
ATQCUS0111,12309
ATQCUS0112,7609
ATQCUS0113,4985
ATQCUS0114,5567
ATQCUS0115,3916
ATQCUS0116,6893
ATQCUS0117,9179
ATQCUS0118,5945
ATQCUS0119,2958
ATQCUS0120,4238
ATQCUS0121,3453
ATQCUS0122,2334
ATQCUS0123,4213
ATQCUS0124,17814
ATQCUS0125,26368
ATQCUS0126,18018
ATQCUS0127,15368
ATQCUS0128,19922
ATQCUS0129,20620
ATQCUS0130,12384
ATQCUS0131,23542
ATQCUS0132,16501
ATQCUS0133,21963
ATQCUS0134,19674
ATQCUS0135,15670
ATQCUS0136,13804
ATQCUS0137,20743
ATQCUS0138,20561
ATQCUS0139,18948
ATQCUS0140,12321
ATQCUS0141,21111
ATQCUS0142,15123
ATQCUS0143,20500
ATQCUS0144,15202
ATQCUS0145,21132
ATQCUS0146,13104
ATQCUS0147,9226
ATQCUS0148,18542
ATQCUS0149,19179
ATQCUS0150,14135
ATQCUS0151,22743
ATQCUS0152,29563
ATQCUS0153,13220
ATQCUS0154,18968
ATQCUS0155,12120
ATQCUS0156,22881
ATQCUS0157,13784
ATQCUS0158,14856
ATQCUS0159,14432
ATQCUS0160,18250
ATQCUS0161,23383
ATQCUS0162,17936
ATQCUS0163,9859
ATQCUS0164,22224
ATQCUS0165,20546
ATQCUS0166,21519
ATQCUS0167,12986
ATQCUS0168,18937
ATQCUS0169,30233
ATQCUS0170,14155
ATQCUS0171,18920
ATQCUS0172,18772
ATQCUS0173,5363
ATQCUS0174,11783
ATQCUS0175,8548
ATQCUS0176,4621
ATQCUS0177,10545
ATQCUS0178,10267
ATQCUS0179,7158
ATQCUS0180,7212
ATQCUS0181,8535
ATQCUS0182,6636
ATQCUS0183,13114
ATQCUS0184,9865
ATQCUS0185,8040
ATQCUS0186,15274
ATQCUS0187,5231
ATQCUS0188,9487
ATQCUS0189,12148
ATQCUS0190,10275
ATQCUS0191,8023
ATQCUS0192,11389
ATQCUS0193,11055
ATQCUS0194,12504
ATQCUS0195,8110
ATQCUS0196,9613
ATQCUS0197,13350
ATQCUS0198,8721
ATQCUS0199,5578
ATQCUS0200,4779
ATQCUS0201,7236
ATQCUS0202,6454
ATQCUS0203,7111
ATQCUS0204,11193
ATQCUS0205,6432
ATQCUS0206,8490
ATQCUS0207,11546
ATQCUS0208,11191
ATQCUS0209,7637
ATQCUS0210,12644
ATQCUS0211,14410
ATQCUS0212,13730
ATQCUS0213,10905
ATQCUS0214,10512
ATQCUS0215,5356
ATQCUS0216,18612
ATQCUS0217,19594
ATQCUS0218,9061
ATQCUS0219,18028
ATQCUS0220,14417
ATQCUS0221,12170
ATQCUS0222,12579
ATQCUS0223,8151
ATQCUS0224,10553
ATQCUS0225,9941
ATQCUS0226,8603
ATQCUS0227,6211
ATQCUS0228,15362
ATQCUS0229,12255
ATQCUS0230,13269
ATQCUS0231,7508
ATQCUS0232,13093
ATQCUS0233,11761
ATQCUS0234,17407
ATQCUS0235,13865
ATQCUS0236,17304
ATQCUS0237,8242
ATQCUS0238,10387
ATQCUS0239,12105
ATQCUS0240,9064
ATQCUS0241,11647
ATQCUS0242,22151
ATQCUS0243,14200
ATQCUS0244,9395
ATQCUS0245,13163
ATQCUS0246,9436
ATQCUS0247,7981
ATQCUS0248,11301
ATQCUS0249,15766
ATQCUS0250,12552
ATQCUS0251,16084
ATQCUS0252,5735
ATQCUS0253,9104
ATQCUS0254,5366
ATQCUS0255,7552
ATQCUS0256,8664
ATQCUS0257,7933
ATQCUS0258,10261
ATQCUS0259,6756
ATQCUS0260,12433
ATQCUS0261,9205
ATQCUS0262,7199
ATQCUS0263,11468
ATQCUS0264,5011
ATQCUS0265,11819
ATQCUS0266,10185
ATQCUS0267,11058
ATQCUS0268,8884
ATQCUS0269,5663
ATQCUS0270,4923
ATQCUS0271,8405
ATQCUS0272,7485
ATQCUS0273,7619
ATQCUS0274,7996
ATQCUS0275,8448
ATQCUS0276,10421
ATQCUS0277,5628
ATQCUS0278,12482
ATQCUS0279,7595
ATQCUS0280,7019
ATQCUS0281,5586
ATQCUS0282,6431
ATQCUS0283,7000
ATQCUS0284,4590
ATQCUS0285,8844
ATQCUS0286,9938
ATQCUS0287,6416
ATQCUS0288,5551
ATQCUS0289,7886
ATQCUS0290,9362
ATQCUS0291,9732
ATQCUS0292,10209
ATQCUS0293,5650
ATQCUS0294,5766
ATQCUS0295,5544
ATQCUS0296,5980
ATQCUS0297,8010
ATQCUS0298,8358
ATQCUS0299,7482
ATQCUS0300,4385
ATQCUS0301,6920
ATQCUS0302,10312
ATQCUS0303,8839
ATQCUS0304,7952
ATQCUS0305,10182
ATQCUS0306,6098
ATQCUS0307,8186
ATQCUS0308,5824
ATQCUS0309,8028
ATQCUS0310,4872
ATQCUS0311,11712
ATQCUS0312,5733
ATQCUS0313,5497
ATQCUS0314,7565
ATQCUS0315,15363
ATQCUS0316,20153
ATQCUS0317,19640
ATQCUS0318,19583
ATQCUS0319,24322
ATQCUS0320,15046
ATQCUS0321,15924
ATQCUS0322,11077
ATQCUS0323,10889
ATQCUS0324,19264
ATQCUS0325,14854
ATQCUS0326,9678
ATQCUS0327,25365
ATQCUS0328,17169
ATQCUS0329,13525
ATQCUS0330,12105
ATQCUS0331,13568
ATQCUS0332,15974
ATQCUS0333,20656
ATQCUS0334,11685
ATQCUS0335,11977
ATQCUS0336,17803
ATQCUS0337,15646
ATQCUS0338,17944
ATQCUS0339,16686
ATQCUS0340,22179
ATQCUS0341,10060
ATQCUS0342,8799
ATQCUS0343,17261
ATQCUS0344,20061
ATQCUS0345,23212
ATQCUS0346,16992
ATQCUS0347,13182
ATQCUS0348,13392
ATQCUS0349,12198
ATQCUS0350,11985
ATQCUS0351,11056
ATQCUS0352,24953
ATQCUS0353,7072
ATQCUS0354,23011
ATQCUS0355,14815
ATQCUS0356,10780
ATQCUS0357,12210
ATQCUS0358,23424
ATQCUS0359,26247
ATQCUS0360,18452
ATQCUS0361,12374
ATQCUS0362,7181
ATQCUS0363,8469
ATQCUS0364,8455
ATQCUS0365,4783
ATQCUS0366,7640
ATQCUS0367,10202
ATQCUS0368,6357
ATQCUS0369,12298
ATQCUS0370,7748
ATQCUS0371,9666
ATQCUS0372,6789
ATQCUS0373,4615
ATQCUS0374,17512
ATQCUS0375,12223
ATQCUS0376,7337
ATQCUS0377,5391
ATQCUS0378,2864
ATQCUS0379,7263
ATQCUS0380,5702
ATQCUS0381,9893
ATQCUS0382,8480
ATQCUS0383,4666
ATQCUS0384,6505
ATQCUS0385,8477
ATQCUS0386,7750
ATQCUS0387,9148
ATQCUS0388,8780
ATQCUS0389,8668
ATQCUS0390,9504
ATQCUS0391,10772
ATQCUS0392,13949
ATQCUS0393,10187
ATQCUS0394,11034
ATQCUS0395,13725
ATQCUS0396,13857
ATQCUS0397,10678
ATQCUS0398,10646
ATQCUS0399,8752
ATQCUS0400,17095
ATQCUS0401,10666
ATQCUS0402,10338
ATQCUS0403,12147
ATQCUS0404,6715
ATQCUS0405,11982
ATQCUS0406,11490
ATQCUS0407,11225
ATQCUS0408,20549
ATQCUS0409,12533
ATQCUS0410,13047
ATQCUS0411,16790
ATQCUS0412,9063
ATQCUS0413,13714
ATQCUS0414,10654
ATQCUS0415,11186
ATQCUS0416,16683
ATQCUS0417,8878
ATQCUS0418,8952
ATQCUS0419,9084
ATQCUS0420,8840
ATQCUS0421,6599
ATQCUS0422,7167
ATQCUS0423,7866
ATQCUS0424,6650
ATQCUS0425,6464
ATQCUS0426,7869
ATQCUS0427,6949
ATQCUS0428,8238
ATQCUS0429,4922
ATQCUS0430,6486
ATQCUS0431,5343
ATQCUS0432,4317
ATQCUS0433,4095
ATQCUS0434,6140
ATQCUS0435,11978
ATQCUS0436,5951
ATQCUS0437,3627
ATQCUS0438,8687
ATQCUS0439,11344
ATQCUS0440,6377
ATQCUS0441,7122
ATQCUS0442,9810
ATQCUS0443,2407
ATQCUS0444,6793
ATQCUS0445,6379
ATQCUS0446,6333
ATQCUS0447,8777
ATQCUS0448,6545
ATQCUS0449,7053
ATQCUS0450,13275
ATQCUS0451,12491
ATQCUS0452,8033
ATQCUS0453,5958
ATQCUS0454,7156
ATQCUS0455,8206
ATQCUS0456,8262
ATQCUS0457,7922
ATQCUS0458,9705
ATQCUS0459,11442
ATQCUS0460,21138
ATQCUS0461,20071
ATQCUS0462,17231
ATQCUS0463,21110
ATQCUS0464,20161
ATQCUS0465,23084
ATQCUS0466,12558
ATQCUS0467,12948
ATQCUS0468,9302
ATQCUS0469,13682
ATQCUS0470,19442
ATQCUS0471,18391
ATQCUS0472,13017
ATQCUS0473,13217
ATQCUS0474,20323
ATQCUS0475,16531
ATQCUS0476,13474
ATQCUS0477,25665
ATQCUS0478,17284
ATQCUS0479,14717
ATQCUS0480,11783
ATQCUS0481,15437
ATQCUS0482,13186
ATQCUS0483,16571
ATQCUS0484,3747
ATQCUS0485,11145
ATQCUS0486,24945
ATQCUS0487,18527
ATQCUS0488,9929
ATQCUS0489,11449
ATQCUS0490,19258
ATQCUS0491,8672
ATQCUS0492,9019
ATQCUS0493,10849
ATQCUS0494,8728
ATQCUS0495,9156
ATQCUS0496,10813
ATQCUS0497,7865
ATQCUS0498,10742
ATQCUS0499,9855
ATQCUS0500,8459
ATQCUS0501,8450
ATQCUS0502,6965
ATQCUS0503,9529
ATQCUS0504,9569
ATQCUS0505,7719
ATQCUS0506,5971
ATQCUS0507,6435
ATQCUS0508,8383
ATQCUS0509,4622
ATQCUS0510,5261
ATQCUS0511,7163
ATQCUS0512,8659
ATQCUS0513,8598
ATQCUS0514,11606
ATQCUS0515,7187
ATQCUS0516,9428
ATQCUS0517,10353
ATQCUS0518,8232
ATQCUS0519,8881
ATQCUS0520,8939
ATQCUS0521,6215
ATQCUS0522,8940
ATQCUS0523,10544
ATQCUS0524,9794
ATQCUS0525,8462
ATQCUS0526,11372
ATQCUS0527,9119
ATQCUS0528,13108
ATQCUS0529,7024
ATQCUS0530,7087
ATQCUS0531,12089
ATQCUS0532,9957
ATQCUS0533,9632
ATQCUS0534,6951
ATQCUS0535,10204
ATQCUS0536,8163
ATQCUS0537,8996
ATQCUS0538,10410
ATQCUS0539,8944
ATQCUS0540,9402
ATQCUS0541,8189
ATQCUS0542,5696
ATQCUS0543,10013
ATQCUS0544,8339
ATQCUS0545,5021
ATQCUS0546,6758
ATQCUS0547,5140
ATQCUS0548,6630
ATQCUS0549,5545
ATQCUS0550,6748
ATQCUS0551,9107
ATQCUS0552,10593
ATQCUS0553,6236
ATQCUS0554,5716
ATQCUS0555,6781
ATQCUS0556,4578
ATQCUS0557,13053
ATQCUS0558,8248
ATQCUS0559,10762
ATQCUS0560,6284
ATQCUS0561,6603
ATQCUS0562,5114
ATQCUS0563,8418
ATQCUS0564,8035
ATQCUS0565,7468
ATQCUS0566,5046
ATQCUS0567,5214
ATQCUS0568,8466
ATQCUS0569,6632
ATQCUS0570,9163
ATQCUS0571,9450
ATQCUS0572,7163
ATQCUS0573,7033
ATQCUS0574,10294
ATQCUS0575,7099
ATQCUS0576,7340
ATQCUS0577,7060
ATQCUS0578,5284
ATQCUS0579,6450
ATQCUS0580,10207
ATQCUS0581,6512
ATQCUS0582,10836
ATQCUS0583,5230
ATQCUS0584,6874
ATQCUS0585,6396
ATQCUS0586,5357
ATQCUS0587,6717
ATQCUS0588,9520
ATQCUS0589,5897
ATQCUS0590,12009
ATQCUS0591,8792
ATQCUS0592,14779
ATQCUS0593,6760
ATQCUS0594,6675
ATQCUS0595,4804
ATQCUS0596,9286
ATQCUS0597,7628
ATQCUS0598,8847
ATQCUS0599,9846
ATQCUS0600,8083
ATQCUS0601,8041
ATQCUS0602,15157
ATQCUS0603,11476
ATQCUS0604,10107
ATQCUS0605,17004
ATQCUS0606,14206
ATQCUS0607,7233
ATQCUS0608,10468
ATQCUS0609,19225
ATQCUS0610,13462
ATQCUS0611,9962
ATQCUS0612,15067
ATQCUS0613,8972
ATQCUS0614,11679
ATQCUS0615,4346
ATQCUS0616,12275
ATQCUS0617,9250
ATQCUS0618,11060
ATQCUS0619,9599
ATQCUS0620,13699
ATQCUS0621,8851
ATQCUS0622,10344
ATQCUS0623,9204
ATQCUS0624,10253
ATQCUS0625,5164
ATQCUS0626,14844
ATQCUS0627,7477
ATQCUS0628,10249
ATQCUS0629,8017
ATQCUS0630,15614
ATQCUS0631,8880
ATQCUS0632,6649
ATQCUS0633,8541
ATQCUS0634,7761
ATQCUS0635,12946
ATQCUS0636,10712
ATQCUS0637,10292
ATQCUS0638,6091
ATQCUS0639,8232
ATQCUS0640,11877
ATQCUS0641,4766
ATQCUS0642,4392
ATQCUS0643,6555
ATQCUS0644,3842
ATQCUS0645,4991
ATQCUS0646,3085
ATQCUS0647,6058
ATQCUS0648,5573
ATQCUS0649,7046
ATQCUS0650,6757
ATQCUS0651,3400
ATQCUS0652,5761
ATQCUS0653,4041
ATQCUS0654,6300
ATQCUS0655,2187
ATQCUS0656,5895
ATQCUS0657,7082
ATQCUS0658,7291
ATQCUS0659,6094
ATQCUS0660,4605
ATQCUS0661,3106
ATQCUS0662,6196
ATQCUS0663,4627
ATQCUS0664,4750
ATQCUS0665,6542
ATQCUS0666,1772
ATQCUS0667,4928
ATQCUS0668,5219
ATQCUS0669,4236
ATQCUS0670,4886
ATQCUS0671,4863
ATQCUS0672,5591
ATQCUS0673,5475
ATQCUS0674,2525
ATQCUS0675,4610
ATQCUS0676,5099
ATQCUS0677,4478
ATQCUS0678,2794
ATQCUS0679,4789
ATQCUS0680,6536
ATQCUS0681,8491
ATQCUS0682,10206
ATQCUS0683,8412
ATQCUS0684,5249
ATQCUS0685,8722
ATQCUS0686,8005
ATQCUS0687,6128
ATQCUS0688,5457
ATQCUS0689,3846
ATQCUS0690,9738
ATQCUS0691,8688
ATQCUS0692,8477
ATQCUS0693,7824
ATQCUS0694,3554
ATQCUS0695,6292
ATQCUS0696,6507
ATQCUS0697,9079
ATQCUS0698,8464
ATQCUS0699,6727
ATQCUS0700,8277
ATQCUS0701,9242
ATQCUS0702,6261
ATQCUS0703,6457
ATQCUS0704,9530
ATQCUS0705,7245
ATQCUS0706,5633
ATQCUS0707,10214
ATQCUS0708,6312
ATQCUS0709,2975
ATQCUS0710,9223
ATQCUS0711,5281
ATQCUS0712,5507
ATQCUS0713,4881
ATQCUS0714,5793
ATQCUS0715,2886
ATQCUS0716,5816
ATQCUS0717,3116
ATQCUS0718,4402
ATQCUS0719,3176
ATQCUS0720,6355
ATQCUS0721,5907
ATQCUS0722,7753
ATQCUS0723,2191
ATQCUS0724,5639
ATQCUS0725,6005
ATQCUS0726,3989
ATQCUS0727,6062
ATQCUS0728,3351
ATQCUS0729,3764
ATQCUS0730,6534
ATQCUS0731,4746
ATQCUS0732,5687
ATQCUS0733,3519
ATQCUS0734,4125
ATQCUS0735,7123
ATQCUS0736,5001
ATQCUS0737,5935
ATQCUS0738,4975
ATQCUS0739,6465
ATQCUS0740,4715
ATQCUS0741,3579
ATQCUS0742,2817
ATQCUS0743,6913
ATQCUS0744,4634
ATQCUS0745,5972
ATQCUS0746,7254
ATQCUS0747,6134
ATQCUS0748,4767
ATQCUS0749,5043
ATQCUS0750,3416
ATQCUS0751,6047
ATQCUS0752,5099
ATQCUS0753,3737
ATQCUS0754,5197
ATQCUS0755,4237
ATQCUS0756,6151
ATQCUS0757,5098
ATQCUS0758,3777
ATQCUS0759,5699
ATQCUS0760,5993
ATQCUS0761,4456
ATQCUS0762,5379
ATQCUS0763,2943
ATQCUS0764,5026
ATQCUS0765,6648
ATQCUS0766,6130
ATQCUS0767,6740
ATQCUS0768,4764
ATQCUS0769,3197
ATQCUS0770,14779
ATQCUS0771,4762
ATQCUS0772,15269
ATQCUS0773,14266
ATQCUS0774,11922
ATQCUS0775,13474
ATQCUS0776,17500
ATQCUS0777,7915
ATQCUS0778,21711
ATQCUS0779,15016
ATQCUS0780,14329
ATQCUS0781,13026
ATQCUS0782,7642
ATQCUS0783,11245
ATQCUS0784,9272
ATQCUS0785,13831
ATQCUS0786,13937
ATQCUS0787,15455
ATQCUS0788,10072
ATQCUS0789,11820
ATQCUS0790,17972
ATQCUS0791,10852
ATQCUS0792,7264
ATQCUS0793,9800
ATQCUS0794,16385
ATQCUS0795,6059
ATQCUS0796,11462
ATQCUS0797,8146
ATQCUS0798,19806
ATQCUS0799,17289
ATQCUS0800,13290
ATQCUS0801,6414
ATQCUS0802,6383
ATQCUS0803,8058
ATQCUS0804,5484
ATQCUS0805,3783
ATQCUS0806,5485
ATQCUS0807,9144
ATQCUS0808,6990
ATQCUS0809,4310
ATQCUS0810,6988
ATQCUS0811,4644
ATQCUS0812,5932
ATQCUS0813,7312
ATQCUS0814,3231
ATQCUS0815,4277
ATQCUS0816,7870
ATQCUS0817,5737
ATQCUS0818,8589
ATQCUS0819,5790
ATQCUS0820,4425
ATQCUS0821,8887
ATQCUS0822,9547
ATQCUS0823,8435
ATQCUS0824,11477
ATQCUS0825,7113
ATQCUS0826,13336
ATQCUS0827,12066
ATQCUS0828,4882
ATQCUS0829,8530
ATQCUS0830,8293
ATQCUS0831,10665
ATQCUS0832,10149
ATQCUS0833,7180
ATQCUS0834,9081
ATQCUS0835,10727
ATQCUS0836,9730
ATQCUS0837,5034
ATQCUS0838,6663
ATQCUS0839,8410
ATQCUS0840,5119
ATQCUS0841,7815
ATQCUS0842,4510
ATQCUS0843,7364
ATQCUS0844,11272
ATQCUS0845,11929
ATQCUS0846,11091
ATQCUS0847,5056
ATQCUS0848,4809
ATQCUS0849,10020
ATQCUS0850,8099
ATQCUS0851,9003
ATQCUS0852,6307
ATQCUS0853,8585
ATQCUS0854,2035
ATQCUS0855,2320
ATQCUS0856,3639
ATQCUS0857,6231
ATQCUS0858,3554
ATQCUS0859,6898
ATQCUS0860,4632
ATQCUS0861,6174
ATQCUS0862,4774
ATQCUS0863,4141
ATQCUS0864,4701
ATQCUS0865,4796
ATQCUS0866,7550
ATQCUS0867,5672
ATQCUS0868,3049
ATQCUS0869,3945
ATQCUS0870,5353
ATQCUS0871,6226
ATQCUS0872,4295
ATQCUS0873,5240
ATQCUS0874,6465
ATQCUS0875,3751
ATQCUS0876,7732
ATQCUS0877,5878
ATQCUS0878,3980
ATQCUS0879,4310
ATQCUS0880,5442
ATQCUS0881,7725
ATQCUS0882,4387
ATQCUS0883,7272
ATQCUS0884,6053
ATQCUS0885,9468
ATQCUS0886,4203
ATQCUS0887,4598
ATQCUS0888,7948
ATQCUS0889,6382
ATQCUS0890,18558
ATQCUS0891,14445
ATQCUS0892,18652
ATQCUS0893,25330
ATQCUS0894,19775
ATQCUS0895,9564
ATQCUS0896,25539
ATQCUS0897,17770
ATQCUS0898,19148
ATQCUS0899,13747
ATQCUS0900,14228
ATQCUS0901,24025
ATQCUS0902,12312
ATQCUS0903,19970
ATQCUS0904,24716
ATQCUS0905,26523
ATQCUS0906,23759
ATQCUS0907,8343
ATQCUS0908,21828
ATQCUS0909,16786
ATQCUS0910,29174
ATQCUS0911,24945
ATQCUS0912,20572
ATQCUS0913,13005
ATQCUS0914,28157
ATQCUS0915,31339
ATQCUS0916,25460
ATQCUS0917,20106
ATQCUS0918,11801
ATQCUS0919,23966
ATQCUS0920,11146
ATQCUS0921,14417
ATQCUS0922,21895
ATQCUS0923,17997
ATQCUS0924,27353
ATQCUS0925,18819
ATQCUS0926,24106
ATQCUS0927,25281
ATQCUS0928,14534
ATQCUS0929,21401
ATQCUS0930,13090
ATQCUS0931,11872
ATQCUS0932,25507
ATQCUS0933,17449
ATQCUS0934,10676
ATQCUS0935,10766
ATQCUS0936,27932
ATQCUS0937,14271
ATQCUS0938,19038
ATQCUS0939,20296
ATQCUS0940,15484
ATQCUS0941,20975
ATQCUS0942,23239
ATQCUS0943,9608
ATQCUS0944,18963
ATQCUS0945,17326
ATQCUS0946,27387
ATQCUS0947,30718
ATQCUS0948,17445
ATQCUS0949,4127
ATQCUS0950,9181
ATQCUS0951,8299
ATQCUS0952,6851
ATQCUS0953,14491
ATQCUS0954,9016
ATQCUS0955,10145
ATQCUS0956,10447
ATQCUS0957,7262
ATQCUS0958,9405
ATQCUS0959,8773
ATQCUS0960,15884
ATQCUS0961,6408
ATQCUS0962,11355
ATQCUS0963,12683
ATQCUS0964,9629
ATQCUS0965,10209
ATQCUS0966,15764
ATQCUS0967,13545
ATQCUS0968,9367
ATQCUS0969,6468
ATQCUS0970,9045
ATQCUS0971,6402
ATQCUS0972,8426
ATQCUS0973,8750
ATQCUS0974,7525
ATQCUS0975,10980
ATQCUS0976,13115
ATQCUS0977,12370
ATQCUS0978,11822
ATQCUS0979,9315
ATQCUS0980,10727
ATQCUS0981,12856
ATQCUS0982,6780
ATQCUS0983,8746
ATQCUS0984,11913
ATQCUS0985,7398
ATQCUS0986,7947
ATQCUS0987,5495
ATQCUS0988,5355
ATQCUS0989,11149
ATQCUS0990,10236
ATQCUS0991,12776
ATQCUS0992,21197
ATQCUS0993,13782
ATQCUS0994,10493
ATQCUS0995,14725
ATQCUS0996,13311
ATQCUS0997,18586
ATQCUS0998,10223
ATQCUS0999,12560
ATQCUS1000,17459
ATQCUS1001,21789
ATQCUS1002,14033
ATQCUS1003,11997
ATQCUS1004,16042
ATQCUS1005,17728
ATQCUS1006,18649
ATQCUS1007,11532
ATQCUS1008,17673
ATQCUS1009,21083
ATQCUS1010,15924
ATQCUS1011,15054
ATQCUS1012,17076
ATQCUS1013,14188
ATQCUS1014,18893
ATQCUS1015,13996
ATQCUS1016,18321
ATQCUS1017,10990
ATQCUS1018,13136
ATQCUS1019,14386
ATQCUS1020,2887
ATQCUS1021,10907
ATQCUS1022,11653
ATQCUS1023,8292
ATQCUS1024,8650
ATQCUS1025,9955
ATQCUS1026,10658
ATQCUS1027,11085
ATQCUS1028,10665
ATQCUS1029,12361
ATQCUS1030,10395
ATQCUS1031,6779
ATQCUS1032,8421
ATQCUS1033,7433
ATQCUS1034,10013
ATQCUS1035,13873
ATQCUS1036,11957
ATQCUS1037,9187
ATQCUS1038,11719
ATQCUS1039,9837
ATQCUS1040,10104
ATQCUS1041,8609
ATQCUS1042,7273
ATQCUS1043,6077
ATQCUS1044,15188
ATQCUS1045,9373
ATQCUS1046,9634
ATQCUS1047,8604
ATQCUS1048,7204
ATQCUS1049,6330
ATQCUS1050,8724
ATQCUS1051,8050
ATQCUS1052,11134
ATQCUS1053,8377
ATQCUS1054,9541
ATQCUS1055,11597
ATQCUS1056,7665
ATQCUS1057,13526
ATQCUS1058,6268
ATQCUS1059,6444
ATQCUS1060,7684
ATQCUS1061,8994
ATQCUS1062,9745
ATQCUS1063,9058
ATQCUS1064,10937
ATQCUS1065,12422
ATQCUS1066,12301
ATQCUS1067,24822
ATQCUS1068,8308
ATQCUS1069,17178
ATQCUS1070,27592
ATQCUS1071,22142
ATQCUS1072,16734
ATQCUS1073,20722
ATQCUS1074,15124
ATQCUS1075,21469
ATQCUS1076,20127
ATQCUS1077,15498
ATQCUS1078,15447
ATQCUS1079,22504
ATQCUS1080,14782
ATQCUS1081,19838
ATQCUS1082,12684
ATQCUS1083,14077
ATQCUS1084,14225
ATQCUS1085,30250
ATQCUS1086,17525
ATQCUS1087,11852
ATQCUS1088,14320
ATQCUS1089,20869
ATQCUS1090,11159
ATQCUS1091,15618
ATQCUS1092,27859
ATQCUS1093,13580
ATQCUS1094,8800
ATQCUS1095,12748
ATQCUS1096,14575
ATQCUS1097,17876
ATQCUS1098,18788
ATQCUS1099,19389
ATQCUS1100,20328
ATQCUS1101,16428
ATQCUS1102,17226
ATQCUS1103,12481
ATQCUS1104,16459
ATQCUS1105,11531
ATQCUS1106,25641
ATQCUS1107,10376
ATQCUS1108,4940
ATQCUS1109,8021
ATQCUS1110,9490
ATQCUS1111,9114
ATQCUS1112,4734
ATQCUS1113,6247
ATQCUS1114,12530
ATQCUS1115,6763
ATQCUS1116,8288
ATQCUS1117,10788
ATQCUS1118,12200
ATQCUS1119,5519
ATQCUS1120,6846
ATQCUS1121,10352
ATQCUS1122,6931
ATQCUS1123,7612
ATQCUS1124,7173
ATQCUS1125,7495
ATQCUS1126,11426
ATQCUS1127,9877
ATQCUS1128,10047
ATQCUS1129,8502
ATQCUS1130,8649
ATQCUS1131,9949
ATQCUS1132,8248
ATQCUS1133,7774
ATQCUS1134,8180
ATQCUS1135,8290
ATQCUS1136,9077
ATQCUS1137,8836
ATQCUS1138,7689
ATQCUS1139,12707
ATQCUS1140,13781
ATQCUS1141,10007
ATQCUS1142,10403
ATQCUS1143,11202
ATQCUS1144,14092
ATQCUS1145,10695
ATQCUS1146,15111
ATQCUS1147,9636
ATQCUS1148,15116
ATQCUS1149,6963
ATQCUS1150,15010
ATQCUS1151,7303
ATQCUS1152,12859
ATQCUS1153,10282
ATQCUS1154,11431
ATQCUS1155,17093
ATQCUS1156,8759
ATQCUS1157,13790
ATQCUS1158,8446
ATQCUS1159,8740
ATQCUS1160,13388
ATQCUS1161,10446
ATQCUS1162,9725
ATQCUS1163,5465
ATQCUS1164,6906
ATQCUS1165,9836
ATQCUS1166,8521
ATQCUS1167,7767
ATQCUS1168,9213
ATQCUS1169,6023
ATQCUS1170,6383
ATQCUS1171,10127
ATQCUS1172,11581
ATQCUS1173,7018
ATQCUS1174,9366
ATQCUS1175,9986
ATQCUS1176,7855
ATQCUS1177,7095
ATQCUS1178,6747
ATQCUS1179,8389
ATQCUS1180,7732
ATQCUS1181,11891
ATQCUS1182,5725
ATQCUS1183,7073
ATQCUS1184,5248
ATQCUS1185,5422
ATQCUS1186,9346
ATQCUS1187,7559
ATQCUS1188,7432
ATQCUS1189,6623
ATQCUS1190,8700
ATQCUS1191,8710
ATQCUS1192,8414
ATQCUS1193,7569
ATQCUS1194,12291
ATQCUS1195,9803
ATQCUS1196,5852
ATQCUS1197,6783
ATQCUS1198,8076
ATQCUS1199,7649
ATQCUS1200,10529
ATQCUS1201,8502
ATQCUS1202,4366
ATQCUS1203,7172
ATQCUS1204,11957
ATQCUS1205,13426
ATQCUS1206,6347
ATQCUS1207,7967
ATQCUS1208,9341
ATQCUS1209,9025
ATQCUS1210,8294
ATQCUS1211,6153
ATQCUS1212,11280
ATQCUS1213,13965
ATQCUS1214,31159
ATQCUS1215,11349
ATQCUS1216,17020
ATQCUS1217,15537
ATQCUS1218,20327
ATQCUS1219,14812
ATQCUS1220,14016
ATQCUS1221,10556
ATQCUS1222,14593
ATQCUS1223,9819
ATQCUS1224,13835
ATQCUS1225,16546
ATQCUS1226,13908
ATQCUS1227,12761
ATQCUS1228,20203
ATQCUS1229,23309
ATQCUS1230,8657
ATQCUS1231,20488
ATQCUS1232,10820
ATQCUS1233,17090
ATQCUS1234,16058
ATQCUS1235,11118
ATQCUS1236,23311
ATQCUS1237,14334
ATQCUS1238,9196
ATQCUS1239,14589
ATQCUS1240,16375
ATQCUS1241,15053
ATQCUS1242,18353
ATQCUS1243,14781
ATQCUS1244,19467
ATQCUS1245,22548
ATQCUS1246,26896
ATQCUS1247,23854
ATQCUS1248,12810
ATQCUS1249,20955
ATQCUS1250,8981
ATQCUS1251,10305
ATQCUS1252,10440
ATQCUS1253,4709
ATQCUS1254,7090
ATQCUS1255,4584
ATQCUS1256,6821
ATQCUS1257,11714
ATQCUS1258,10318
ATQCUS1259,10389
ATQCUS1260,10784
ATQCUS1261,7853
ATQCUS1262,7541
ATQCUS1263,6472
ATQCUS1264,11016
ATQCUS1265,6425
ATQCUS1266,6856
ATQCUS1267,6254
ATQCUS1268,11766
ATQCUS1269,15892
ATQCUS1270,11140
ATQCUS1271,11755
ATQCUS1272,4608
ATQCUS1273,16792
ATQCUS1274,11329
ATQCUS1275,10877
ATQCUS1276,14073
ATQCUS1277,12349
ATQCUS1278,7845
ATQCUS1279,13653
ATQCUS1280,9988
ATQCUS1281,7071
ATQCUS1282,6614
ATQCUS1283,15189
ATQCUS1284,11514
ATQCUS1285,9449
ATQCUS1286,8948
ATQCUS1287,8524
ATQCUS1288,17778
ATQCUS1289,13501
ATQCUS1290,5680
ATQCUS1291,3831
ATQCUS1292,6260
ATQCUS1293,7041
ATQCUS1294,9174
ATQCUS1295,8487
ATQCUS1296,8503
ATQCUS1297,11546
ATQCUS1298,8006
ATQCUS1299,7976
ATQCUS1300,5461
ATQCUS1301,7520
ATQCUS1302,6563
ATQCUS1303,9475
ATQCUS1304,9463
ATQCUS1305,12878
ATQCUS1306,7053
ATQCUS1307,5515
ATQCUS1308,10629
ATQCUS1309,7841
ATQCUS1310,4549
ATQCUS1311,4178
ATQCUS1312,9544
ATQCUS1313,11449
ATQCUS1314,7462
ATQCUS1315,6210
ATQCUS1316,7761
ATQCUS1317,10227
ATQCUS1318,6673
ATQCUS1319,6966
ATQCUS1320,9524
ATQCUS1321,7742
ATQCUS1322,6357
ATQCUS1323,9985
ATQCUS1324,9637
ATQCUS1325,5490
ATQCUS1326,7294
ATQCUS1327,5738
ATQCUS1328,9586
ATQCUS1329,6507
ATQCUS1330,6873
ATQCUS1331,6203
ATQCUS1332,4222
ATQCUS1333,8690
ATQCUS1334,7172
ATQCUS1335,7546
ATQCUS1336,7478
ATQCUS1337,9608
ATQCUS1338,5942
ATQCUS1339,5305
ATQCUS1340,7504
ATQCUS1341,7125
ATQCUS1342,5865
ATQCUS1343,14316
ATQCUS1344,13901
ATQCUS1345,12117
ATQCUS1346,10998
ATQCUS1347,13808
ATQCUS1348,11816
ATQCUS1349,12057
ATQCUS1350,9996
ATQCUS1351,15488
ATQCUS1352,5535
ATQCUS1353,7774
ATQCUS1354,12739
ATQCUS1355,6080
ATQCUS1356,7176
ATQCUS1357,12055
ATQCUS1358,12074
ATQCUS1359,13075
ATQCUS1360,4739
ATQCUS1361,11247
ATQCUS1362,13998
ATQCUS1363,10337
ATQCUS1364,7914
ATQCUS1365,8081
ATQCUS1366,8568
ATQCUS1367,11054
ATQCUS1368,7170
ATQCUS1369,16220
ATQCUS1370,9797
ATQCUS1371,6874
ATQCUS1372,12256
ATQCUS1373,7084
ATQCUS1374,10041
ATQCUS1375,10506
ATQCUS1376,12861
ATQCUS1377,12485
ATQCUS1378,11418
ATQCUS1379,13717
ATQCUS1380,12732
ATQCUS1381,10293
ATQCUS1382,6841
ATQCUS1383,10852
ATQCUS1384,14327
ATQCUS1385,9867
ATQCUS1386,9452
ATQCUS1387,6950
ATQCUS1388,17760
ATQCUS1389,13064
ATQCUS1390,5646
ATQCUS1391,16189
ATQCUS1392,10171
ATQCUS1393,4243
ATQCUS1394,5544
ATQCUS1395,8045
ATQCUS1396,5846
ATQCUS1397,4514
ATQCUS1398,3982
ATQCUS1399,5490
ATQCUS1400,6902
ATQCUS1401,7570
ATQCUS1402,3935
ATQCUS1403,5824
ATQCUS1404,4575
ATQCUS1405,2291
ATQCUS1406,5889
ATQCUS1407,4311
ATQCUS1408,7012
ATQCUS1409,6659
ATQCUS1410,6373
ATQCUS1411,4737
ATQCUS1412,3266
ATQCUS1413,4721
ATQCUS1414,6541
ATQCUS1415,6485
ATQCUS1416,7129
ATQCUS1417,6019
ATQCUS1418,4783
ATQCUS1419,5485
ATQCUS1420,4997
ATQCUS1421,5589
ATQCUS1422,4553
ATQCUS1423,2916
ATQCUS1424,5120
ATQCUS1425,8642
ATQCUS1426,6803
ATQCUS1427,9837
ATQCUS1428,2019
ATQCUS1429,5507
ATQCUS1430,8759
ATQCUS1431,6684
ATQCUS1432,4668
ATQCUS1433,5880
ATQCUS1434,7610
ATQCUS1435,3098
ATQCUS1436,5504
ATQCUS1437,7922
ATQCUS1438,4619
ATQCUS1439,4525
ATQCUS1440,3100
ATQCUS1441,11738
ATQCUS1442,7886
ATQCUS1443,8542
ATQCUS1444,9530
ATQCUS1445,6188
ATQCUS1446,10428
ATQCUS1447,8362
ATQCUS1448,7591
ATQCUS1449,4203
ATQCUS1450,8210
ATQCUS1451,6750
ATQCUS1452,10410
ATQCUS1453,5372
ATQCUS1454,7431
ATQCUS1455,8060
ATQCUS1456,8133
ATQCUS1457,7400
ATQCUS1458,5076
ATQCUS1459,8122
ATQCUS1460,6533
ATQCUS1461,4615
ATQCUS1462,12312
ATQCUS1463,11151
ATQCUS1464,5895
ATQCUS1465,5744
ATQCUS1466,4994
ATQCUS1467,5833
ATQCUS1468,3739
ATQCUS1469,5004
ATQCUS1470,4193
ATQCUS1471,7315
ATQCUS1472,5451
ATQCUS1473,6241
ATQCUS1474,6846
ATQCUS1475,6582
ATQCUS1476,6199
ATQCUS1477,4772
ATQCUS1478,6177
ATQCUS1479,5853
ATQCUS1480,4343
ATQCUS1481,5215
ATQCUS1482,8061
ATQCUS1483,3373
ATQCUS1484,5651
ATQCUS1485,5866
ATQCUS1486,5655
ATQCUS1487,2993
ATQCUS1488,5133
ATQCUS1489,9430
ATQCUS1490,5799
ATQCUS1491,4948
ATQCUS1492,5708
ATQCUS1493,3776
ATQCUS1494,8243
ATQCUS1495,2491
ATQCUS1496,4663
ATQCUS1497,6095
ATQCUS1498,4760
ATQCUS1499,6257
ATQCUS1500,2131
ATQCUS1501,5976
ATQCUS1502,9098
ATQCUS1503,6765
ATQCUS1504,5958
ATQCUS1505,3631
ATQCUS1506,4144
ATQCUS1507,4543
ATQCUS1508,7541
ATQCUS1509,3561
ATQCUS1510,3800
ATQCUS1511,5799
ATQCUS1512,6218
ATQCUS1513,4973
ATQCUS1514,2936
ATQCUS1515,6041
ATQCUS1516,6678
ATQCUS1517,6164
ATQCUS1518,4635
ATQCUS1519,7290
ATQCUS1520,4758
ATQCUS1521,11501
ATQCUS1522,7429
ATQCUS1523,11802
ATQCUS1524,13478
ATQCUS1525,12233
ATQCUS1526,16827
ATQCUS1527,17331
ATQCUS1528,15322
ATQCUS1529,12125
ATQCUS1530,19572
ATQCUS1531,8630
ATQCUS1532,22079
ATQCUS1533,12754
ATQCUS1534,10474
ATQCUS1535,13237
ATQCUS1536,18471
ATQCUS1537,17513
ATQCUS1538,9762
ATQCUS1539,9519
ATQCUS1540,12257
ATQCUS1541,9425
ATQCUS1542,16986
ATQCUS1543,13132
ATQCUS1544,17548
ATQCUS1545,12581
ATQCUS1546,15144
ATQCUS1547,8621
ATQCUS1548,13056
ATQCUS1549,15837
ATQCUS1550,12270
ATQCUS1551,14471
ATQCUS1552,14186
ATQCUS1553,5679
ATQCUS1554,4546
ATQCUS1555,9141
ATQCUS1556,5163
ATQCUS1557,11907
ATQCUS1558,8175
ATQCUS1559,8615
ATQCUS1560,7925
ATQCUS1561,7395
ATQCUS1562,7149
ATQCUS1563,2995
ATQCUS1564,8409
ATQCUS1565,4745
ATQCUS1566,6054
ATQCUS1567,7278
ATQCUS1568,6306
ATQCUS1569,5097
ATQCUS1570,8918
ATQCUS1571,8553
ATQCUS1572,5570
ATQCUS1573,5962
ATQCUS1574,9628
ATQCUS1575,8467
ATQCUS1576,7634
ATQCUS1577,5544
ATQCUS1578,6409
ATQCUS1579,4889
ATQCUS1580,7054
ATQCUS1581,10141
ATQCUS1582,10831
ATQCUS1583,11227
ATQCUS1584,10600
ATQCUS1585,9571
ATQCUS1586,12546
ATQCUS1587,5117
ATQCUS1588,11039
ATQCUS1589,9200
ATQCUS1590,8780
ATQCUS1591,8127
ATQCUS1592,5376
ATQCUS1593,10458
ATQCUS1594,6266
ATQCUS1595,7729
ATQCUS1596,10502
ATQCUS1597,8611
ATQCUS1598,5339
ATQCUS1599,11498
ATQCUS1600,5915
ATQCUS1601,5810
ATQCUS1602,10911
ATQCUS1603,4127
ATQCUS1604,7975
ATQCUS1605,10037
ATQCUS1606,7592
ATQCUS1607,4907
ATQCUS1608,7476
ATQCUS1609,7021
ATQCUS1610,3274
ATQCUS1611,5216
ATQCUS1612,5208
ATQCUS1613,4374
ATQCUS1614,12001
ATQCUS1615,4632
ATQCUS1616,8107
ATQCUS1617,5233
ATQCUS1618,8474
ATQCUS1619,5675
ATQCUS1620,3601
ATQCUS1621,6102
ATQCUS1622,8571
ATQCUS1623,5581
ATQCUS1624,4068
ATQCUS1625,6292
ATQCUS1626,6456
ATQCUS1627,3969
ATQCUS1628,6218
ATQCUS1629,4942
ATQCUS1630,5197
ATQCUS1631,6949
ATQCUS1632,8398
ATQCUS1633,7734
ATQCUS1634,3839
ATQCUS1635,8486
ATQCUS1636,4647
ATQCUS1637,5487
ATQCUS1638,4890
ATQCUS1639,3491
ATQCUS1640,6228
ATQCUS1641,7421
ATQCUS1642,13110
ATQCUS1643,7855
ATQCUS1644,4350
ATQCUS1645,6983
ATQCUS1646,4872
ATQCUS1647,7170
ATQCUS1648,5740
ATQCUS1649,9149
ATQCUS1650,17529
ATQCUS1651,11533
ATQCUS1652,15292
ATQCUS1653,15409
ATQCUS1654,12099
ATQCUS1655,12424
ATQCUS1656,16345
ATQCUS1657,6090
ATQCUS1658,21919
ATQCUS1659,12316
ATQCUS1660,16915
ATQCUS1661,15531
ATQCUS1662,11063
ATQCUS1663,15465
ATQCUS1664,13228
ATQCUS1665,10766
ATQCUS1666,16695
ATQCUS1667,17887
ATQCUS1668,16007
ATQCUS1669,8460
ATQCUS1670,6736
ATQCUS1671,13041
ATQCUS1672,6461
ATQCUS1673,8066
ATQCUS1674,9375
ATQCUS1675,11904
ATQCUS1676,7111
ATQCUS1677,6975
ATQCUS1678,6341
ATQCUS1679,9208
ATQCUS1680,9012
ATQCUS1681,8963
ATQCUS1682,7555
ATQCUS1683,7868
ATQCUS1684,6905
ATQCUS1685,11957
ATQCUS1686,6938
ATQCUS1687,7199
ATQCUS1688,10026
ATQCUS1689,7624
ATQCUS1690,18901
ATQCUS1691,11158
ATQCUS1692,13260
ATQCUS1693,10000
ATQCUS1694,8806
ATQCUS1695,11131
ATQCUS1696,12544
ATQCUS1697,12257
ATQCUS1698,11696
ATQCUS1699,14733
ATQCUS1700,6215
ATQCUS1701,10618
ATQCUS1702,8499
ATQCUS1703,9425
ATQCUS1704,10518
ATQCUS1705,11191
ATQCUS1706,7793
ATQCUS1707,9352
ATQCUS1708,11554
ATQCUS1709,12156
ATQCUS1710,16182
ATQCUS1711,16155
ATQCUS1712,13995
ATQCUS1713,9467
ATQCUS1714,8678
ATQCUS1715,10207
ATQCUS1716,10718
ATQCUS1717,10127
ATQCUS1718,11304
ATQCUS1719,10550
ATQCUS1720,13334
ATQCUS1721,5857
ATQCUS1722,7495
ATQCUS1723,4586
ATQCUS1724,7197
ATQCUS1725,8406
ATQCUS1726,9128
ATQCUS1727,9358
ATQCUS1728,5582
ATQCUS1729,5619
ATQCUS1730,7408
ATQCUS1731,6267
ATQCUS1732,7000
ATQCUS1733,6536
ATQCUS1734,8050
ATQCUS1735,9746
ATQCUS1736,6566
ATQCUS1737,6284
ATQCUS1738,7817
ATQCUS1739,6979
ATQCUS1740,4083
ATQCUS1741,5489
ATQCUS1742,3800
ATQCUS1743,12011
ATQCUS1744,5573
ATQCUS1745,5324
ATQCUS1746,7453
ATQCUS1747,9818
ATQCUS1748,18989
ATQCUS1749,17177
ATQCUS1750,18193
ATQCUS1751,16548
ATQCUS1752,16547
ATQCUS1753,9274
ATQCUS1754,15662
ATQCUS1755,12082
ATQCUS1756,15004
ATQCUS1757,15243
ATQCUS1758,12886
ATQCUS1759,18808
ATQCUS1760,6987
ATQCUS1761,11442
ATQCUS1762,14537
ATQCUS1763,8527
ATQCUS1764,7994
ATQCUS1765,6255
ATQCUS1766,3550
ATQCUS1767,7495
ATQCUS1768,4971
ATQCUS1769,10579
ATQCUS1770,7368
ATQCUS1771,2358
ATQCUS1772,5619
ATQCUS1773,4291
ATQCUS1774,4591
ATQCUS1775,9592
ATQCUS1776,9119
ATQCUS1777,7939
ATQCUS1778,13814
ATQCUS1779,15799
ATQCUS1780,8142
ATQCUS1781,9582
ATQCUS1782,10494
ATQCUS1783,14338
ATQCUS1784,8211
ATQCUS1785,11098
ATQCUS1786,12035
ATQCUS1787,9741
ATQCUS1788,10614
ATQCUS1789,12497
ATQCUS1790,10559
ATQCUS1791,12072
ATQCUS1792,4497
ATQCUS1793,9481
ATQCUS1794,8322
ATQCUS1795,9524
ATQCUS1796,3480
ATQCUS1797,6762
ATQCUS1798,5685
ATQCUS1799,6096
ATQCUS1800,7148
ATQCUS1801,7756
ATQCUS1802,4872
ATQCUS1803,7735
ATQCUS1804,9355
ATQCUS1805,3087
ATQCUS1806,6590
ATQCUS1807,6275
ATQCUS1808,5780
ATQCUS1809,9634
ATQCUS1810,8757
ATQCUS1811,10859
ATQCUS1812,12714
ATQCUS1813,11379
ATQCUS1814,11835
ATQCUS1815,12450
ATQCUS1816,7856
ATQCUS1817,14417
ATQCUS1818,20429
ATQCUS1819,13351
ATQCUS1820,12148
ATQCUS1821,11232
ATQCUS1822,15799
ATQCUS1823,13195
ATQCUS1824,13148
ATQCUS1825,13880
ATQCUS1826,8227
ATQCUS1827,13593
ATQCUS1828,21088
ATQCUS1829,15400
ATQCUS1830,16129
ATQCUS1831,7061
ATQCUS1832,8575
ATQCUS1833,6219
ATQCUS1834,6622
ATQCUS1835,5561
ATQCUS1836,10608
ATQCUS1837,3499
ATQCUS1838,6326
ATQCUS1839,8574
ATQCUS1840,8002
ATQCUS1841,4491
ATQCUS1842,6667
ATQCUS1843,4327
ATQCUS1844,4673
ATQCUS1845,8431
ATQCUS1846,12074
ATQCUS1847,10762
ATQCUS1848,12022
ATQCUS1849,6153
ATQCUS1850,12414
ATQCUS1851,7846
ATQCUS1852,7893
ATQCUS1853,11875
ATQCUS1854,11898
ATQCUS1855,9297
ATQCUS1856,10909
ATQCUS1857,8413
ATQCUS1858,8446
ATQCUS1859,14095
ATQCUS1860,5795
ATQCUS1861,9292
ATQCUS1862,10258
ATQCUS1863,7354
ATQCUS1864,11278
ATQCUS1865,10375
ATQCUS1866,9141
ATQCUS1867,10752
ATQCUS1868,6889
ATQCUS1869,8988
ATQCUS1870,7922
ATQCUS1871,13278
ATQCUS1872,11338
ATQCUS1873,6427
ATQCUS1874,5117
ATQCUS1875,9091
ATQCUS1876,6263
ATQCUS1877,7271
ATQCUS1878,7264
ATQCUS1879,7743
ATQCUS1880,5775
ATQCUS1881,8150
ATQCUS1882,5620
ATQCUS1883,10355
ATQCUS1884,6622
ATQCUS1885,6345
ATQCUS1886,5066
ATQCUS1887,6435
ATQCUS1888,6465
ATQCUS1889,5205
ATQCUS1890,5186
ATQCUS1891,9404
ATQCUS1892,4308
ATQCUS1893,7178
ATQCUS1894,4830
ATQCUS1895,6575
ATQCUS1896,6365
ATQCUS1897,4914
ATQCUS1898,3824
ATQCUS1899,6565
ATQCUS1900,5464
ATQCUS1901,5384
ATQCUS1902,6738
ATQCUS1903,11101
ATQCUS1904,8024
ATQCUS1905,7587
ATQCUS1906,8483
ATQCUS1907,12235
ATQCUS1908,7529
ATQCUS1909,15351
ATQCUS1910,11469
ATQCUS1911,11907
ATQCUS1912,10447
ATQCUS1913,6643
ATQCUS1914,9407
ATQCUS1915,7737
ATQCUS1916,3942
ATQCUS1917,6128
ATQCUS1918,3188
ATQCUS1919,3988
ATQCUS1920,5340
ATQCUS1921,7445
ATQCUS1922,4917
ATQCUS1923,1864
ATQCUS1924,4546
ATQCUS1925,7008
ATQCUS1926,5069
ATQCUS1927,4502
ATQCUS1928,7202
ATQCUS1929,4509
ATQCUS1930,6885
ATQCUS1931,3354
ATQCUS1932,6025
ATQCUS1933,4656
ATQCUS1934,5833
ATQCUS1935,9292
ATQCUS1936,8326
ATQCUS1937,8995
ATQCUS1938,6998
ATQCUS1939,5118
ATQCUS1940,5956
ATQCUS1941,4837
ATQCUS1942,3642
ATQCUS1943,6092
ATQCUS1944,3402
ATQCUS1945,4964
ATQCUS1946,3295
ATQCUS1947,5893
ATQCUS1948,6602
ATQCUS1949,2043
ATQCUS1950,4844
ATQCUS1951,3468
ATQCUS1952,5529
ATQCUS1953,15043
ATQCUS1954,14601
ATQCUS1955,9458
ATQCUS1956,11848
ATQCUS1957,10990
ATQCUS1958,14074
ATQCUS1959,14889
ATQCUS1960,5262
ATQCUS1961,15192
ATQCUS1962,11964
ATQCUS1963,14981
ATQCUS1964,5393
ATQCUS1965,3372
ATQCUS1966,7694
ATQCUS1967,5001
ATQCUS1968,6366
ATQCUS1969,5292
ATQCUS1970,2955
ATQCUS1971,4261
ATQCUS1972,6697
ATQCUS1973,4804
ATQCUS1974,5974
ATQCUS1975,9009
ATQCUS1976,8457
ATQCUS1977,7522
ATQCUS1978,4818
ATQCUS1979,2474
ATQCUS1980,8600
ATQCUS1981,11965
ATQCUS1982,12274
ATQCUS1983,7729
ATQCUS1984,4679
ATQCUS1985,8630
ATQCUS1986,10126
ATQCUS1987,10663
ATQCUS1988,7450
ATQCUS1989,7684
ATQCUS1990,2354
ATQCUS1991,3901
ATQCUS1992,5230
ATQCUS1993,5102
ATQCUS1994,8293
ATQCUS1995,5447
ATQCUS1996,3825
ATQCUS1997,3623
ATQCUS1998,3702
ATQCUS1999,7113
ATQCUS2000,6832
ATQCUS2001,7518
ATQCUS2002,9242
ATQCUS2003,7835
ATQCUS2004,14435
ATQCUS2005,6654
ATQCUS2006,5642
ATQCUS2007,6333
ATQCUS2008,9883
ATQCUS2009,8348
ATQCUS2010,10051
ATQCUS2011,10889
ATQCUS2012,13510
ATQCUS2013,8860
ATQCUS2014,2511
ATQCUS2015,6719
ATQCUS2016,3375
ATQCUS2017,2960
ATQCUS2018,5684
ATQCUS2019,6085
ATQCUS2020,5705
ATQCUS2021,7073
ATQCUS2022,7359
ATQCUS2023,4398
ATQCUS2024,6249
ATQCUS2025,5080
ATQCUS2026,5752
ATQCUS2027,4710
ATQCUS2028,5099
ATQCUS2029,9776
ATQCUS2030,5033
ATQCUS2031,9173
ATQCUS2032,5616
ATQCUS2033,8451
ATQCUS2034,11202
ATQCUS2035,3393
ATQCUS2036,5063
ATQCUS2037,5321
ATQCUS2038,3663
ATQCUS2039,3370
ATQCUS2040,4974
ATQCUS2041,2686
ATQCUS2042,8022
ATQCUS2043,9069
ATQCUS2044,9421
ATQCUS2045,8364
ATQCUS2046,7940
ATQCUS2047,5408
ATQCUS2048,1710
ATQCUS2049,4163
ATQCUS2050,3413
ATQCUS2051,5242
ATQCUS2052,5118
ATQCUS2053,2022
ATQCUS2054,3888
ATQCUS2055,5210
ATQCUS2056,6936
ATQCUS2057,4861
ATQCUS2058,9254
ATQCUS2059,6365
ATQCUS2060,3669
ATQCUS2061,3510
ATQCUS2062,2921
ATQCUS2063,3111
ATQCUS2064,6134
ATQCUS2065,2621
ATQCUS2066,1927
ATQCUS2067,2727
ATQCUS2068,8498
ATQCUS2069,5994
ATQCUS2070,9104
ATQCUS2071,7943
ATQCUS2072,3628
ATQCUS2073,7831
ATQCUS2074,3089
ATQCUS2075,3171
ATQCUS2076,2648
ATQCUS2077,3502
ATQCUS2078,3894
ATQCUS2079,16169
ATQCUS2080,12673
ATQCUS2081,18824
ATQCUS2082,20508
ATQCUS2083,20012
ATQCUS2084,15758
ATQCUS2085,17856
ATQCUS2086,14527
ATQCUS2087,11785
ATQCUS2088,10782
ATQCUS2089,12282
ATQCUS2090,14546
ATQCUS2091,12845
ATQCUS2092,15958
ATQCUS2093,11158
ATQCUS2094,17223
ATQCUS2095,12335
ATQCUS2096,14379
ATQCUS2097,16089
ATQCUS2098,13210
ATQCUS2099,17893
ATQCUS2100,18401
ATQCUS2101,14170
ATQCUS2102,22929
ATQCUS2103,18687
ATQCUS2104,7557
ATQCUS2105,14893
ATQCUS2106,21479
ATQCUS2107,11331
ATQCUS2108,15350
ATQCUS2109,19506
ATQCUS2110,17884
ATQCUS2111,19450
ATQCUS2112,19735
ATQCUS2113,17272
ATQCUS2114,14473
ATQCUS2115,12720
ATQCUS2116,7176
ATQCUS2117,6540
ATQCUS2118,5313
ATQCUS2119,8864
ATQCUS2120,4608
ATQCUS2121,8563
ATQCUS2122,7460
ATQCUS2123,7883
ATQCUS2124,9339
ATQCUS2125,7461
ATQCUS2126,5059
ATQCUS2127,6692
ATQCUS2128,10062
ATQCUS2129,9472
ATQCUS2130,7896
ATQCUS2131,5905
ATQCUS2132,8161
ATQCUS2133,8486
ATQCUS2134,6934
ATQCUS2135,10005
ATQCUS2136,5820
ATQCUS2137,7331
ATQCUS2138,8071
ATQCUS2139,9499
ATQCUS2140,6483
ATQCUS2141,5763
ATQCUS2142,9911
ATQCUS2143,7912
ATQCUS2144,10075
ATQCUS2145,7949
ATQCUS2146,8427
ATQCUS2147,8367
ATQCUS2148,14263
ATQCUS2149,10563
ATQCUS2150,13238
ATQCUS2151,8810
ATQCUS2152,10734
ATQCUS2153,6588
ATQCUS2154,6393
ATQCUS2155,8997
ATQCUS2156,8218
ATQCUS2157,6903
ATQCUS2158,5189
ATQCUS2159,4900
ATQCUS2160,5875
ATQCUS2161,8955
ATQCUS2162,8303
ATQCUS2163,7884
ATQCUS2164,6245
ATQCUS2165,5995
ATQCUS2166,8310
ATQCUS2167,7613
ATQCUS2168,7538
ATQCUS2169,8992
ATQCUS2170,12549
ATQCUS2171,7106
ATQCUS2172,8137
ATQCUS2173,5979
ATQCUS2174,11259
ATQCUS2175,8471
ATQCUS2176,8127
ATQCUS2177,7494
ATQCUS2178,6876
ATQCUS2179,6328
ATQCUS2180,10819
ATQCUS2181,8893
ATQCUS2182,13485
ATQCUS2183,22018
ATQCUS2184,18149
ATQCUS2185,10344
ATQCUS2186,13867
ATQCUS2187,14397
ATQCUS2188,17927
ATQCUS2189,19864
ATQCUS2190,18850
ATQCUS2191,12139
ATQCUS2192,12812
ATQCUS2193,19038
ATQCUS2194,9144
ATQCUS2195,11025
ATQCUS2196,13178
ATQCUS2197,10296
ATQCUS2198,9623
ATQCUS2199,24388
ATQCUS2200,8036
ATQCUS2201,15711
ATQCUS2202,13853
ATQCUS2203,9636
ATQCUS2204,18280
ATQCUS2205,12438
ATQCUS2206,10083
ATQCUS2207,12687
ATQCUS2208,19674
ATQCUS2209,7476
ATQCUS2210,17577
ATQCUS2211,20438
ATQCUS2212,14715
ATQCUS2213,16988
ATQCUS2214,16626
ATQCUS2215,16026
ATQCUS2216,10059
ATQCUS2217,7559
ATQCUS2218,13380
ATQCUS2219,6298
ATQCUS2220,11610
ATQCUS2221,16166
ATQCUS2222,7764
ATQCUS2223,8523
ATQCUS2224,7562
ATQCUS2225,8748
ATQCUS2226,4338
ATQCUS2227,5875
ATQCUS2228,6869
ATQCUS2229,7048
ATQCUS2230,8672
ATQCUS2231,10008
ATQCUS2232,6601
ATQCUS2233,7950
ATQCUS2234,7424
ATQCUS2235,9200
ATQCUS2236,7257
ATQCUS2237,3746
ATQCUS2238,7904
ATQCUS2239,7131
ATQCUS2240,5685
ATQCUS2241,8297
ATQCUS2242,4666
ATQCUS2243,9071
ATQCUS2244,12395
ATQCUS2245,14556
ATQCUS2246,6788
ATQCUS2247,7149
ATQCUS2248,6455
ATQCUS2249,9934
ATQCUS2250,16378
ATQCUS2251,6726
ATQCUS2252,4859
ATQCUS2253,10259
ATQCUS2254,9829
ATQCUS2255,5135
ATQCUS2256,8788
ATQCUS2257,7851
ATQCUS2258,7317
ATQCUS2259,3549
ATQCUS2260,8017
ATQCUS2261,8883
ATQCUS2262,5988
ATQCUS2263,5120
ATQCUS2264,2687
ATQCUS2265,7331
ATQCUS2266,5275
ATQCUS2267,6476
ATQCUS2268,4646
ATQCUS2269,8947
ATQCUS2270,5950
ATQCUS2271,7988
ATQCUS2272,4341
ATQCUS2273,12136
ATQCUS2274,12993
ATQCUS2275,11148
ATQCUS2276,4871
ATQCUS2277,16306
ATQCUS2278,14038
ATQCUS2279,9612
ATQCUS2280,10110
ATQCUS2281,10558
ATQCUS2282,13670
ATQCUS2283,7288
ATQCUS2284,10458
ATQCUS2285,16321
ATQCUS2286,12202
ATQCUS2287,15162
ATQCUS2288,16591
ATQCUS2289,9493
ATQCUS2290,12328
ATQCUS2291,12337
ATQCUS2292,11703
ATQCUS2293,12094
ATQCUS2294,12810
ATQCUS2295,10172
ATQCUS2296,10049
ATQCUS2297,8452
ATQCUS2298,11682
ATQCUS2299,4760
ATQCUS2300,6235
ATQCUS2301,9201
ATQCUS2302,3976
ATQCUS2303,3201
ATQCUS2304,7450
ATQCUS2305,4501
ATQCUS2306,4760
ATQCUS2307,6734
ATQCUS2308,6642
ATQCUS2309,6649
ATQCUS2310,6324
ATQCUS2311,5942
ATQCUS2312,3526
ATQCUS2313,6905
ATQCUS2314,5469
ATQCUS2315,7987
ATQCUS2316,7057
ATQCUS2317,8716
ATQCUS2318,9044
ATQCUS2319,11489
ATQCUS2320,6206
ATQCUS2321,10056
ATQCUS2322,14210
ATQCUS2323,9484
ATQCUS2324,3293
ATQCUS2325,10132
ATQCUS2326,10821
ATQCUS2327,5190
ATQCUS2328,7049
ATQCUS2329,5958
ATQCUS2330,5845
ATQCUS2331,6224
ATQCUS2332,5655
ATQCUS2333,9272
ATQCUS2334,4679
ATQCUS2335,5420
ATQCUS2336,5133
ATQCUS2337,5670
ATQCUS2338,4249
ATQCUS2339,5834
ATQCUS2340,10317
ATQCUS2341,7013
ATQCUS2342,4828
ATQCUS2343,6905
ATQCUS2344,4283
ATQCUS2345,6453
ATQCUS2346,3644
ATQCUS2347,2979
ATQCUS2348,6101
ATQCUS2349,6301
ATQCUS2350,9594
ATQCUS2351,5078
ATQCUS2352,10472
ATQCUS2353,6959
ATQCUS2354,12795
ATQCUS2355,9549
ATQCUS2356,8798
ATQCUS2357,6146
ATQCUS2358,13676
ATQCUS2359,10421
ATQCUS2360,9743
ATQCUS2361,8107
ATQCUS2362,7194
ATQCUS2363,4017
ATQCUS2364,11110
ATQCUS2365,8717
ATQCUS2366,7887
ATQCUS2367,8081
ATQCUS2368,10786
ATQCUS2369,8605
ATQCUS2370,10325
ATQCUS2371,5194
ATQCUS2372,8888
ATQCUS2373,6504
ATQCUS2374,6005
ATQCUS2375,6967
ATQCUS2376,8290
ATQCUS2377,9363
ATQCUS2378,8257
ATQCUS2379,9712
ATQCUS2380,7881
ATQCUS2381,5235
ATQCUS2382,11496
ATQCUS2383,10199
ATQCUS2384,2846
ATQCUS2385,9243
ATQCUS2386,7885
ATQCUS2387,7723
ATQCUS2388,6366
ATQCUS2389,7075
ATQCUS2390,4151
ATQCUS2391,5019
ATQCUS2392,7834
ATQCUS2393,5230
ATQCUS2394,3278
ATQCUS2395,6051
ATQCUS2396,5304
ATQCUS2397,3726
ATQCUS2398,4136
ATQCUS2399,3681
ATQCUS2400,4799
ATQCUS2401,4460
ATQCUS2402,6119
ATQCUS2403,3260
ATQCUS2404,3907
ATQCUS2405,3872
ATQCUS2406,3295
ATQCUS2407,4461
ATQCUS2408,3840
ATQCUS2409,3205
ATQCUS2410,2921
ATQCUS2411,3944
ATQCUS2412,2970
ATQCUS2413,3985
ATQCUS2414,3941
ATQCUS2415,6070
ATQCUS2416,3993
ATQCUS2417,4926
ATQCUS2418,6630
ATQCUS2419,5617
ATQCUS2420,4977
ATQCUS2421,7898
ATQCUS2422,5326
ATQCUS2423,6791
ATQCUS2424,4654
ATQCUS2425,8127
ATQCUS2426,5779
ATQCUS2427,4766
ATQCUS2428,6364
ATQCUS2429,6309
ATQCUS2430,4882
ATQCUS2431,2233
ATQCUS2432,3752
ATQCUS2433,4518
ATQCUS2434,3345
ATQCUS2435,4917
ATQCUS2436,2189
ATQCUS2437,2778
ATQCUS2438,4083
ATQCUS2439,4066
ATQCUS2440,4339
ATQCUS2441,3952
ATQCUS2442,5018
ATQCUS2443,6337
ATQCUS2444,3993
ATQCUS2445,4369
ATQCUS2446,5015
ATQCUS2447,3269
ATQCUS2448,7699
ATQCUS2449,2211
ATQCUS2450,5002
ATQCUS2451,3737
ATQCUS2452,3236
ATQCUS2453,4951
ATQCUS2454,4265
ATQCUS2455,6641
ATQCUS2456,4449
ATQCUS2457,9026
ATQCUS2458,9510
ATQCUS2459,12441
ATQCUS2460,10588
ATQCUS2461,15269
ATQCUS2462,15128
ATQCUS2463,9200
ATQCUS2464,12903
ATQCUS2465,12070
ATQCUS2466,10650
ATQCUS2467,12289
ATQCUS2468,10387
ATQCUS2469,9498
ATQCUS2470,10137
ATQCUS2471,13116
ATQCUS2472,11100
ATQCUS2473,13663
ATQCUS2474,17655
ATQCUS2475,6319
ATQCUS2476,7652
ATQCUS2477,9442
ATQCUS2478,9895
ATQCUS2479,10648
ATQCUS2480,14976
ATQCUS2481,8910
ATQCUS2482,6705
ATQCUS2483,3983
ATQCUS2484,5843
ATQCUS2485,3527
ATQCUS2486,7024
ATQCUS2487,6687
ATQCUS2488,4038
ATQCUS2489,5958
ATQCUS2490,3986
ATQCUS2491,3715
ATQCUS2492,3747
ATQCUS2493,4122
ATQCUS2494,4810
ATQCUS2495,5939
ATQCUS2496,7769
ATQCUS2497,7254
ATQCUS2498,2830
ATQCUS2499,7750
ATQCUS2500,8123
ATQCUS2501,10689
ATQCUS2502,6375
ATQCUS2503,6611
ATQCUS2504,6590
ATQCUS2505,4880
ATQCUS2506,3255
ATQCUS2507,3747
ATQCUS2508,3710
ATQCUS2509,7316
ATQCUS2510,6104
ATQCUS2511,4860
ATQCUS2512,4371
ATQCUS2513,7254
ATQCUS2514,3715
ATQCUS2515,3888
ATQCUS2516,3527
ATQCUS2517,3881
ATQCUS2518,7711
ATQCUS2519,4165
ATQCUS2520,3959
ATQCUS2521,6229
ATQCUS2522,3638
ATQCUS2523,15462
ATQCUS2524,14839
ATQCUS2525,13303
ATQCUS2526,19132
ATQCUS2527,21041
ATQCUS2528,14874
ATQCUS2529,10050
ATQCUS2530,6104
ATQCUS2531,14379
ATQCUS2532,20182
ATQCUS2533,30828
ATQCUS2534,12478
ATQCUS2535,11272
ATQCUS2536,15780
ATQCUS2537,21799
ATQCUS2538,18562
ATQCUS2539,13541
ATQCUS2540,11758
ATQCUS2541,16510
ATQCUS2542,11467
ATQCUS2543,11734
ATQCUS2544,16738
ATQCUS2545,17661
ATQCUS2546,13510
ATQCUS2547,19996
ATQCUS2548,14190
ATQCUS2549,17504
ATQCUS2550,13835
ATQCUS2551,11928
ATQCUS2552,17624
ATQCUS2553,14766
ATQCUS2554,12990
ATQCUS2555,24039
ATQCUS2556,7133
ATQCUS2557,17279
ATQCUS2558,9652
ATQCUS2559,15506
ATQCUS2560,15983
ATQCUS2561,13657
ATQCUS2562,14242
ATQCUS2563,17654
ATQCUS2564,6024
ATQCUS2565,17701
ATQCUS2566,20224
ATQCUS2567,15038
ATQCUS2568,13677
ATQCUS2569,28396
ATQCUS2570,19106
ATQCUS2571,22394
ATQCUS2572,21966
ATQCUS2573,23012
ATQCUS2574,17107
ATQCUS2575,17963
ATQCUS2576,20912
ATQCUS2577,9220
ATQCUS2578,8119
ATQCUS2579,9086
ATQCUS2580,7099
ATQCUS2581,5480
ATQCUS2582,8995
ATQCUS2583,7568
ATQCUS2584,7729
ATQCUS2585,9087
ATQCUS2586,7858
ATQCUS2587,5356
ATQCUS2588,8910
ATQCUS2589,10021
ATQCUS2590,9322
ATQCUS2591,7444
ATQCUS2592,5595
ATQCUS2593,7806
ATQCUS2594,8894
ATQCUS2595,9368
ATQCUS2596,11128
ATQCUS2597,10366
ATQCUS2598,8230
ATQCUS2599,5954
ATQCUS2600,8547
ATQCUS2601,10029
ATQCUS2602,7851
ATQCUS2603,10662
ATQCUS2604,12298
ATQCUS2605,11004
ATQCUS2606,11424
ATQCUS2607,11082
ATQCUS2608,7965
ATQCUS2609,10321
ATQCUS2610,12075
ATQCUS2611,13244
ATQCUS2612,8510
ATQCUS2613,15133
ATQCUS2614,4669
ATQCUS2615,8562
ATQCUS2616,9553
ATQCUS2617,8060
ATQCUS2618,5543
ATQCUS2619,13251
ATQCUS2620,8500
ATQCUS2621,7967
ATQCUS2622,8992
ATQCUS2623,9536
ATQCUS2624,10348
ATQCUS2625,9518
ATQCUS2626,5184
ATQCUS2627,6898
ATQCUS2628,10525
ATQCUS2629,7062
ATQCUS2630,10622
ATQCUS2631,8543
ATQCUS2632,11780
ATQCUS2633,14588
ATQCUS2634,18470
ATQCUS2635,15500
ATQCUS2636,17921
ATQCUS2637,12919
ATQCUS2638,18842
ATQCUS2639,11258
ATQCUS2640,9610
ATQCUS2641,22588
ATQCUS2642,25182
ATQCUS2643,16814
ATQCUS2644,13972
ATQCUS2645,13145
ATQCUS2646,19758
ATQCUS2647,13305
ATQCUS2648,12971
ATQCUS2649,16807
ATQCUS2650,21342
ATQCUS2651,11823
ATQCUS2652,16652
ATQCUS2653,11477
ATQCUS2654,17756
ATQCUS2655,15055
ATQCUS2656,16556
ATQCUS2657,15006
ATQCUS2658,19018
ATQCUS2659,16836
ATQCUS2660,15220
ATQCUS2661,11649
ATQCUS2662,9403
ATQCUS2663,6163
ATQCUS2664,7706
ATQCUS2665,11370
ATQCUS2666,6608
ATQCUS2667,9728
ATQCUS2668,7364
ATQCUS2669,6119
ATQCUS2670,7214
ATQCUS2671,8645
ATQCUS2672,6551
ATQCUS2673,8474
ATQCUS2674,9105
ATQCUS2675,5247
ATQCUS2676,6502
ATQCUS2677,10459
ATQCUS2678,5580
ATQCUS2679,6577
ATQCUS2680,9894
ATQCUS2681,9764
ATQCUS2682,9937
ATQCUS2683,8023
ATQCUS2684,10011
ATQCUS2685,13794
ATQCUS2686,9488
ATQCUS2687,8533
ATQCUS2688,12104
ATQCUS2689,10136
ATQCUS2690,11235
ATQCUS2691,9023
ATQCUS2692,5359
ATQCUS2693,7064
ATQCUS2694,8901
ATQCUS2695,5733
ATQCUS2696,8124
ATQCUS2697,7073
ATQCUS2698,9989
ATQCUS2699,4632
ATQCUS2700,13029
ATQCUS2701,10070
ATQCUS2702,10213
ATQCUS2703,4525
ATQCUS2704,8595
ATQCUS2705,10693
ATQCUS2706,5901
ATQCUS2707,7162
ATQCUS2708,10543
ATQCUS2709,7400
ATQCUS2710,4736
ATQCUS2711,5529
ATQCUS2712,7538
ATQCUS2713,12953
ATQCUS2714,12738
ATQCUS2715,7902
ATQCUS2716,13984
ATQCUS2717,13779
ATQCUS2718,11796
ATQCUS2719,11945
ATQCUS2720,13197
ATQCUS2721,20736
ATQCUS2722,12889
ATQCUS2723,8017
ATQCUS2724,17531
ATQCUS2725,17783
ATQCUS2726,19337
ATQCUS2727,6888
ATQCUS2728,10641
ATQCUS2729,19517
ATQCUS2730,14309
ATQCUS2731,9993
ATQCUS2732,13042
ATQCUS2733,5453
ATQCUS2734,14645
ATQCUS2735,13373
ATQCUS2736,14467
ATQCUS2737,19220
ATQCUS2738,18878
ATQCUS2739,14061
ATQCUS2740,8412
ATQCUS2741,5685
ATQCUS2742,8756
ATQCUS2743,6610
ATQCUS2744,3271
ATQCUS2745,9259
ATQCUS2746,5628
ATQCUS2747,11449
ATQCUS2748,2684
ATQCUS2749,10780
ATQCUS2750,9622
ATQCUS2751,5818
ATQCUS2752,6562
ATQCUS2753,7441
ATQCUS2754,7800
ATQCUS2755,7537
ATQCUS2756,10526
ATQCUS2757,9733
ATQCUS2758,6237
ATQCUS2759,12403
ATQCUS2760,5689
ATQCUS2761,8257
ATQCUS2762,7603
ATQCUS2763,3974
ATQCUS2764,2899
ATQCUS2765,7257
ATQCUS2766,8963
ATQCUS2767,3221
ATQCUS2768,4895
ATQCUS2769,8052
ATQCUS2770,4778
ATQCUS2771,9805
ATQCUS2772,5745
ATQCUS2773,6002
ATQCUS2774,8565
ATQCUS2775,8285
ATQCUS2776,9670
ATQCUS2777,4071
ATQCUS2778,12330
ATQCUS2779,5216
ATQCUS2780,7814
ATQCUS2781,7038
ATQCUS2782,12050
ATQCUS2783,4664
ATQCUS2784,9981
ATQCUS2785,7081
ATQCUS2786,9340
ATQCUS2787,13038
ATQCUS2788,9470
ATQCUS2789,9728
ATQCUS2790,6315
ATQCUS2791,8270
ATQCUS2792,7294
ATQCUS2793,10136
ATQCUS2794,7550
ATQCUS2795,7800
ATQCUS2796,12985
ATQCUS2797,4846
ATQCUS2798,8197
ATQCUS2799,9709
ATQCUS2800,13437
ATQCUS2801,7071
ATQCUS2802,8247
ATQCUS2803,10345
ATQCUS2804,8911
ATQCUS2805,5409
ATQCUS2806,8572
ATQCUS2807,4684
ATQCUS2808,7381
ATQCUS2809,8204
ATQCUS2810,9358
ATQCUS2811,5749
ATQCUS2812,10990
ATQCUS2813,10492
ATQCUS2814,11284
ATQCUS2815,9547
ATQCUS2816,8957
ATQCUS2817,4566
ATQCUS2818,8283
ATQCUS2819,9084
ATQCUS2820,6755
ATQCUS2821,1938
ATQCUS2822,3738
ATQCUS2823,4878
ATQCUS2824,5641
ATQCUS2825,2982
ATQCUS2826,3350
ATQCUS2827,5362
ATQCUS2828,3750
ATQCUS2829,5297
ATQCUS2830,4456
ATQCUS2831,6085
ATQCUS2832,3546
ATQCUS2833,3136
ATQCUS2834,7485
ATQCUS2835,6364
ATQCUS2836,3510
ATQCUS2837,6227
ATQCUS2838,3907
ATQCUS2839,4082
ATQCUS2840,4753
ATQCUS2841,5934
ATQCUS2842,4100
ATQCUS2843,3968
ATQCUS2844,5548
ATQCUS2845,3593
ATQCUS2846,4447
ATQCUS2847,3692
ATQCUS2848,5043
ATQCUS2849,4967
ATQCUS2850,3631
ATQCUS2851,9923
ATQCUS2852,6942
ATQCUS2853,4746
ATQCUS2854,4984
ATQCUS2855,9632
ATQCUS2856,4793
ATQCUS2857,4703
ATQCUS2858,9262
ATQCUS2859,4390
ATQCUS2860,3815
ATQCUS2861,4537
ATQCUS2862,3489
ATQCUS2863,5286
ATQCUS2864,3740
ATQCUS2865,2956
ATQCUS2866,6683
ATQCUS2867,4330
ATQCUS2868,3543
ATQCUS2869,7937
ATQCUS2870,6293
ATQCUS2871,7247
ATQCUS2872,5443
ATQCUS2873,2829
ATQCUS2874,3459
ATQCUS2875,3886
ATQCUS2876,5183
ATQCUS2877,5566
ATQCUS2878,6351
ATQCUS2879,2802
ATQCUS2880,4030
ATQCUS2881,4984
ATQCUS2882,5942
ATQCUS2883,4650
ATQCUS2884,4170
ATQCUS2885,5339
ATQCUS2886,5696
ATQCUS2887,4883
ATQCUS2888,12091
ATQCUS2889,13290
ATQCUS2890,4774
ATQCUS2891,8961
ATQCUS2892,20036
ATQCUS2893,14111
ATQCUS2894,16225
ATQCUS2895,11677
ATQCUS2896,14028
ATQCUS2897,11493
ATQCUS2898,7396
ATQCUS2899,8668
ATQCUS2900,11232
ATQCUS2901,12204
ATQCUS2902,8906
ATQCUS2903,11636
ATQCUS2904,12917
ATQCUS2905,12752
ATQCUS2906,9547
ATQCUS2907,13902
ATQCUS2908,10527
ATQCUS2909,8859
ATQCUS2910,13636
ATQCUS2911,13895
ATQCUS2912,7769
ATQCUS2913,9151
ATQCUS2914,9346
ATQCUS2915,14573
ATQCUS2916,13686
ATQCUS2917,5895
ATQCUS2918,5362
ATQCUS2919,7026
ATQCUS2920,7546
ATQCUS2921,6764
ATQCUS2922,4873
ATQCUS2923,3155
ATQCUS2924,5687
ATQCUS2925,6770
ATQCUS2926,5424
ATQCUS2927,4749
ATQCUS2928,7600
ATQCUS2929,6405
ATQCUS2930,8242
ATQCUS2931,5693
ATQCUS2932,7749
ATQCUS2933,3777
ATQCUS2934,6599
ATQCUS2935,7720
ATQCUS2936,8495
ATQCUS2937,7510
ATQCUS2938,9650
ATQCUS2939,6408
ATQCUS2940,11050
ATQCUS2941,4689
ATQCUS2942,4737
ATQCUS2943,6864
ATQCUS2944,5423
ATQCUS2945,5112
ATQCUS2946,8940
ATQCUS2947,6988
ATQCUS2948,5235
ATQCUS2949,5585
ATQCUS2950,5411
ATQCUS2951,8729
ATQCUS2952,6070
ATQCUS2953,3731
ATQCUS2954,6932
ATQCUS2955,4839
ATQCUS2956,3747
ATQCUS2957,3315
ATQCUS2958,8064
ATQCUS2959,5494
ATQCUS2960,3279
ATQCUS2961,5088
ATQCUS2962,15140
ATQCUS2963,10424
ATQCUS2964,19082
ATQCUS2965,16344
ATQCUS2966,14990
ATQCUS2967,14770
ATQCUS2968,13748
ATQCUS2969,11122
ATQCUS2970,10827
ATQCUS2971,14520
ATQCUS2972,23438
ATQCUS2973,9028
ATQCUS2974,19432
ATQCUS2975,10753
ATQCUS2976,11460
ATQCUS2977,12422
ATQCUS2978,5694
ATQCUS2979,6677
ATQCUS2980,5127
ATQCUS2981,6908
ATQCUS2982,7906
ATQCUS2983,6881
ATQCUS2984,9412
ATQCUS2985,6051
ATQCUS2986,5932
ATQCUS2987,10195
ATQCUS2988,9348
ATQCUS2989,6199
ATQCUS2990,11343
ATQCUS2991,7976
ATQCUS2992,10711
ATQCUS2993,11470
ATQCUS2994,10405
ATQCUS2995,8538
ATQCUS2996,10934
ATQCUS2997,8919
ATQCUS2998,9211
ATQCUS2999,5389
ATQCUS3000,5547
ATQCUS3001,11080
ATQCUS3002,6885
ATQCUS3003,4501
ATQCUS3004,7906
ATQCUS3005,7139
ATQCUS3006,9108
ATQCUS3007,5084
ATQCUS3008,5141
ATQCUS3009,7562
ATQCUS3010,8213
ATQCUS3011,10786
ATQCUS3012,11089
ATQCUS3013,10054
ATQCUS3014,16804
ATQCUS3015,13020
ATQCUS3016,13900
ATQCUS3017,8416
ATQCUS3018,12271
ATQCUS3019,12302
ATQCUS3020,15808
ATQCUS3021,15408
ATQCUS3022,19184
ATQCUS3023,5293
ATQCUS3024,4258
ATQCUS3025,6549
ATQCUS3026,5101
ATQCUS3027,5815
ATQCUS3028,6673
ATQCUS3029,6373
ATQCUS3030,7847
ATQCUS3031,8223
ATQCUS3032,6704
ATQCUS3033,8878
ATQCUS3034,6323
ATQCUS3035,12036
ATQCUS3036,4459
ATQCUS3037,4249
ATQCUS3038,6697
ATQCUS3039,6391
ATQCUS3040,6089
ATQCUS3041,5448
ATQCUS3042,3942
ATQCUS3043,5121
ATQCUS3044,17069
ATQCUS3045,13492
ATQCUS3046,10903
ATQCUS3047,11124
ATQCUS3048,12162
ATQCUS3049,9005
ATQCUS3050,11333
ATQCUS3051,12517
ATQCUS3052,8772
ATQCUS3053,7515
ATQCUS3054,10154
ATQCUS3055,12271
ATQCUS3056,12407
ATQCUS3057,7787
ATQCUS3058,9197
ATQCUS3059,9446
ATQCUS3060,4183
ATQCUS3061,5028
ATQCUS3062,4758
ATQCUS3063,7288
ATQCUS3064,4458
ATQCUS3065,3677
ATQCUS3066,4640
ATQCUS3067,5012
ATQCUS3068,5861
ATQCUS3069,10827
ATQCUS3070,7711
ATQCUS3071,10722
ATQCUS3072,8211
ATQCUS3073,7771
ATQCUS3074,8275
ATQCUS3075,5708
ATQCUS3076,4038
ATQCUS3077,7166
ATQCUS3078,5375
ATQCUS3079,4412
ATQCUS3080,7247
ATQCUS3081,4305
ATQCUS3082,4681
ATQCUS3083,2116
ATQCUS3084,6762
ATQCUS3085,4991
ATQCUS3086,4392
ATQCUS3087,5390
ATQCUS3088,9785
ATQCUS3089,8915
ATQCUS3090,5394
ATQCUS3091,5991
ATQCUS3092,6580
ATQCUS3093,9797
ATQCUS3094,9615
ATQCUS3095,8182
ATQCUS3096,7574
ATQCUS3097,6451
ATQCUS3098,9100
ATQCUS3099,5753
ATQCUS3100,7241
ATQCUS3101,3203
ATQCUS3102,2484
ATQCUS3103,4041
ATQCUS3104,4092
ATQCUS3105,3398
ATQCUS3106,4251
ATQCUS3107,4888
ATQCUS3108,5371
ATQCUS3109,3785
ATQCUS3110,3664
ATQCUS3111,2765
ATQCUS3112,2393
ATQCUS3113,3085
ATQCUS3114,3184
ATQCUS3115,5775
ATQCUS3116,11473
ATQCUS3117,9173
ATQCUS3118,8365
ATQCUS3119,6234
ATQCUS3120,13065
ATQCUS3121,9770
ATQCUS3122,10473
ATQCUS3123,9470
ATQCUS3124,4350
ATQCUS3125,2458
ATQCUS3126,3764
ATQCUS3127,5029
ATQCUS3128,6077
ATQCUS3129,2466
ATQCUS3130,8784
ATQCUS3131,6358
ATQCUS3132,2445
ATQCUS3133,3764
ATQCUS3134,3571
ATQCUS3135,6450
ATQCUS3136,3586
ATQCUS3137,12452
ATQCUS3138,17335
ATQCUS3139,7529
ATQCUS3140,10334
ATQCUS3141,14068
ATQCUS3142,13482
ATQCUS3143,12014
ATQCUS3144,6530
ATQCUS3145,16840
ATQCUS3146,15361
ATQCUS3147,10573
ATQCUS3148,15001
ATQCUS3149,11511
ATQCUS3150,13558
ATQCUS3151,5304
ATQCUS3152,18295
ATQCUS3153,11745
ATQCUS3154,9375
ATQCUS3155,9593
ATQCUS3156,13369
ATQCUS3157,15595
ATQCUS3158,10911
ATQCUS3159,14601
ATQCUS3160,11432
ATQCUS3161,11128
ATQCUS3162,11813
ATQCUS3163,8108
ATQCUS3164,11167
ATQCUS3165,15673
ATQCUS3166,12681
ATQCUS3167,12144
ATQCUS3168,13285
ATQCUS3169,13963
ATQCUS3170,14442
ATQCUS3171,9794
ATQCUS3172,11625
ATQCUS3173,12348
ATQCUS3174,7006
ATQCUS3175,9946
ATQCUS3176,4706
ATQCUS3177,7505
ATQCUS3178,4563
ATQCUS3179,2172
ATQCUS3180,3306
ATQCUS3181,4974
ATQCUS3182,5156
ATQCUS3183,8121
ATQCUS3184,9640
ATQCUS3185,6081
ATQCUS3186,7597
ATQCUS3187,3528
ATQCUS3188,5390
ATQCUS3189,9226
ATQCUS3190,3251
ATQCUS3191,6835
ATQCUS3192,5693
ATQCUS3193,6296
ATQCUS3194,2386
ATQCUS3195,4731
ATQCUS3196,4332
ATQCUS3197,4503
ATQCUS3198,5028
ATQCUS3199,5112
ATQCUS3200,10349
ATQCUS3201,6806
ATQCUS3202,6537
ATQCUS3203,4687
ATQCUS3204,9182
ATQCUS3205,7005
ATQCUS3206,8214
ATQCUS3207,8547
ATQCUS3208,8106
ATQCUS3209,12300
ATQCUS3210,7684
ATQCUS3211,4311
ATQCUS3212,8397
ATQCUS3213,9532
ATQCUS3214,10664
ATQCUS3215,11869
ATQCUS3216,10713
ATQCUS3217,6494
ATQCUS3218,4936
ATQCUS3219,4835
ATQCUS3220,6589
ATQCUS3221,5481
ATQCUS3222,4130
ATQCUS3223,6294
ATQCUS3224,3540
ATQCUS3225,5590
ATQCUS3226,8902
ATQCUS3227,7615
ATQCUS3228,4910
ATQCUS3229,3713
ATQCUS3230,3833
ATQCUS3231,5701
ATQCUS3232,6178
ATQCUS3233,6930
ATQCUS3234,6249
ATQCUS3235,7618
ATQCUS3236,4205
ATQCUS3237,6313
ATQCUS3238,3572
ATQCUS3239,6509
ATQCUS3240,9250
ATQCUS3241,4440
ATQCUS3242,6020
ATQCUS3243,4000
ATQCUS3244,5272
ATQCUS3245,5055
ATQCUS3246,6979
ATQCUS3247,6686
ATQCUS3248,3600
ATQCUS3249,12248
ATQCUS3250,10462
ATQCUS3251,11419
ATQCUS3252,15259
ATQCUS3253,10633
ATQCUS3254,9937
ATQCUS3255,14080
ATQCUS3256,14476
ATQCUS3257,9334
ATQCUS3258,6472
ATQCUS3259,10118
ATQCUS3260,9835
ATQCUS3261,13928
ATQCUS3262,8258
ATQCUS3263,6733
ATQCUS3264,10561
ATQCUS3265,10558
ATQCUS3266,8698
ATQCUS3267,6175
ATQCUS3268,5566
ATQCUS3269,4600
ATQCUS3270,4712
ATQCUS3271,5074
ATQCUS3272,6367
ATQCUS3273,2330
ATQCUS3274,4124
ATQCUS3275,6696
ATQCUS3276,4345
ATQCUS3277,8407
ATQCUS3278,6710
ATQCUS3279,7658
ATQCUS3280,7537
ATQCUS3281,7442
ATQCUS3282,3936
ATQCUS3283,6488
ATQCUS3284,6833
ATQCUS3285,12652
ATQCUS3286,7222
ATQCUS3287,9848
ATQCUS3288,4226
ATQCUS3289,6574
ATQCUS3290,6683
ATQCUS3291,3459
ATQCUS3292,3036
ATQCUS3293,3197
ATQCUS3294,7102
ATQCUS3295,4425
ATQCUS3296,5815
ATQCUS3297,5185
ATQCUS3298,5031
ATQCUS3299,5660
ATQCUS3300,5118
ATQCUS3301,11793
ATQCUS3302,4460
ATQCUS3303,10877
ATQCUS3304,8333
ATQCUS3305,7918
ATQCUS3306,7689
ATQCUS3307,8703
ATQCUS3308,15290
ATQCUS3309,4873
ATQCUS3310,9987
ATQCUS3311,11065
ATQCUS3312,9873
ATQCUS3313,12129
ATQCUS3314,7217
ATQCUS3315,8934
ATQCUS3316,8382
ATQCUS3317,8480
ATQCUS3318,6407
ATQCUS3319,2715
ATQCUS3320,4411
ATQCUS3321,4082
ATQCUS3322,6161
ATQCUS3323,4064
ATQCUS3324,6732
ATQCUS3325,4596
ATQCUS3326,2665
ATQCUS3327,3368
ATQCUS3328,5829
ATQCUS3329,4980
ATQCUS3330,8262
ATQCUS3331,5853
ATQCUS3332,4147
ATQCUS3333,7765
ATQCUS3334,5533
ATQCUS3335,5250
ATQCUS3336,6978
ATQCUS3337,9809
ATQCUS3338,11421
ATQCUS3339,4439
ATQCUS3340,3150
ATQCUS3341,3701
ATQCUS3342,4757
ATQCUS3343,6857
ATQCUS3344,3053
ATQCUS3345,6502
ATQCUS3346,6557
ATQCUS3347,3460
ATQCUS3348,5674
ATQCUS3349,6379
ATQCUS3350,5780
ATQCUS3351,2715
ATQCUS3352,5179
ATQCUS3353,4091
ATQCUS3354,4797
ATQCUS3355,2921
ATQCUS3356,3501
ATQCUS3357,4951
ATQCUS3358,8695
ATQCUS3359,7629
ATQCUS3360,7616
ATQCUS3361,3839
ATQCUS3362,4274
ATQCUS3363,5196
ATQCUS3364,3943
ATQCUS3365,9469
ATQCUS3366,10359
ATQCUS3367,5324
ATQCUS3368,6317
ATQCUS3369,4957
ATQCUS3370,3603
ATQCUS3371,2553
ATQCUS3372,2718
ATQCUS3373,5324
ATQCUS3374,3443
ATQCUS3375,3110
ATQCUS3376,2752
ATQCUS3377,3298
ATQCUS3378,2637
ATQCUS3379,3194
ATQCUS3380,3157
ATQCUS3381,2631
ATQCUS3382,3700
ATQCUS3383,4832
ATQCUS3384,4725
ATQCUS3385,3749
ATQCUS3386,6762
ATQCUS3387,2542
ATQCUS3388,7053
ATQCUS3389,7207
ATQCUS3390,5338
ATQCUS3391,4750
ATQCUS3392,3511
ATQCUS3393,3191
ATQCUS3394,3408
ATQCUS3395,2301
ATQCUS3396,1923
ATQCUS3397,2285
ATQCUS3398,3004
ATQCUS3399,2576
ATQCUS3400,1867
ATQCUS3401,3832
ATQCUS3402,4149
ATQCUS3403,3471
ATQCUS3404,3178
ATQCUS3405,3379
ATQCUS3406,8341
ATQCUS3407,12081
ATQCUS3408,13015
ATQCUS3409,8919
ATQCUS3410,9567
ATQCUS3411,10314
ATQCUS3412,7268
ATQCUS3413,7457
ATQCUS3414,6903
ATQCUS3415,13884
ATQCUS3416,8996
ATQCUS3417,7777
ATQCUS3418,6990
ATQCUS3419,8607
ATQCUS3420,8012
ATQCUS3421,8159
ATQCUS3422,10206
ATQCUS3423,8285
ATQCUS3424,4107
ATQCUS3425,3584
ATQCUS3426,3720
ATQCUS3427,4352
ATQCUS3428,5054
ATQCUS3429,3593
ATQCUS3430,5446
ATQCUS3431,4267
ATQCUS3432,7545
ATQCUS3433,7340
ATQCUS3434,7224
ATQCUS3435,8437
ATQCUS3436,5175
ATQCUS3437,3894
ATQCUS3438,2808
ATQCUS3439,3157
ATQCUS3440,4730
ATQCUS3441,3701
ATQCUS3442,5060
ATQCUS3443,2676
ATQCUS3444,6830
ATQCUS3445,3470
ATQCUS3446,3399
ATQCUS3447,4769
ATQCUS3448,20390
ATQCUS3449,18928
ATQCUS3450,22864
ATQCUS3451,14371
ATQCUS3452,16190
ATQCUS3453,18276
ATQCUS3454,27617
ATQCUS3455,17007
ATQCUS3456,16459
ATQCUS3457,15681
ATQCUS3458,24248
ATQCUS3459,18488
ATQCUS3460,20643
ATQCUS3461,20701
ATQCUS3462,9184
ATQCUS3463,8657
ATQCUS3464,10896
ATQCUS3465,6238
ATQCUS3466,8314
ATQCUS3467,7928
ATQCUS3468,7501
ATQCUS3469,7153
ATQCUS3470,5875
ATQCUS3471,13379
ATQCUS3472,11235
ATQCUS3473,8467
ATQCUS3474,12297
ATQCUS3475,9716
ATQCUS3476,8719
ATQCUS3477,10175
ATQCUS3478,14598
ATQCUS3479,11793
ATQCUS3480,14807
ATQCUS3481,11873
ATQCUS3482,10514
ATQCUS3483,4419
ATQCUS3484,10098
ATQCUS3485,7041
ATQCUS3486,6219
ATQCUS3487,12310
ATQCUS3488,10695
ATQCUS3489,4856
ATQCUS3490,9541
ATQCUS3491,8259
ATQCUS3492,11374
ATQCUS3493,8646
ATQCUS3494,9200
ATQCUS3495,9702
ATQCUS3496,6593
ATQCUS3497,6826
ATQCUS3498,9111
ATQCUS3499,10955
ATQCUS3500,19951
ATQCUS3501,14377
ATQCUS3502,17152
ATQCUS3503,14364
ATQCUS3504,10493
ATQCUS3505,26184
ATQCUS3506,14948
ATQCUS3507,17284
ATQCUS3508,18843
ATQCUS3509,20254
ATQCUS3510,10773
ATQCUS3511,14404
ATQCUS3512,8411
ATQCUS3513,5043
ATQCUS3514,10477
ATQCUS3515,14779
ATQCUS3516,10948
ATQCUS3517,10931
ATQCUS3518,8345
ATQCUS3519,10666
ATQCUS3520,10430
ATQCUS3521,9394
ATQCUS3522,11115
ATQCUS3523,7646
ATQCUS3524,11086
ATQCUS3525,7995
ATQCUS3526,16185
ATQCUS3527,5199
ATQCUS3528,7657
ATQCUS3529,8438
ATQCUS3530,10024
ATQCUS3531,10530
ATQCUS3532,5354
ATQCUS3533,6794
ATQCUS3534,7159
ATQCUS3535,7307
ATQCUS3536,11456
ATQCUS3537,14432
ATQCUS3538,18161
ATQCUS3539,15534
ATQCUS3540,13999
ATQCUS3541,16758
ATQCUS3542,15615
ATQCUS3543,15237
ATQCUS3544,10203
ATQCUS3545,11320
ATQCUS3546,6465
ATQCUS3547,8666
ATQCUS3548,4943
ATQCUS3549,10386
ATQCUS3550,11589
ATQCUS3551,8770
ATQCUS3552,9651
ATQCUS3553,10098
ATQCUS3554,7963
ATQCUS3555,7011
ATQCUS3556,11413
ATQCUS3557,6188
ATQCUS3558,6346
ATQCUS3559,3025
ATQCUS3560,3078
ATQCUS3561,7508
ATQCUS3562,7417
ATQCUS3563,8539
ATQCUS3564,7929
ATQCUS3565,5042
ATQCUS3566,3669
ATQCUS3567,7099
ATQCUS3568,3757
ATQCUS3569,6717
ATQCUS3570,3429
ATQCUS3571,5192
ATQCUS3572,7877
ATQCUS3573,8010
ATQCUS3574,8397
ATQCUS3575,13169
ATQCUS3576,15374
ATQCUS3577,8566
ATQCUS3578,11174
ATQCUS3579,5034
ATQCUS3580,12049
ATQCUS3581,3331
ATQCUS3582,12598
ATQCUS3583,7746
ATQCUS3584,6890
ATQCUS3585,10379
ATQCUS3586,8083
ATQCUS3587,5005
ATQCUS3588,5943
ATQCUS3589,6282
ATQCUS3590,5378
ATQCUS3591,4120
ATQCUS3592,4481
ATQCUS3593,5185
ATQCUS3594,5593
ATQCUS3595,5353
ATQCUS3596,9573
ATQCUS3597,6516
ATQCUS3598,6203
ATQCUS3599,10857
ATQCUS3600,8385
ATQCUS3601,5643
ATQCUS3602,11569
ATQCUS3603,6415
ATQCUS3604,5319
ATQCUS3605,3533
ATQCUS3606,6244
ATQCUS3607,4829
ATQCUS3608,1670
ATQCUS3609,7376
ATQCUS3610,4096
ATQCUS3611,4924
ATQCUS3612,6044
ATQCUS3613,5159
ATQCUS3614,3343
ATQCUS3615,3737
ATQCUS3616,6697
ATQCUS3617,5764
ATQCUS3618,15388
ATQCUS3619,11929
ATQCUS3620,14606
ATQCUS3621,12163
ATQCUS3622,10967
ATQCUS3623,11759
ATQCUS3624,12785
ATQCUS3625,7287
ATQCUS3626,7280
ATQCUS3627,8467
ATQCUS3628,7376
ATQCUS3629,7727
ATQCUS3630,8438
ATQCUS3631,6302
ATQCUS3632,7871
ATQCUS3633,12132
ATQCUS3634,9300
ATQCUS3635,5852
ATQCUS3636,8245
ATQCUS3637,13027
ATQCUS3638,5509
ATQCUS3639,5845
ATQCUS3640,4904
ATQCUS3641,4714
ATQCUS3642,7209
ATQCUS3643,6805
ATQCUS3644,5381
ATQCUS3645,6727
ATQCUS3646,4972
ATQCUS3647,4442
ATQCUS3648,18043
ATQCUS3649,25080
ATQCUS3650,15906
ATQCUS3651,22098
ATQCUS3652,12838
ATQCUS3653,15528
ATQCUS3654,9668
ATQCUS3655,12584
ATQCUS3656,12331
ATQCUS3657,16141
ATQCUS3658,22321
ATQCUS3659,12332
ATQCUS3660,11540
ATQCUS3661,12811
ATQCUS3662,13452
ATQCUS3663,12334
ATQCUS3664,11131
ATQCUS3665,13113
ATQCUS3666,17921
ATQCUS3667,15482
ATQCUS3668,7515
ATQCUS3669,7467
ATQCUS3670,8156
ATQCUS3671,10006
ATQCUS3672,5258
ATQCUS3673,6382
ATQCUS3674,6202
ATQCUS3675,14166
ATQCUS3676,13162
ATQCUS3677,10798
ATQCUS3678,20877
ATQCUS3679,19233
ATQCUS3680,7101
ATQCUS3681,9855
ATQCUS3682,9265
ATQCUS3683,7847
ATQCUS3684,10716
ATQCUS3685,13272
ATQCUS3686,6985
ATQCUS3687,11131
ATQCUS3688,9790
ATQCUS3689,5812
ATQCUS3690,11812
ATQCUS3691,8675
ATQCUS3692,9513
ATQCUS3693,11300
ATQCUS3694,13319
ATQCUS3695,11158
ATQCUS3696,2840
ATQCUS3697,4188
ATQCUS3698,7398
ATQCUS3699,3817
ATQCUS3700,6657
ATQCUS3701,9151
ATQCUS3702,5614
ATQCUS3703,6738
ATQCUS3704,10717
ATQCUS3705,5179
ATQCUS3706,6476
ATQCUS3707,5302
ATQCUS3708,4199
ATQCUS3709,6543
ATQCUS3710,9568
ATQCUS3711,11543
ATQCUS3712,12839
ATQCUS3713,11015
ATQCUS3714,10124
ATQCUS3715,7169
ATQCUS3716,14848
ATQCUS3717,4270
ATQCUS3718,7452
ATQCUS3719,8832
ATQCUS3720,7509
ATQCUS3721,5584
ATQCUS3722,5611
ATQCUS3723,20303
ATQCUS3724,9387
ATQCUS3725,9880
ATQCUS3726,13533
ATQCUS3727,12896
ATQCUS3728,6754
ATQCUS3729,13989
ATQCUS3730,13491
ATQCUS3731,6061
ATQCUS3732,6873
ATQCUS3733,2516
ATQCUS3734,9877
ATQCUS3735,6839
ATQCUS3736,8247
ATQCUS3737,11027
ATQCUS3738,10365
ATQCUS3739,6623
ATQCUS3740,7185
ATQCUS3741,11805
ATQCUS3742,12245
ATQCUS3743,8246
ATQCUS3744,8788
ATQCUS3745,11013
ATQCUS3746,8622
ATQCUS3747,10504
ATQCUS3748,6770
ATQCUS3749,10713
ATQCUS3750,4143
ATQCUS3751,11395
ATQCUS3752,6099
ATQCUS3753,10917
ATQCUS3754,8018
ATQCUS3755,13222
ATQCUS3756,10046
ATQCUS3757,8765
ATQCUS3758,11908
ATQCUS3759,15911
ATQCUS3760,8403
ATQCUS3761,10068
ATQCUS3762,9373
ATQCUS3763,9435
ATQCUS3764,10339
ATQCUS3765,7246
ATQCUS3766,6991
ATQCUS3767,5576
ATQCUS3768,11269
ATQCUS3769,6690
ATQCUS3770,3360
ATQCUS3771,4452
ATQCUS3772,4726
ATQCUS3773,4272
ATQCUS3774,6461
ATQCUS3775,3543
ATQCUS3776,5741
ATQCUS3777,3866
ATQCUS3778,7084
ATQCUS3779,4957
ATQCUS3780,2577
ATQCUS3781,4522
ATQCUS3782,5811
ATQCUS3783,3308
ATQCUS3784,4371
ATQCUS3785,6747
ATQCUS3786,4654
ATQCUS3787,8418
ATQCUS3788,7782
ATQCUS3789,7167
ATQCUS3790,7363
ATQCUS3791,2877
ATQCUS3792,6066
ATQCUS3793,5073
ATQCUS3794,3235
ATQCUS3795,4657
ATQCUS3796,4637
ATQCUS3797,4114
ATQCUS3798,5116
ATQCUS3799,5004
ATQCUS3800,4609
ATQCUS3801,5176
ATQCUS3802,4777
ATQCUS3803,3486
ATQCUS3804,8226
ATQCUS3805,9989
ATQCUS3806,9461
ATQCUS3807,10233
ATQCUS3808,6660
ATQCUS3809,11029
ATQCUS3810,9983
ATQCUS3811,6574
ATQCUS3812,8618
ATQCUS3813,7416
ATQCUS3814,9645
ATQCUS3815,10288
ATQCUS3816,7953
ATQCUS3817,11026
ATQCUS3818,8091
ATQCUS3819,8037
ATQCUS3820,10971
ATQCUS3821,3989
ATQCUS3822,4975
ATQCUS3823,5647
ATQCUS3824,3744
ATQCUS3825,5878
ATQCUS3826,4893
ATQCUS3827,6044
ATQCUS3828,6020
ATQCUS3829,7703
ATQCUS3830,2353
ATQCUS3831,3313
ATQCUS3832,5643
ATQCUS3833,4293
ATQCUS3834,4014
ATQCUS3835,6243
ATQCUS3836,7542
ATQCUS3837,6285
ATQCUS3838,8126
ATQCUS3839,4587
ATQCUS3840,8918
ATQCUS3841,6913
ATQCUS3842,11788
ATQCUS3843,9058
ATQCUS3844,10908
ATQCUS3845,7341
ATQCUS3846,5946
ATQCUS3847,10027
ATQCUS3848,13277
ATQCUS3849,5872
ATQCUS3850,2687
ATQCUS3851,4590
ATQCUS3852,3083
ATQCUS3853,4137
ATQCUS3854,4662
ATQCUS3855,6404
ATQCUS3856,2751
ATQCUS3857,5978
ATQCUS3858,7466
ATQCUS3859,4474
ATQCUS3860,3752
ATQCUS3861,4216
ATQCUS3862,5281
ATQCUS3863,4978
ATQCUS3864,2706
ATQCUS3865,4628
ATQCUS3866,5474
ATQCUS3867,5659
ATQCUS3868,5953
ATQCUS3869,3451
ATQCUS3870,5418
ATQCUS3871,7237
ATQCUS3872,8266
ATQCUS3873,6585
ATQCUS3874,7695
ATQCUS3875,7520
ATQCUS3876,3353
ATQCUS3877,3454
ATQCUS3878,2752
ATQCUS3879,2103
ATQCUS3880,2807
ATQCUS3881,3430
ATQCUS3882,3079
ATQCUS3883,3572
ATQCUS3884,4235
ATQCUS3885,2597
ATQCUS3886,3144
ATQCUS3887,3267
ATQCUS3888,2783
ATQCUS3889,2396
ATQCUS3890,5496
ATQCUS3891,6163
ATQCUS3892,6724
ATQCUS3893,8663
ATQCUS3894,6538
ATQCUS3895,7570
ATQCUS3896,8226
ATQCUS3897,8226
ATQCUS3898,6072
ATQCUS3899,7408
ATQCUS3900,6659
ATQCUS3901,6487
ATQCUS3902,9590
ATQCUS3903,3669
ATQCUS3904,4348
ATQCUS3905,3788
ATQCUS3906,4305
ATQCUS3907,3696
ATQCUS3908,3326
ATQCUS3909,2375
ATQCUS3910,4103
ATQCUS3911,3416
ATQCUS3912,4623
ATQCUS3913,6173
ATQCUS3914,10213
ATQCUS3915,11996
ATQCUS3916,11379
ATQCUS3917,14059
ATQCUS3918,11967
ATQCUS3919,12989
ATQCUS3920,13216
ATQCUS3921,12577
ATQCUS3922,9924
ATQCUS3923,5592
ATQCUS3924,6449
ATQCUS3925,11308
ATQCUS3926,5633
ATQCUS3927,6168
ATQCUS3928,14673
ATQCUS3929,10609
ATQCUS3930,8280
ATQCUS3931,7440
ATQCUS3932,8103
ATQCUS3933,5912
ATQCUS3934,8701
ATQCUS3935,10129
ATQCUS3936,9574
ATQCUS3937,7653
ATQCUS3938,7583
ATQCUS3939,19882
ATQCUS3940,7946
ATQCUS3941,18328
ATQCUS3942,10988
ATQCUS3943,17548
ATQCUS3944,17978
ATQCUS3945,15752
ATQCUS3946,12104
ATQCUS3947,12800
ATQCUS3948,16719
ATQCUS3949,4982
ATQCUS3950,7008
ATQCUS3951,6037
ATQCUS3952,8856
ATQCUS3953,11095
ATQCUS3954,7854
ATQCUS3955,7736
ATQCUS3956,9641
ATQCUS3957,5338
ATQCUS3958,4654
ATQCUS3959,7863
ATQCUS3960,20052
ATQCUS3961,7832
ATQCUS3962,15625
ATQCUS3963,15660
ATQCUS3964,9916
ATQCUS3965,11978
ATQCUS3966,12588
ATQCUS3967,5370
ATQCUS3968,5349
ATQCUS3969,6602
ATQCUS3970,4558
ATQCUS3971,8054
ATQCUS3972,7722
ATQCUS3973,3509
ATQCUS3974,9290
ATQCUS3975,6704
ATQCUS3976,5633
ATQCUS3977,6520
ATQCUS3978,7144
ATQCUS3979,6758
ATQCUS3980,13713
ATQCUS3981,7647
ATQCUS3982,8402
ATQCUS3983,8824
ATQCUS3984,4847
ATQCUS3985,7292
ATQCUS3986,6829
ATQCUS3987,6737
ATQCUS3988,3722
ATQCUS3989,7209
ATQCUS3990,4061
ATQCUS3991,4635
ATQCUS3992,4396
ATQCUS3993,3658
ATQCUS3994,2712
ATQCUS3995,7175
ATQCUS3996,7261
ATQCUS3997,5341
ATQCUS3998,2888
ATQCUS3999,4953
ATQCUS4000,3873
