customer_id,total_spending
ATQCUS0001,6710
ATQCUS0002,8207
ATQCUS0003,11909
ATQCUS0004,8317
ATQCUS0005,6216
ATQCUS0006,10393
ATQCUS0007,11584
ATQCUS0008,10474
ATQCUS0009,6790
ATQCUS0010,12524
ATQCUS0011,4490
ATQCUS0012,8458
ATQCUS0013,11196
ATQCUS0014,5317
ATQCUS0015,6701
ATQCUS0016,6557
ATQCUS0017,6371
ATQCUS0018,8234
ATQCUS0019,7135
ATQCUS0020,6092
ATQCUS0021,4985
ATQCUS0022,5351
ATQCUS0023,7583
ATQCUS0024,3733
ATQCUS0025,5742
ATQCUS0026,8917
ATQCUS0027,7513
ATQCUS0028,8107
ATQCUS0029,8707
ATQCUS0030,5731
ATQCUS0031,4512
ATQCUS0032,4558
ATQCUS0033,4145
ATQCUS0034,5333
ATQCUS0035,5240
ATQCUS0036,5107
ATQCUS0037,3101
ATQCUS0038,3725
ATQCUS0039,6374
ATQCUS0040,3017
ATQCUS0041,8058
ATQCUS0042,15900
ATQCUS0043,9213
ATQCUS0044,9153
ATQCUS0045,9192
ATQCUS0046,8318
ATQCUS0047,7025
ATQCUS0048,10100
ATQCUS0049,4254
ATQCUS0050,5796
ATQCUS0051,6561
ATQCUS0052,6548
ATQCUS0053,8159
ATQCUS0054,4732
ATQCUS0055,7152
ATQCUS0056,3938
ATQCUS0057,3864
ATQCUS0058,5054
ATQCUS0059,4438
ATQCUS0060,3101
ATQCUS0061,5074
ATQCUS0062,6281
ATQCUS0063,8221
ATQCUS0064,8575
ATQCUS0065,8914
ATQCUS0066,5520
ATQCUS0067,7187
ATQCUS0068,8768
ATQCUS0069,11422
ATQCUS0070,4071
ATQCUS0071,4162
ATQCUS0072,3072
ATQCUS0073,4695
ATQCUS0074,3818
ATQCUS0075,6894
ATQCUS0076,10249
ATQCUS0077,9211
ATQCUS0078,3579
ATQCUS0079,4374
ATQCUS0080,4085
ATQCUS0081,6096
ATQCUS0082,3382
ATQCUS0083,4986
ATQCUS0084,3023
ATQCUS0085,3254
ATQCUS0086,3585
ATQCUS0087,6662
ATQCUS0088,4793
ATQCUS0089,5715
ATQCUS0090,3784
ATQCUS0091,4615
ATQCUS0092,5733
ATQCUS0093,3243
ATQCUS0094,2512
ATQCUS0095,2993
ATQCUS0096,2446
ATQCUS0097,2969
ATQCUS0098,2511
ATQCUS0099,4129
ATQCUS0100,3608
ATQCUS0101,3762
ATQCUS0102,1007
ATQCUS0103,2790
ATQCUS0104,2645
ATQCUS0105,2683
ATQCUS0106,3312
ATQCUS0107,3154
ATQCUS0108,9144
ATQCUS0109,5932
ATQCUS0110,4688
ATQCUS0111,8249
ATQCUS0112,6104
ATQCUS0113,3767
ATQCUS0114,3261
ATQCUS0115,2754
ATQCUS0116,4272
ATQCUS0117,5955
ATQCUS0118,7258
ATQCUS0119,2216
ATQCUS0120,3666
ATQCUS0121,2625
ATQCUS0122,3695
ATQCUS0123,4799
ATQCUS0124,7975
ATQCUS0125,11180
ATQCUS0126,22019
ATQCUS0127,11192
ATQCUS0128,10250
ATQCUS0129,15209
ATQCUS0130,16146
ATQCUS0131,14128
ATQCUS0132,18285
ATQCUS0133,21946
ATQCUS0134,14000
ATQCUS0135,13082
ATQCUS0136,17708
ATQCUS0137,6076
ATQCUS0138,17731
ATQCUS0139,17505
ATQCUS0140,20319
ATQCUS0141,22546
ATQCUS0142,8463
ATQCUS0143,14844
ATQCUS0144,10608
ATQCUS0145,16612
ATQCUS0146,22717
ATQCUS0147,12546
ATQCUS0148,16618
ATQCUS0149,19940
ATQCUS0150,7172
ATQCUS0151,13514
ATQCUS0152,16734
ATQCUS0153,12155
ATQCUS0154,16888
ATQCUS0155,18096
ATQCUS0156,14034
ATQCUS0157,12224
ATQCUS0158,16359
ATQCUS0159,14649
ATQCUS0160,13030
ATQCUS0161,17394
ATQCUS0162,16873
ATQCUS0163,12887
ATQCUS0164,15743
ATQCUS0165,19005
ATQCUS0166,8452
ATQCUS0167,13015
ATQCUS0168,22720
ATQCUS0169,16392
ATQCUS0170,13755
ATQCUS0171,17494
ATQCUS0172,27031
ATQCUS0173,5375
ATQCUS0174,6692
ATQCUS0175,7248
ATQCUS0176,8119
ATQCUS0177,9485
ATQCUS0178,7282
ATQCUS0179,6722
ATQCUS0180,4677
ATQCUS0181,3829
ATQCUS0182,4165
ATQCUS0183,9049
ATQCUS0184,5833
ATQCUS0185,6058
ATQCUS0186,5629
ATQCUS0187,6663
ATQCUS0188,6612
ATQCUS0189,8421
ATQCUS0190,6867
ATQCUS0191,10350
ATQCUS0192,9836
ATQCUS0193,6839
ATQCUS0194,4514
ATQCUS0195,5263
ATQCUS0196,9492
ATQCUS0197,5868
ATQCUS0198,4256
ATQCUS0199,7618
ATQCUS0200,6935
ATQCUS0201,7475
ATQCUS0202,7013
ATQCUS0203,5824
ATQCUS0204,9510
ATQCUS0205,3765
ATQCUS0206,6404
ATQCUS0207,9632
ATQCUS0208,9700
ATQCUS0209,6702
ATQCUS0210,4153
ATQCUS0211,8758
ATQCUS0212,10251
ATQCUS0213,10135
ATQCUS0214,12346
ATQCUS0215,9047
ATQCUS0216,13852
ATQCUS0217,13091
ATQCUS0218,11402
ATQCUS0219,7525
ATQCUS0220,10855
ATQCUS0221,11946
ATQCUS0222,10787
ATQCUS0223,10616
ATQCUS0224,8751
ATQCUS0225,6325
ATQCUS0226,18393
ATQCUS0227,6698
ATQCUS0228,9641
ATQCUS0229,9999
ATQCUS0230,14612
ATQCUS0231,9021
ATQCUS0232,7754
ATQCUS0233,7996
ATQCUS0234,8008
ATQCUS0235,11790
ATQCUS0236,13345
ATQCUS0237,10793
ATQCUS0238,9376
ATQCUS0239,8526
ATQCUS0240,8512
ATQCUS0241,11388
ATQCUS0242,9080
ATQCUS0243,8815
ATQCUS0244,8688
ATQCUS0245,8490
ATQCUS0246,15307
ATQCUS0247,11499
ATQCUS0248,15242
ATQCUS0249,12967
ATQCUS0250,11360
ATQCUS0251,13348
ATQCUS0252,5613
ATQCUS0253,6411
ATQCUS0254,5715
ATQCUS0255,8767
ATQCUS0256,10012
ATQCUS0257,10427
ATQCUS0258,8527
ATQCUS0259,6904
ATQCUS0260,9862
ATQCUS0261,9234
ATQCUS0262,4304
ATQCUS0263,6308
ATQCUS0264,9301
ATQCUS0265,8550
ATQCUS0266,7924
ATQCUS0267,6606
ATQCUS0268,8321
ATQCUS0269,7817
ATQCUS0270,6084
ATQCUS0271,4491
ATQCUS0272,10151
ATQCUS0273,9305
ATQCUS0274,8047
ATQCUS0275,8175
ATQCUS0276,3869
ATQCUS0277,7230
ATQCUS0278,6849
ATQCUS0279,7781
ATQCUS0280,7775
ATQCUS0281,7515
ATQCUS0282,7106
ATQCUS0283,10401
ATQCUS0284,3413
ATQCUS0285,7676
ATQCUS0286,5512
ATQCUS0287,9904
ATQCUS0288,5814
ATQCUS0289,8580
ATQCUS0290,5709
ATQCUS0291,6560
ATQCUS0292,7461
ATQCUS0293,6843
ATQCUS0294,5458
ATQCUS0295,9204
ATQCUS0296,11245
ATQCUS0297,7584
ATQCUS0298,5458
ATQCUS0299,9129
ATQCUS0300,11516
ATQCUS0301,12099
ATQCUS0302,6103
ATQCUS0303,9353
ATQCUS0304,8862
ATQCUS0305,7942
ATQCUS0306,8990
ATQCUS0307,5141
ATQCUS0308,6908
ATQCUS0309,5751
ATQCUS0310,10773
ATQCUS0311,2447
ATQCUS0312,9742
ATQCUS0313,8107
ATQCUS0314,5376
ATQCUS0315,5042
ATQCUS0316,14725
ATQCUS0317,16531
ATQCUS0318,13203
ATQCUS0319,20751
ATQCUS0320,14304
ATQCUS0321,15345
ATQCUS0322,8303
ATQCUS0323,21080
ATQCUS0324,10875
ATQCUS0325,16324
ATQCUS0326,14310
ATQCUS0327,13114
ATQCUS0328,16468
ATQCUS0329,11216
ATQCUS0330,21653
ATQCUS0331,8908
ATQCUS0332,16960
ATQCUS0333,8418
ATQCUS0334,13917
ATQCUS0335,22121
ATQCUS0336,8072
ATQCUS0337,17077
ATQCUS0338,13398
ATQCUS0339,7790
ATQCUS0340,8704
ATQCUS0341,11774
ATQCUS0342,15833
ATQCUS0343,13969
ATQCUS0344,9245
ATQCUS0345,14353
ATQCUS0346,13340
ATQCUS0347,12968
ATQCUS0348,19620
ATQCUS0349,10924
ATQCUS0350,7974
ATQCUS0351,13896
ATQCUS0352,20501
ATQCUS0353,17439
ATQCUS0354,7876
ATQCUS0355,7866
ATQCUS0356,6798
ATQCUS0357,12461
ATQCUS0358,7532
ATQCUS0359,16758
ATQCUS0360,16072
ATQCUS0361,4771
ATQCUS0362,5765
ATQCUS0363,8405
ATQCUS0364,4501
ATQCUS0365,10192
ATQCUS0366,9907
ATQCUS0367,4616
ATQCUS0368,5250
ATQCUS0369,8012
ATQCUS0370,7504
ATQCUS0371,6634
ATQCUS0372,10371
ATQCUS0373,6146
ATQCUS0374,6433
ATQCUS0375,9538
ATQCUS0376,5183
ATQCUS0377,5501
ATQCUS0378,5307
ATQCUS0379,6770
ATQCUS0380,7316
ATQCUS0381,4810
ATQCUS0382,6178
ATQCUS0383,8963
ATQCUS0384,7664
ATQCUS0385,3405
ATQCUS0386,6936
ATQCUS0387,6191
ATQCUS0388,6414
ATQCUS0389,8476
ATQCUS0390,4978
ATQCUS0391,7574
ATQCUS0392,8721
ATQCUS0393,5811
ATQCUS0394,11785
ATQCUS0395,11224
ATQCUS0396,4273
ATQCUS0397,12007
ATQCUS0398,12764
ATQCUS0399,9826
ATQCUS0400,4905
ATQCUS0401,10631
ATQCUS0402,6615
ATQCUS0403,14809
ATQCUS0404,7176
ATQCUS0405,12514
ATQCUS0406,14183
ATQCUS0407,10820
ATQCUS0408,10894
ATQCUS0409,14483
ATQCUS0410,8355
ATQCUS0411,8809
ATQCUS0412,13058
ATQCUS0413,16201
ATQCUS0414,7132
ATQCUS0415,10876
ATQCUS0416,10555
ATQCUS0417,8363
ATQCUS0418,7822
ATQCUS0419,8817
ATQCUS0420,7678
ATQCUS0421,6571
ATQCUS0422,5030
ATQCUS0423,7840
ATQCUS0424,7163
ATQCUS0425,8092
ATQCUS0426,4819
ATQCUS0427,10124
ATQCUS0428,4309
ATQCUS0429,7577
ATQCUS0430,5872
ATQCUS0431,5197
ATQCUS0432,4948
ATQCUS0433,7802
ATQCUS0434,10497
ATQCUS0435,7299
ATQCUS0436,6205
ATQCUS0437,6025
ATQCUS0438,3060
ATQCUS0439,9552
ATQCUS0440,6542
ATQCUS0441,5094
ATQCUS0442,9115
ATQCUS0443,5845
ATQCUS0444,7807
ATQCUS0445,6249
ATQCUS0446,6319
ATQCUS0447,8376
ATQCUS0448,8101
ATQCUS0449,5309
ATQCUS0450,7411
ATQCUS0451,9158
ATQCUS0452,9925
ATQCUS0453,6319
ATQCUS0454,4950
ATQCUS0455,7303
ATQCUS0456,3823
ATQCUS0457,13339
ATQCUS0458,11000
ATQCUS0459,15173
ATQCUS0460,12145
ATQCUS0461,13024
ATQCUS0462,15965
ATQCUS0463,13218
ATQCUS0464,14016
ATQCUS0465,11318
ATQCUS0466,15564
ATQCUS0467,11427
ATQCUS0468,8938
ATQCUS0469,13575
ATQCUS0470,23373
ATQCUS0471,11891
ATQCUS0472,12042
ATQCUS0473,8096
ATQCUS0474,11237
ATQCUS0475,7362
ATQCUS0476,11400
ATQCUS0477,15762
ATQCUS0478,9950
ATQCUS0479,17392
ATQCUS0480,15405
ATQCUS0481,15099
ATQCUS0482,11984
ATQCUS0483,10671
ATQCUS0484,10927
ATQCUS0485,20449
ATQCUS0486,12965
ATQCUS0487,10032
ATQCUS0488,19979
ATQCUS0489,22159
ATQCUS0490,7685
ATQCUS0491,7010
ATQCUS0492,6240
ATQCUS0493,6913
ATQCUS0494,8894
ATQCUS0495,6533
ATQCUS0496,9338
ATQCUS0497,6535
ATQCUS0498,5824
ATQCUS0499,8827
ATQCUS0500,6508
ATQCUS0501,5788
ATQCUS0502,6461
ATQCUS0503,8512
ATQCUS0504,9591
ATQCUS0505,4323
ATQCUS0506,7268
ATQCUS0507,6785
ATQCUS0508,9262
ATQCUS0509,7229
ATQCUS0510,5878
ATQCUS0511,6930
ATQCUS0512,9119
ATQCUS0513,5748
ATQCUS0514,9213
ATQCUS0515,6431
ATQCUS0516,8545
ATQCUS0517,7239
ATQCUS0518,9380
ATQCUS0519,10586
ATQCUS0520,9304
ATQCUS0521,7449
ATQCUS0522,11540
ATQCUS0523,10702
ATQCUS0524,9263
ATQCUS0525,7095
ATQCUS0526,11037
ATQCUS0527,10710
ATQCUS0528,11937
ATQCUS0529,14290
ATQCUS0530,7133
ATQCUS0531,12059
ATQCUS0532,7766
ATQCUS0533,7797
ATQCUS0534,6029
ATQCUS0535,7044
ATQCUS0536,14096
ATQCUS0537,6755
ATQCUS0538,10672
ATQCUS0539,7727
ATQCUS0540,4059
ATQCUS0541,7030
ATQCUS0542,8384
ATQCUS0543,5890
ATQCUS0544,5769
ATQCUS0545,5643
ATQCUS0546,8345
ATQCUS0547,10003
ATQCUS0548,6522
ATQCUS0549,7452
ATQCUS0550,6897
ATQCUS0551,4996
ATQCUS0552,6083
ATQCUS0553,5369
ATQCUS0554,6180
ATQCUS0555,7403
ATQCUS0556,6755
ATQCUS0557,7942
ATQCUS0558,7812
ATQCUS0559,8016
ATQCUS0560,6763
ATQCUS0561,3920
ATQCUS0562,6009
ATQCUS0563,5120
ATQCUS0564,5548
ATQCUS0565,6890
ATQCUS0566,9451
ATQCUS0567,10675
ATQCUS0568,8507
ATQCUS0569,4525
ATQCUS0570,7162
ATQCUS0571,4918
ATQCUS0572,4875
ATQCUS0573,7315
ATQCUS0574,5920
ATQCUS0575,5525
ATQCUS0576,7940
ATQCUS0577,9054
ATQCUS0578,5893
ATQCUS0579,5403
ATQCUS0580,5441
ATQCUS0581,4878
ATQCUS0582,5387
ATQCUS0583,5201
ATQCUS0584,10165
ATQCUS0585,6733
ATQCUS0586,11488
ATQCUS0587,7220
ATQCUS0588,5725
ATQCUS0589,4298
ATQCUS0590,6359
ATQCUS0591,5405
ATQCUS0592,7065
ATQCUS0593,7056
ATQCUS0594,7410
ATQCUS0595,7165
ATQCUS0596,7967
ATQCUS0597,9167
ATQCUS0598,6320
ATQCUS0599,6723
ATQCUS0600,9586
ATQCUS0601,8708
ATQCUS0602,6292
ATQCUS0603,12758
ATQCUS0604,7317
ATQCUS0605,11581
ATQCUS0606,9003
ATQCUS0607,9138
ATQCUS0608,14558
ATQCUS0609,5695
ATQCUS0610,7130
ATQCUS0611,9221
ATQCUS0612,7563
ATQCUS0613,8778
ATQCUS0614,10542
ATQCUS0615,14646
ATQCUS0616,7855
ATQCUS0617,5611
ATQCUS0618,11317
ATQCUS0619,6426
ATQCUS0620,6989
ATQCUS0621,8041
ATQCUS0622,11543
ATQCUS0623,4619
ATQCUS0624,3850
ATQCUS0625,4721
ATQCUS0626,7243
ATQCUS0627,10936
ATQCUS0628,11324
ATQCUS0629,1816
ATQCUS0630,12941
ATQCUS0631,4374
ATQCUS0632,8974
ATQCUS0633,5512
ATQCUS0634,8642
ATQCUS0635,7845
ATQCUS0636,6444
ATQCUS0637,11725
ATQCUS0638,8287
ATQCUS0639,10357
ATQCUS0640,12051
ATQCUS0641,3142
ATQCUS0642,5147
ATQCUS0643,4273
ATQCUS0644,5203
ATQCUS0645,3134
ATQCUS0646,2892
ATQCUS0647,3506
ATQCUS0648,4664
ATQCUS0649,6287
ATQCUS0650,4484
ATQCUS0651,5203
ATQCUS0652,6416
ATQCUS0653,5726
ATQCUS0654,3814
ATQCUS0655,2643
ATQCUS0656,4124
ATQCUS0657,6951
ATQCUS0658,3503
ATQCUS0659,4390
ATQCUS0660,4551
ATQCUS0661,4582
ATQCUS0662,4410
ATQCUS0663,2544
ATQCUS0664,6201
ATQCUS0665,5328
ATQCUS0666,7303
ATQCUS0667,4285
ATQCUS0668,7629
ATQCUS0669,4614
ATQCUS0670,6284
ATQCUS0671,3309
ATQCUS0672,5709
ATQCUS0673,7862
ATQCUS0674,5831
ATQCUS0675,4205
ATQCUS0676,3162
ATQCUS0677,2400
ATQCUS0678,8261
ATQCUS0679,5344
ATQCUS0680,3577
ATQCUS0681,7687
ATQCUS0682,4880
ATQCUS0683,6081
ATQCUS0684,6076
ATQCUS0685,4371
ATQCUS0686,8880
ATQCUS0687,9223
ATQCUS0688,5101
ATQCUS0689,4901
ATQCUS0690,5582
ATQCUS0691,4617
ATQCUS0692,3094
ATQCUS0693,3827
ATQCUS0694,5877
ATQCUS0695,4628
ATQCUS0696,6161
ATQCUS0697,2986
ATQCUS0698,5647
ATQCUS0699,6772
ATQCUS0700,5685
ATQCUS0701,6805
ATQCUS0702,8388
ATQCUS0703,7241
ATQCUS0704,4825
ATQCUS0705,4790
ATQCUS0706,5381
ATQCUS0707,8452
ATQCUS0708,7687
ATQCUS0709,6489
ATQCUS0710,7191
ATQCUS0711,3900
ATQCUS0712,3036
ATQCUS0713,5167
ATQCUS0714,5289
ATQCUS0715,4571
ATQCUS0716,3246
ATQCUS0717,3872
ATQCUS0718,4871
ATQCUS0719,4662
ATQCUS0720,5827
ATQCUS0721,2735
ATQCUS0722,4241
ATQCUS0723,3350
ATQCUS0724,4383
ATQCUS0725,6284
ATQCUS0726,2867
ATQCUS0727,4496
ATQCUS0728,4103
ATQCUS0729,3365
ATQCUS0730,4301
ATQCUS0731,3854
ATQCUS0732,5092
ATQCUS0733,4205
ATQCUS0734,5351
ATQCUS0735,4587
ATQCUS0736,7047
ATQCUS0737,4250
ATQCUS0738,4563
ATQCUS0739,3873
ATQCUS0740,4308
ATQCUS0741,7795
ATQCUS0742,4938
ATQCUS0743,5950
ATQCUS0744,4622
ATQCUS0745,3584
ATQCUS0746,4975
ATQCUS0747,3679
ATQCUS0748,1593
ATQCUS0749,3343
ATQCUS0750,4081
ATQCUS0751,3151
ATQCUS0752,2124
ATQCUS0753,6991
ATQCUS0754,4371
ATQCUS0755,5065
ATQCUS0756,3710
ATQCUS0757,4672
ATQCUS0758,6188
ATQCUS0759,3522
ATQCUS0760,4646
ATQCUS0761,6720
ATQCUS0762,4182
ATQCUS0763,2772
ATQCUS0764,5439
ATQCUS0765,3119
ATQCUS0766,4716
ATQCUS0767,2300
ATQCUS0768,6585
ATQCUS0769,4880
ATQCUS0770,9465
ATQCUS0771,8717
ATQCUS0772,13413
ATQCUS0773,8352
ATQCUS0774,8444
ATQCUS0775,5129
ATQCUS0776,7073
ATQCUS0777,8695
ATQCUS0778,18821
ATQCUS0779,11045
ATQCUS0780,13884
ATQCUS0781,5227
ATQCUS0782,10867
ATQCUS0783,8242
ATQCUS0784,10498
ATQCUS0785,9374
ATQCUS0786,11060
ATQCUS0787,5707
ATQCUS0788,7613
ATQCUS0789,6345
ATQCUS0790,8951
ATQCUS0791,10559
ATQCUS0792,8200
ATQCUS0793,11656
ATQCUS0794,11899
ATQCUS0795,14781
ATQCUS0796,6277
ATQCUS0797,5935
ATQCUS0798,12211
ATQCUS0799,12987
ATQCUS0800,9158
ATQCUS0801,8106
ATQCUS0802,4102
ATQCUS0803,6493
ATQCUS0804,3970
ATQCUS0805,6946
ATQCUS0806,5553
ATQCUS0807,3892
ATQCUS0808,3320
ATQCUS0809,6141
ATQCUS0810,4733
ATQCUS0811,5792
ATQCUS0812,4569
ATQCUS0813,6834
ATQCUS0814,7504
ATQCUS0815,3682
ATQCUS0816,6734
ATQCUS0817,4932
ATQCUS0818,3855
ATQCUS0819,5624
ATQCUS0820,4336
ATQCUS0821,4188
ATQCUS0822,4162
ATQCUS0823,10544
ATQCUS0824,7312
ATQCUS0825,9270
ATQCUS0826,7809
ATQCUS0827,8089
ATQCUS0828,4099
ATQCUS0829,5275
ATQCUS0830,8147
ATQCUS0831,7401
ATQCUS0832,5256
ATQCUS0833,4339
ATQCUS0834,7150
ATQCUS0835,6617
ATQCUS0836,4337
ATQCUS0837,7028
ATQCUS0838,5227
ATQCUS0839,9016
ATQCUS0840,6220
ATQCUS0841,8401
ATQCUS0842,10750
ATQCUS0843,4687
ATQCUS0844,9660
ATQCUS0845,6720
ATQCUS0846,5409
ATQCUS0847,7110
ATQCUS0848,7776
ATQCUS0849,10010
ATQCUS0850,4537
ATQCUS0851,7197
ATQCUS0852,3284
ATQCUS0853,5339
ATQCUS0854,4650
ATQCUS0855,2948
ATQCUS0856,4005
ATQCUS0857,3991
ATQCUS0858,4348
ATQCUS0859,4794
ATQCUS0860,4152
ATQCUS0861,3285
ATQCUS0862,4670
ATQCUS0863,5200
ATQCUS0864,4430
ATQCUS0865,5453
ATQCUS0866,6101
ATQCUS0867,6452
ATQCUS0868,4875
ATQCUS0869,5157
ATQCUS0870,4874
ATQCUS0871,6220
ATQCUS0872,4568
ATQCUS0873,4423
ATQCUS0874,5962
ATQCUS0875,4922
ATQCUS0876,3719
ATQCUS0877,5992
ATQCUS0878,5633
ATQCUS0879,4313
ATQCUS0880,7398
ATQCUS0881,5523
ATQCUS0882,2860
ATQCUS0883,7155
ATQCUS0884,4285
ATQCUS0885,9139
ATQCUS0886,4876
ATQCUS0887,3892
ATQCUS0888,7891
ATQCUS0889,5828
ATQCUS0890,10100
ATQCUS0891,16997
ATQCUS0892,13595
ATQCUS0893,18934
ATQCUS0894,22534
ATQCUS0895,17634
ATQCUS0896,16513
ATQCUS0897,16259
ATQCUS0898,10657
ATQCUS0899,16984
ATQCUS0900,20090
ATQCUS0901,28241
ATQCUS0902,20956
ATQCUS0903,20315
ATQCUS0904,21639
ATQCUS0905,16046
ATQCUS0906,11913
ATQCUS0907,21373
ATQCUS0908,13368
ATQCUS0909,13895
ATQCUS0910,9701
ATQCUS0911,27077
ATQCUS0912,19765
ATQCUS0913,24882
ATQCUS0914,15913
ATQCUS0915,12604
ATQCUS0916,17779
ATQCUS0917,16149
ATQCUS0918,17320
ATQCUS0919,18325
ATQCUS0920,17309
ATQCUS0921,16785
ATQCUS0922,18111
ATQCUS0923,18238
ATQCUS0924,12044
ATQCUS0925,12040
ATQCUS0926,14917
ATQCUS0927,19935
ATQCUS0928,22201
ATQCUS0929,9630
ATQCUS0930,12723
ATQCUS0931,10619
ATQCUS0932,20003
ATQCUS0933,12107
ATQCUS0934,16840
ATQCUS0935,12908
ATQCUS0936,15349
ATQCUS0937,19653
ATQCUS0938,14019
ATQCUS0939,13223
ATQCUS0940,22115
ATQCUS0941,10015
ATQCUS0942,22465
ATQCUS0943,19482
ATQCUS0944,12076
ATQCUS0945,13349
ATQCUS0946,7931
ATQCUS0947,19766
ATQCUS0948,16218
ATQCUS0949,8939
ATQCUS0950,6363
ATQCUS0951,13215
ATQCUS0952,5613
ATQCUS0953,11499
ATQCUS0954,11561
ATQCUS0955,8643
ATQCUS0956,10672
ATQCUS0957,13034
ATQCUS0958,8706
ATQCUS0959,9897
ATQCUS0960,7978
ATQCUS0961,9964
ATQCUS0962,7922
ATQCUS0963,8342
ATQCUS0964,5870
ATQCUS0965,10938
ATQCUS0966,8237
ATQCUS0967,11335
ATQCUS0968,6906
ATQCUS0969,12735
ATQCUS0970,11345
ATQCUS0971,9639
ATQCUS0972,10670
ATQCUS0973,10996
ATQCUS0974,11133
ATQCUS0975,6096
ATQCUS0976,8261
ATQCUS0977,8155
ATQCUS0978,8042
ATQCUS0979,12918
ATQCUS0980,10533
ATQCUS0981,7906
ATQCUS0982,5351
ATQCUS0983,11998
ATQCUS0984,8573
ATQCUS0985,10545
ATQCUS0986,5982
ATQCUS0987,8442
ATQCUS0988,7944
ATQCUS0989,8890
ATQCUS0990,10672
ATQCUS0991,11730
ATQCUS0992,11011
ATQCUS0993,11042
ATQCUS0994,11353
ATQCUS0995,9769
ATQCUS0996,12933
ATQCUS0997,19058
ATQCUS0998,13417
ATQCUS0999,14406
ATQCUS1000,8509
ATQCUS1001,11884
ATQCUS1002,12965
ATQCUS1003,11849
ATQCUS1004,12388
ATQCUS1005,10286
ATQCUS1006,12365
ATQCUS1007,9232
ATQCUS1008,14073
ATQCUS1009,15347
ATQCUS1010,6219
ATQCUS1011,10299
ATQCUS1012,15737
ATQCUS1013,16784
ATQCUS1014,12768
ATQCUS1015,12973
ATQCUS1016,9187
ATQCUS1017,11591
ATQCUS1018,10736
ATQCUS1019,6955
ATQCUS1020,6596
ATQCUS1021,8221
ATQCUS1022,5397
ATQCUS1023,5747
ATQCUS1024,10127
ATQCUS1025,9041
ATQCUS1026,3919
ATQCUS1027,9496
ATQCUS1028,8820
ATQCUS1029,7630
ATQCUS1030,5424
ATQCUS1031,8316
ATQCUS1032,6311
ATQCUS1033,11781
ATQCUS1034,6077
ATQCUS1035,9164
ATQCUS1036,5861
ATQCUS1037,10469
ATQCUS1038,5882
ATQCUS1039,6779
ATQCUS1040,10573
ATQCUS1041,6722
ATQCUS1042,7686
ATQCUS1043,9545
ATQCUS1044,7460
ATQCUS1045,9055
ATQCUS1046,8952
ATQCUS1047,5257
ATQCUS1048,6860
ATQCUS1049,8921
ATQCUS1050,4578
ATQCUS1051,6123
ATQCUS1052,7434
ATQCUS1053,7700
ATQCUS1054,7165
ATQCUS1055,10466
ATQCUS1056,5474
ATQCUS1057,7955
ATQCUS1058,6164
ATQCUS1059,6471
ATQCUS1060,9751
ATQCUS1061,8781
ATQCUS1062,5633
ATQCUS1063,12545
ATQCUS1064,4153
ATQCUS1065,8331
ATQCUS1066,4712
ATQCUS1067,24548
ATQCUS1068,16388
ATQCUS1069,11500
ATQCUS1070,14484
ATQCUS1071,11311
ATQCUS1072,17443
ATQCUS1073,24812
ATQCUS1074,16047
ATQCUS1075,12968
ATQCUS1076,21133
ATQCUS1077,11904
ATQCUS1078,17775
ATQCUS1079,12345
ATQCUS1080,25392
ATQCUS1081,18880
ATQCUS1082,8773
ATQCUS1083,11445
ATQCUS1084,15337
ATQCUS1085,15610
ATQCUS1086,22502
ATQCUS1087,19390
ATQCUS1088,28988
ATQCUS1089,18735
ATQCUS1090,19270
ATQCUS1091,15465
ATQCUS1092,14482
ATQCUS1093,12896
ATQCUS1094,12861
ATQCUS1095,14309
ATQCUS1096,13037
ATQCUS1097,9081
ATQCUS1098,14844
ATQCUS1099,12744
ATQCUS1100,13881
ATQCUS1101,13657
ATQCUS1102,10591
ATQCUS1103,7509
ATQCUS1104,12621
ATQCUS1105,16086
ATQCUS1106,14616
ATQCUS1107,8312
ATQCUS1108,7301
ATQCUS1109,7704
ATQCUS1110,9616
ATQCUS1111,10145
ATQCUS1112,9261
ATQCUS1113,4800
ATQCUS1114,11074
ATQCUS1115,8705
ATQCUS1116,8199
ATQCUS1117,9328
ATQCUS1118,10631
ATQCUS1119,4202
ATQCUS1120,8321
ATQCUS1121,10045
ATQCUS1122,5594
ATQCUS1123,7939
ATQCUS1124,5183
ATQCUS1125,7751
ATQCUS1126,4388
ATQCUS1127,8131
ATQCUS1128,9999
ATQCUS1129,2963
ATQCUS1130,7406
ATQCUS1131,10485
ATQCUS1132,7911
ATQCUS1133,10126
ATQCUS1134,10916
ATQCUS1135,5433
ATQCUS1136,7382
ATQCUS1137,3923
ATQCUS1138,7238
ATQCUS1139,5027
ATQCUS1140,7215
ATQCUS1141,9532
ATQCUS1142,11138
ATQCUS1143,8310
ATQCUS1144,15894
ATQCUS1145,13087
ATQCUS1146,13780
ATQCUS1147,14334
ATQCUS1148,13031
ATQCUS1149,8787
ATQCUS1150,11192
ATQCUS1151,7826
ATQCUS1152,7087
ATQCUS1153,11742
ATQCUS1154,12931
ATQCUS1155,14124
ATQCUS1156,5658
ATQCUS1157,7463
ATQCUS1158,6302
ATQCUS1159,13162
ATQCUS1160,13240
ATQCUS1161,8558
ATQCUS1162,12851
ATQCUS1163,5164
ATQCUS1164,9726
ATQCUS1165,2923
ATQCUS1166,7629
ATQCUS1167,8678
ATQCUS1168,5917
ATQCUS1169,7097
ATQCUS1170,10068
ATQCUS1171,5195
ATQCUS1172,6014
ATQCUS1173,8211
ATQCUS1174,4066
ATQCUS1175,6031
ATQCUS1176,5822
ATQCUS1177,6876
ATQCUS1178,8391
ATQCUS1179,7895
ATQCUS1180,7546
ATQCUS1181,6971
ATQCUS1182,5291
ATQCUS1183,5810
ATQCUS1184,9255
ATQCUS1185,6216
ATQCUS1186,5743
ATQCUS1187,7229
ATQCUS1188,5186
ATQCUS1189,7784
ATQCUS1190,6758
ATQCUS1191,9636
ATQCUS1192,5997
ATQCUS1193,6687
ATQCUS1194,8778
ATQCUS1195,8271
ATQCUS1196,8378
ATQCUS1197,7815
ATQCUS1198,8208
ATQCUS1199,5235
ATQCUS1200,6005
ATQCUS1201,6593
ATQCUS1202,9927
ATQCUS1203,6098
ATQCUS1204,9701
ATQCUS1205,5461
ATQCUS1206,4563
ATQCUS1207,6292
ATQCUS1208,5532
ATQCUS1209,7144
ATQCUS1210,7681
ATQCUS1211,7723
ATQCUS1212,9127
ATQCUS1213,13515
ATQCUS1214,10378
ATQCUS1215,13425
ATQCUS1216,20214
ATQCUS1217,18469
ATQCUS1218,13852
ATQCUS1219,11890
ATQCUS1220,9075
ATQCUS1221,17034
ATQCUS1222,10374
ATQCUS1223,9117
ATQCUS1224,15673
ATQCUS1225,12265
ATQCUS1226,11674
ATQCUS1227,14090
ATQCUS1228,10884
ATQCUS1229,10702
ATQCUS1230,8568
ATQCUS1231,15397
ATQCUS1232,15960
ATQCUS1233,17528
ATQCUS1234,26725
ATQCUS1235,13068
ATQCUS1236,11767
ATQCUS1237,15620
ATQCUS1238,12737
ATQCUS1239,15778
ATQCUS1240,18507
ATQCUS1241,14573
ATQCUS1242,12235
ATQCUS1243,14028
ATQCUS1244,20796
ATQCUS1245,12395
ATQCUS1246,19228
ATQCUS1247,23933
ATQCUS1248,18833
ATQCUS1249,8668
ATQCUS1250,10120
ATQCUS1251,5604
ATQCUS1252,9478
ATQCUS1253,4841
ATQCUS1254,6008
ATQCUS1255,7462
ATQCUS1256,9948
ATQCUS1257,8581
ATQCUS1258,7704
ATQCUS1259,8237
ATQCUS1260,7645
ATQCUS1261,10212
ATQCUS1262,8796
ATQCUS1263,6379
ATQCUS1264,8359
ATQCUS1265,6516
ATQCUS1266,6331
ATQCUS1267,5830
ATQCUS1268,7172
ATQCUS1269,10637
ATQCUS1270,5642
ATQCUS1271,9092
ATQCUS1272,12171
ATQCUS1273,5768
ATQCUS1274,10248
ATQCUS1275,9022
ATQCUS1276,6101
ATQCUS1277,10923
ATQCUS1278,15582
ATQCUS1279,9709
ATQCUS1280,13422
ATQCUS1281,6959
ATQCUS1282,10255
ATQCUS1283,9220
ATQCUS1284,14565
ATQCUS1285,7673
ATQCUS1286,8486
ATQCUS1287,9902
ATQCUS1288,7724
ATQCUS1289,6248
ATQCUS1290,3457
ATQCUS1291,6292
ATQCUS1292,7700
ATQCUS1293,11600
ATQCUS1294,6349
ATQCUS1295,2998
ATQCUS1296,5337
ATQCUS1297,4985
ATQCUS1298,10628
ATQCUS1299,3932
ATQCUS1300,4491
ATQCUS1301,5195
ATQCUS1302,4014
ATQCUS1303,4377
ATQCUS1304,3634
ATQCUS1305,11107
ATQCUS1306,8941
ATQCUS1307,6838
ATQCUS1308,3436
ATQCUS1309,7488
ATQCUS1310,4297
ATQCUS1311,7545
ATQCUS1312,7820
ATQCUS1313,6800
ATQCUS1314,6506
ATQCUS1315,7701
ATQCUS1316,5981
ATQCUS1317,6047
ATQCUS1318,5864
ATQCUS1319,5383
ATQCUS1320,7003
ATQCUS1321,4987
ATQCUS1322,5328
ATQCUS1323,8279
ATQCUS1324,5479
ATQCUS1325,7425
ATQCUS1326,7987
ATQCUS1327,5217
ATQCUS1328,5444
ATQCUS1329,8745
ATQCUS1330,3976
ATQCUS1331,6290
ATQCUS1332,7428
ATQCUS1333,5642
ATQCUS1334,8363
ATQCUS1335,4674
ATQCUS1336,4494
ATQCUS1337,6640
ATQCUS1338,8579
ATQCUS1339,8127
ATQCUS1340,4653
ATQCUS1341,6918
ATQCUS1342,9605
ATQCUS1343,8962
ATQCUS1344,6539
ATQCUS1345,4077
ATQCUS1346,9497
ATQCUS1347,11238
ATQCUS1348,6530
ATQCUS1349,7904
ATQCUS1350,5926
ATQCUS1351,14129
ATQCUS1352,6850
ATQCUS1353,10030
ATQCUS1354,4422
ATQCUS1355,7490
ATQCUS1356,11751
ATQCUS1357,8633
ATQCUS1358,5892
ATQCUS1359,13186
ATQCUS1360,9738
ATQCUS1361,10621
ATQCUS1362,6731
ATQCUS1363,7367
ATQCUS1364,7920
ATQCUS1365,7596
ATQCUS1366,7587
ATQCUS1367,9541
ATQCUS1368,7777
ATQCUS1369,11459
ATQCUS1370,11583
ATQCUS1371,7070
ATQCUS1372,9729
ATQCUS1373,10163
ATQCUS1374,14583
ATQCUS1375,13759
ATQCUS1376,10346
ATQCUS1377,10469
ATQCUS1378,7514
ATQCUS1379,10468
ATQCUS1380,9346
ATQCUS1381,7766
ATQCUS1382,6577
ATQCUS1383,7186
ATQCUS1384,7804
ATQCUS1385,9557
ATQCUS1386,15792
ATQCUS1387,6094
ATQCUS1388,6643
ATQCUS1389,7971
ATQCUS1390,6971
ATQCUS1391,9350
ATQCUS1392,12270
ATQCUS1393,6036
ATQCUS1394,6701
ATQCUS1395,5961
ATQCUS1396,3216
ATQCUS1397,5574
ATQCUS1398,5826
ATQCUS1399,3672
ATQCUS1400,4584
ATQCUS1401,5879
ATQCUS1402,5378
ATQCUS1403,3640
ATQCUS1404,4483
ATQCUS1405,5474
ATQCUS1406,5396
ATQCUS1407,8115
ATQCUS1408,6308
ATQCUS1409,4052
ATQCUS1410,5407
ATQCUS1411,5010
ATQCUS1412,4196
ATQCUS1413,5558
ATQCUS1414,5705
ATQCUS1415,5757
ATQCUS1416,4570
ATQCUS1417,3722
ATQCUS1418,4747
ATQCUS1419,4381
ATQCUS1420,5678
ATQCUS1421,4021
ATQCUS1422,2914
ATQCUS1423,3250
ATQCUS1424,3854
ATQCUS1425,4430
ATQCUS1426,5980
ATQCUS1427,7052
ATQCUS1428,3989
ATQCUS1429,2788
ATQCUS1430,3747
ATQCUS1431,6143
ATQCUS1432,5741
ATQCUS1433,3360
ATQCUS1434,6251
ATQCUS1435,5017
ATQCUS1436,3913
ATQCUS1437,4389
ATQCUS1438,3209
ATQCUS1439,5227
ATQCUS1440,7374
ATQCUS1441,8774
ATQCUS1442,4897
ATQCUS1443,5090
ATQCUS1444,5628
ATQCUS1445,8277
ATQCUS1446,7358
ATQCUS1447,6717
ATQCUS1448,6653
ATQCUS1449,8168
ATQCUS1450,9350
ATQCUS1451,7333
ATQCUS1452,9912
ATQCUS1453,10020
ATQCUS1454,6681
ATQCUS1455,8349
ATQCUS1456,5855
ATQCUS1457,5640
ATQCUS1458,8802
ATQCUS1459,6534
ATQCUS1460,8773
ATQCUS1461,7508
ATQCUS1462,9758
ATQCUS1463,4512
ATQCUS1464,3455
ATQCUS1465,3959
ATQCUS1466,5249
ATQCUS1467,6426
ATQCUS1468,5670
ATQCUS1469,3212
ATQCUS1470,6408
ATQCUS1471,4392
ATQCUS1472,2573
ATQCUS1473,7160
ATQCUS1474,4225
ATQCUS1475,3198
ATQCUS1476,5069
ATQCUS1477,5175
ATQCUS1478,4984
ATQCUS1479,2852
ATQCUS1480,4235
ATQCUS1481,4928
ATQCUS1482,5621
ATQCUS1483,3216
ATQCUS1484,3666
ATQCUS1485,5155
ATQCUS1486,6708
ATQCUS1487,4473
ATQCUS1488,6708
ATQCUS1489,5655
ATQCUS1490,7624
ATQCUS1491,3375
ATQCUS1492,5674
ATQCUS1493,6672
ATQCUS1494,4960
ATQCUS1495,3840
ATQCUS1496,4698
ATQCUS1497,6511
ATQCUS1498,5293
ATQCUS1499,3890
ATQCUS1500,4307
ATQCUS1501,3298
ATQCUS1502,5511
ATQCUS1503,3353
ATQCUS1504,3305
ATQCUS1505,4263
ATQCUS1506,3533
ATQCUS1507,5614
ATQCUS1508,4304
ATQCUS1509,2672
ATQCUS1510,5460
ATQCUS1511,1791
ATQCUS1512,2899
ATQCUS1513,4021
ATQCUS1514,3522
ATQCUS1515,5714
ATQCUS1516,4153
ATQCUS1517,4493
ATQCUS1518,2791
ATQCUS1519,4269
ATQCUS1520,5882
ATQCUS1521,8700
ATQCUS1522,8282
ATQCUS1523,12101
ATQCUS1524,11075
ATQCUS1525,8097
ATQCUS1526,11099
ATQCUS1527,18678
ATQCUS1528,7526
ATQCUS1529,8431
ATQCUS1530,11800
ATQCUS1531,17240
ATQCUS1532,14476
ATQCUS1533,6014
ATQCUS1534,11609
ATQCUS1535,9828
ATQCUS1536,11703
ATQCUS1537,8155
ATQCUS1538,8377
ATQCUS1539,12843
ATQCUS1540,8651
ATQCUS1541,10325
ATQCUS1542,8034
ATQCUS1543,13270
ATQCUS1544,8119
ATQCUS1545,10705
ATQCUS1546,20767
ATQCUS1547,11706
ATQCUS1548,9730
ATQCUS1549,10750
ATQCUS1550,10077
ATQCUS1551,16686
ATQCUS1552,12717
ATQCUS1553,2541
ATQCUS1554,5177
ATQCUS1555,5104
ATQCUS1556,8144
ATQCUS1557,5754
ATQCUS1558,5078
ATQCUS1559,4923
ATQCUS1560,7963
ATQCUS1561,4064
ATQCUS1562,7762
ATQCUS1563,8674
ATQCUS1564,4063
ATQCUS1565,6461
ATQCUS1566,7882
ATQCUS1567,6248
ATQCUS1568,6145
ATQCUS1569,6524
ATQCUS1570,6281
ATQCUS1571,6082
ATQCUS1572,5475
ATQCUS1573,6741
ATQCUS1574,6812
ATQCUS1575,2056
ATQCUS1576,6839
ATQCUS1577,9447
ATQCUS1578,6783
ATQCUS1579,4011
ATQCUS1580,5131
ATQCUS1581,10559
ATQCUS1582,9398
ATQCUS1583,6960
ATQCUS1584,8286
ATQCUS1585,3548
ATQCUS1586,6517
ATQCUS1587,12010
ATQCUS1588,5173
ATQCUS1589,6134
ATQCUS1590,9006
ATQCUS1591,6476
ATQCUS1592,6641
ATQCUS1593,5191
ATQCUS1594,7795
ATQCUS1595,5934
ATQCUS1596,11993
ATQCUS1597,9698
ATQCUS1598,6586
ATQCUS1599,6764
ATQCUS1600,6884
ATQCUS1601,5246
ATQCUS1602,3850
ATQCUS1603,4305
ATQCUS1604,8351
ATQCUS1605,4087
ATQCUS1606,6765
ATQCUS1607,5027
ATQCUS1608,3968
ATQCUS1609,7771
ATQCUS1610,6462
ATQCUS1611,5430
ATQCUS1612,7772
ATQCUS1613,6831
ATQCUS1614,4683
ATQCUS1615,5837
ATQCUS1616,7624
ATQCUS1617,6683
ATQCUS1618,7258
ATQCUS1619,5404
ATQCUS1620,5727
ATQCUS1621,7001
ATQCUS1622,5939
ATQCUS1623,3540
ATQCUS1624,4484
ATQCUS1625,2101
ATQCUS1626,6218
ATQCUS1627,5091
ATQCUS1628,7302
ATQCUS1629,5867
ATQCUS1630,5641
ATQCUS1631,4511
ATQCUS1632,6580
ATQCUS1633,7549
ATQCUS1634,8558
ATQCUS1635,7824
ATQCUS1636,9138
ATQCUS1637,3342
ATQCUS1638,5453
ATQCUS1639,4920
ATQCUS1640,5846
ATQCUS1641,5267
ATQCUS1642,5364
ATQCUS1643,4804
ATQCUS1644,5165
ATQCUS1645,3274
ATQCUS1646,5820
ATQCUS1647,7068
ATQCUS1648,5330
ATQCUS1649,18166
ATQCUS1650,16839
ATQCUS1651,14852
ATQCUS1652,7383
ATQCUS1653,12815
ATQCUS1654,9232
ATQCUS1655,8005
ATQCUS1656,12920
ATQCUS1657,19086
ATQCUS1658,10822
ATQCUS1659,10153
ATQCUS1660,15085
ATQCUS1661,9601
ATQCUS1662,11060
ATQCUS1663,13368
ATQCUS1664,13298
ATQCUS1665,12470
ATQCUS1666,17179
ATQCUS1667,18560
ATQCUS1668,12098
ATQCUS1669,5138
ATQCUS1670,7082
ATQCUS1671,5932
ATQCUS1672,4618
ATQCUS1673,6109
ATQCUS1674,10565
ATQCUS1675,4801
ATQCUS1676,4861
ATQCUS1677,7849
ATQCUS1678,5722
ATQCUS1679,4915
ATQCUS1680,7542
ATQCUS1681,8208
ATQCUS1682,8676
ATQCUS1683,9827
ATQCUS1684,8487
ATQCUS1685,10142
ATQCUS1686,11033
ATQCUS1687,5112
ATQCUS1688,14492
ATQCUS1689,11486
ATQCUS1690,6519
ATQCUS1691,12445
ATQCUS1692,16644
ATQCUS1693,7607
ATQCUS1694,8365
ATQCUS1695,10056
ATQCUS1696,9186
ATQCUS1697,9896
ATQCUS1698,5306
ATQCUS1699,11688
ATQCUS1700,17302
ATQCUS1701,6846
ATQCUS1702,9532
ATQCUS1703,7630
ATQCUS1704,9492
ATQCUS1705,7827
ATQCUS1706,11968
ATQCUS1707,5082
ATQCUS1708,7021
ATQCUS1709,9022
ATQCUS1710,12749
ATQCUS1711,9716
ATQCUS1712,7098
ATQCUS1713,9348
ATQCUS1714,7987
ATQCUS1715,7017
ATQCUS1716,13708
ATQCUS1717,7988
ATQCUS1718,8190
ATQCUS1719,9140
ATQCUS1720,7179
ATQCUS1721,3286
ATQCUS1722,6588
ATQCUS1723,2677
ATQCUS1724,5311
ATQCUS1725,10313
ATQCUS1726,8232
ATQCUS1727,6370
ATQCUS1728,7849
ATQCUS1729,10440
ATQCUS1730,7395
ATQCUS1731,5269
ATQCUS1732,4245
ATQCUS1733,3762
ATQCUS1734,5278
ATQCUS1735,4668
ATQCUS1736,6039
ATQCUS1737,7343
ATQCUS1738,7646
ATQCUS1739,8920
ATQCUS1740,6291
ATQCUS1741,6432
ATQCUS1742,6816
ATQCUS1743,8261
ATQCUS1744,7195
ATQCUS1745,7192
ATQCUS1746,5580
ATQCUS1747,9783
ATQCUS1748,10827
ATQCUS1749,10928
ATQCUS1750,9864
ATQCUS1751,15782
ATQCUS1752,9425
ATQCUS1753,17332
ATQCUS1754,10391
ATQCUS1755,11702
ATQCUS1756,12820
ATQCUS1757,14029
ATQCUS1758,17655
ATQCUS1759,17032
ATQCUS1760,16335
ATQCUS1761,9827
ATQCUS1762,16077
ATQCUS1763,6826
ATQCUS1764,6437
ATQCUS1765,5030
ATQCUS1766,5251
ATQCUS1767,5711
ATQCUS1768,5268
ATQCUS1769,5611
ATQCUS1770,4250
ATQCUS1771,6446
ATQCUS1772,5225
ATQCUS1773,8106
ATQCUS1774,8002
ATQCUS1775,5232
ATQCUS1776,4496
ATQCUS1777,4228
ATQCUS1778,7583
ATQCUS1779,7294
ATQCUS1780,6949
ATQCUS1781,9536
ATQCUS1782,5446
ATQCUS1783,5557
ATQCUS1784,7254
ATQCUS1785,7705
ATQCUS1786,8024
ATQCUS1787,6786
ATQCUS1788,6091
ATQCUS1789,7910
ATQCUS1790,8799
ATQCUS1791,7153
ATQCUS1792,8332
ATQCUS1793,6958
ATQCUS1794,6104
ATQCUS1795,7872
ATQCUS1796,5850
ATQCUS1797,5875
ATQCUS1798,6392
ATQCUS1799,6477
ATQCUS1800,8635
ATQCUS1801,6189
ATQCUS1802,7305
ATQCUS1803,6125
ATQCUS1804,6162
ATQCUS1805,4107
ATQCUS1806,4930
ATQCUS1807,5322
ATQCUS1808,7283
ATQCUS1809,7149
ATQCUS1810,5552
ATQCUS1811,6321
ATQCUS1812,11176
ATQCUS1813,8328
ATQCUS1814,8811
ATQCUS1815,17636
ATQCUS1816,8915
ATQCUS1817,10182
ATQCUS1818,12001
ATQCUS1819,9402
ATQCUS1820,17733
ATQCUS1821,7704
ATQCUS1822,12097
ATQCUS1823,8171
ATQCUS1824,10604
ATQCUS1825,13269
ATQCUS1826,10964
ATQCUS1827,7419
ATQCUS1828,19617
ATQCUS1829,13386
ATQCUS1830,17354
ATQCUS1831,8047
ATQCUS1832,5237
ATQCUS1833,5126
ATQCUS1834,8379
ATQCUS1835,5571
ATQCUS1836,6317
ATQCUS1837,3221
ATQCUS1838,5622
ATQCUS1839,7235
ATQCUS1840,4474
ATQCUS1841,3181
ATQCUS1842,5782
ATQCUS1843,2365
ATQCUS1844,6556
ATQCUS1845,8382
ATQCUS1846,5270
ATQCUS1847,5969
ATQCUS1848,7344
ATQCUS1849,8483
ATQCUS1850,8909
ATQCUS1851,4921
ATQCUS1852,10756
ATQCUS1853,10777
ATQCUS1854,7763
ATQCUS1855,6736
ATQCUS1856,10519
ATQCUS1857,10637
ATQCUS1858,10722
ATQCUS1859,8348
ATQCUS1860,7895
ATQCUS1861,5643
ATQCUS1862,12444
ATQCUS1863,10742
ATQCUS1864,8033
ATQCUS1865,6782
ATQCUS1866,7526
ATQCUS1867,13057
ATQCUS1868,8120
ATQCUS1869,6023
ATQCUS1870,10145
ATQCUS1871,8225
ATQCUS1872,9979
ATQCUS1873,4419
ATQCUS1874,5941
ATQCUS1875,6023
ATQCUS1876,7413
ATQCUS1877,6487
ATQCUS1878,5446
ATQCUS1879,4062
ATQCUS1880,6258
ATQCUS1881,5292
ATQCUS1882,5986
ATQCUS1883,4197
ATQCUS1884,1388
ATQCUS1885,4943
ATQCUS1886,4614
ATQCUS1887,7997
ATQCUS1888,6393
ATQCUS1889,4408
ATQCUS1890,3856
ATQCUS1891,7843
ATQCUS1892,5123
ATQCUS1893,7182
ATQCUS1894,6862
ATQCUS1895,5145
ATQCUS1896,5797
ATQCUS1897,4114
ATQCUS1898,4638
ATQCUS1899,6067
ATQCUS1900,3374
ATQCUS1901,2769
ATQCUS1902,6568
ATQCUS1903,4745
ATQCUS1904,4846
ATQCUS1905,9486
ATQCUS1906,6593
ATQCUS1907,4274
ATQCUS1908,6142
ATQCUS1909,7725
ATQCUS1910,7036
ATQCUS1911,6774
ATQCUS1912,7048
ATQCUS1913,8537
ATQCUS1914,9706
ATQCUS1915,6116
ATQCUS1916,4358
ATQCUS1917,4328
ATQCUS1918,5763
ATQCUS1919,2463
ATQCUS1920,5207
ATQCUS1921,1814
ATQCUS1922,3589
ATQCUS1923,4028
ATQCUS1924,4777
ATQCUS1925,2959
ATQCUS1926,6065
ATQCUS1927,5113
ATQCUS1928,5310
ATQCUS1929,9381
ATQCUS1930,4388
ATQCUS1931,6145
ATQCUS1932,2766
ATQCUS1933,3590
ATQCUS1934,5937
ATQCUS1935,7232
ATQCUS1936,6148
ATQCUS1937,9325
ATQCUS1938,2618
ATQCUS1939,5183
ATQCUS1940,4198
ATQCUS1941,5654
ATQCUS1942,4232
ATQCUS1943,6116
ATQCUS1944,1628
ATQCUS1945,3257
ATQCUS1946,3311
ATQCUS1947,2797
ATQCUS1948,4146
ATQCUS1949,4339
ATQCUS1950,2473
ATQCUS1951,3141
ATQCUS1952,4621
ATQCUS1953,13511
ATQCUS1954,12729
ATQCUS1955,12822
ATQCUS1956,7007
ATQCUS1957,6850
ATQCUS1958,7517
ATQCUS1959,7391
ATQCUS1960,7252
ATQCUS1961,7887
ATQCUS1962,8607
ATQCUS1963,11767
ATQCUS1964,2712
ATQCUS1965,3091
ATQCUS1966,3305
ATQCUS1967,3316
ATQCUS1968,5904
ATQCUS1969,5503
ATQCUS1970,6311
ATQCUS1971,4101
ATQCUS1972,8928
ATQCUS1973,6173
ATQCUS1974,10022
ATQCUS1975,5698
ATQCUS1976,5222
ATQCUS1977,7734
ATQCUS1978,5237
ATQCUS1979,6395
ATQCUS1980,7726
ATQCUS1981,6291
ATQCUS1982,3643
ATQCUS1983,7637
ATQCUS1984,4784
ATQCUS1985,6081
ATQCUS1986,7740
ATQCUS1987,5308
ATQCUS1988,10337
ATQCUS1989,8261
ATQCUS1990,5803
ATQCUS1991,4447
ATQCUS1992,2896
ATQCUS1993,4230
ATQCUS1994,4742
ATQCUS1995,3805
ATQCUS1996,3953
ATQCUS1997,3869
ATQCUS1998,4312
ATQCUS1999,5148
ATQCUS2000,5046
ATQCUS2001,8552
ATQCUS2002,9720
ATQCUS2003,5663
ATQCUS2004,11876
ATQCUS2005,7678
ATQCUS2006,7019
ATQCUS2007,8472
ATQCUS2008,6411
ATQCUS2009,4875
ATQCUS2010,9245
ATQCUS2011,9943
ATQCUS2012,13221
ATQCUS2013,7754
ATQCUS2014,2150
ATQCUS2015,4506
ATQCUS2016,2122
ATQCUS2017,4313
ATQCUS2018,3925
ATQCUS2019,5664
ATQCUS2020,4349
ATQCUS2021,6652
ATQCUS2022,6870
ATQCUS2023,4531
ATQCUS2024,4831
ATQCUS2025,5086
ATQCUS2026,4003
ATQCUS2027,4818
ATQCUS2028,6500
ATQCUS2029,5150
ATQCUS2030,7058
ATQCUS2031,10296
ATQCUS2032,9174
ATQCUS2033,10398
ATQCUS2034,9136
ATQCUS2035,2320
ATQCUS2036,5461
ATQCUS2037,5175
ATQCUS2038,5744
ATQCUS2039,4715
ATQCUS2040,3412
ATQCUS2041,2981
ATQCUS2042,5242
ATQCUS2043,13082
ATQCUS2044,7935
ATQCUS2045,7190
ATQCUS2046,8897
ATQCUS2047,10026
ATQCUS2048,4816
ATQCUS2049,3053
ATQCUS2050,3132
ATQCUS2051,8252
ATQCUS2052,3186
ATQCUS2053,3174
ATQCUS2054,4734
ATQCUS2055,1898
ATQCUS2056,6678
ATQCUS2057,3216
ATQCUS2058,5103
ATQCUS2059,4545
ATQCUS2060,1578
ATQCUS2061,2743
ATQCUS2062,2510
ATQCUS2063,2326
ATQCUS2064,1715
ATQCUS2065,3034
ATQCUS2066,1930
ATQCUS2067,2402
ATQCUS2068,4591
ATQCUS2069,5270
ATQCUS2070,6824
ATQCUS2071,4707
ATQCUS2072,4590
ATQCUS2073,6715
ATQCUS2074,2347
ATQCUS2075,3343
ATQCUS2076,4927
ATQCUS2077,3417
ATQCUS2078,2891
ATQCUS2079,7115
ATQCUS2080,8110
ATQCUS2081,11808
ATQCUS2082,9001
ATQCUS2083,5840
ATQCUS2084,14051
ATQCUS2085,9117
ATQCUS2086,16371
ATQCUS2087,5510
ATQCUS2088,11445
ATQCUS2089,11841
ATQCUS2090,12406
ATQCUS2091,14613
ATQCUS2092,14430
ATQCUS2093,10480
ATQCUS2094,16758
ATQCUS2095,10141
ATQCUS2096,17796
ATQCUS2097,12820
ATQCUS2098,11938
ATQCUS2099,9899
ATQCUS2100,18531
ATQCUS2101,10313
ATQCUS2102,15342
ATQCUS2103,11322
ATQCUS2104,11599
ATQCUS2105,14782
ATQCUS2106,7188
ATQCUS2107,13955
ATQCUS2108,9534
ATQCUS2109,9231
ATQCUS2110,9490
ATQCUS2111,9426
ATQCUS2112,11612
ATQCUS2113,10759
ATQCUS2114,12865
ATQCUS2115,4157
ATQCUS2116,7426
ATQCUS2117,6164
ATQCUS2118,11072
ATQCUS2119,7096
ATQCUS2120,7225
ATQCUS2121,11617
ATQCUS2122,5685
ATQCUS2123,7548
ATQCUS2124,7988
ATQCUS2125,9333
ATQCUS2126,4894
ATQCUS2127,7201
ATQCUS2128,8330
ATQCUS2129,6377
ATQCUS2130,6292
ATQCUS2131,6361
ATQCUS2132,3350
ATQCUS2133,7859
ATQCUS2134,5923
ATQCUS2135,3222
ATQCUS2136,7169
ATQCUS2137,7775
ATQCUS2138,8807
ATQCUS2139,5829
ATQCUS2140,6746
ATQCUS2141,5744
ATQCUS2142,9340
ATQCUS2143,7371
ATQCUS2144,8971
ATQCUS2145,9184
ATQCUS2146,5587
ATQCUS2147,12899
ATQCUS2148,7083
ATQCUS2149,8034
ATQCUS2150,17272
ATQCUS2151,6627
ATQCUS2152,5140
ATQCUS2153,4226
ATQCUS2154,3800
ATQCUS2155,5052
ATQCUS2156,6271
ATQCUS2157,7278
ATQCUS2158,4341
ATQCUS2159,11749
ATQCUS2160,6874
ATQCUS2161,5965
ATQCUS2162,9246
ATQCUS2163,5015
ATQCUS2164,7503
ATQCUS2165,11653
ATQCUS2166,6520
ATQCUS2167,4851
ATQCUS2168,7443
ATQCUS2169,6543
ATQCUS2170,9729
ATQCUS2171,5595
ATQCUS2172,6348
ATQCUS2173,5871
ATQCUS2174,7750
ATQCUS2175,5488
ATQCUS2176,8111
ATQCUS2177,5600
ATQCUS2178,7367
ATQCUS2179,5394
ATQCUS2180,4927
ATQCUS2181,7739
ATQCUS2182,8184
ATQCUS2183,5266
ATQCUS2184,15993
ATQCUS2185,13477
ATQCUS2186,14487
ATQCUS2187,16460
ATQCUS2188,9802
ATQCUS2189,14363
ATQCUS2190,9694
ATQCUS2191,13227
ATQCUS2192,7538
ATQCUS2193,11682
ATQCUS2194,13594
ATQCUS2195,9044
ATQCUS2196,15180
ATQCUS2197,11444
ATQCUS2198,6691
ATQCUS2199,7430
ATQCUS2200,14337
ATQCUS2201,10239
ATQCUS2202,13892
ATQCUS2203,8741
ATQCUS2204,12560
ATQCUS2205,15650
ATQCUS2206,13957
ATQCUS2207,12830
ATQCUS2208,13138
ATQCUS2209,8256
ATQCUS2210,15011
ATQCUS2211,11854
ATQCUS2212,6278
ATQCUS2213,10686
ATQCUS2214,7058
ATQCUS2215,11273
ATQCUS2216,12129
ATQCUS2217,18060
ATQCUS2218,17634
ATQCUS2219,10750
ATQCUS2220,9807
ATQCUS2221,10418
ATQCUS2222,5191
ATQCUS2223,8448
ATQCUS2224,6340
ATQCUS2225,5510
ATQCUS2226,4010
ATQCUS2227,3202
ATQCUS2228,7468
ATQCUS2229,8984
ATQCUS2230,3624
ATQCUS2231,3864
ATQCUS2232,4763
ATQCUS2233,6217
ATQCUS2234,4626
ATQCUS2235,2414
ATQCUS2236,4038
ATQCUS2237,7510
ATQCUS2238,6057
ATQCUS2239,6676
ATQCUS2240,6522
ATQCUS2241,4584
ATQCUS2242,3706
ATQCUS2243,4000
ATQCUS2244,7815
ATQCUS2245,7455
ATQCUS2246,8502
ATQCUS2247,8830
ATQCUS2248,8020
ATQCUS2249,8239
ATQCUS2250,8674
ATQCUS2251,9422
ATQCUS2252,4309
ATQCUS2253,4138
ATQCUS2254,5534
ATQCUS2255,4624
ATQCUS2256,2977
ATQCUS2257,5804
ATQCUS2258,5977
ATQCUS2259,6930
ATQCUS2260,6425
ATQCUS2261,3877
ATQCUS2262,8727
ATQCUS2263,5962
ATQCUS2264,3950
ATQCUS2265,4853
ATQCUS2266,3441
ATQCUS2267,3205
ATQCUS2268,5735
ATQCUS2269,4833
ATQCUS2270,7589
ATQCUS2271,4162
ATQCUS2272,3593
ATQCUS2273,6176
ATQCUS2274,10892
ATQCUS2275,6742
ATQCUS2276,12190
ATQCUS2277,5977
ATQCUS2278,11111
ATQCUS2279,10496
ATQCUS2280,15424
ATQCUS2281,9974
ATQCUS2282,4789
ATQCUS2283,9425
ATQCUS2284,6796
ATQCUS2285,12052
ATQCUS2286,9393
ATQCUS2287,13963
ATQCUS2288,11528
ATQCUS2289,9732
ATQCUS2290,13454
ATQCUS2291,10617
ATQCUS2292,13220
ATQCUS2293,11003
ATQCUS2294,7255
ATQCUS2295,8731
ATQCUS2296,13801
ATQCUS2297,6905
ATQCUS2298,8966
ATQCUS2299,2986
ATQCUS2300,4459
ATQCUS2301,3374
ATQCUS2302,3891
ATQCUS2303,1815
ATQCUS2304,3646
ATQCUS2305,6920
ATQCUS2306,6480
ATQCUS2307,7098
ATQCUS2308,5493
ATQCUS2309,7892
ATQCUS2310,5359
ATQCUS2311,7334
ATQCUS2312,5428
ATQCUS2313,5345
ATQCUS2314,4139
ATQCUS2315,5915
ATQCUS2316,10891
ATQCUS2317,6842
ATQCUS2318,8255
ATQCUS2319,9680
ATQCUS2320,6329
ATQCUS2321,8167
ATQCUS2322,6330
ATQCUS2323,7772
ATQCUS2324,6827
ATQCUS2325,5358
ATQCUS2326,2842
ATQCUS2327,2677
ATQCUS2328,6381
ATQCUS2329,5071
ATQCUS2330,7442
ATQCUS2331,4987
ATQCUS2332,6323
ATQCUS2333,4170
ATQCUS2334,3165
ATQCUS2335,4651
ATQCUS2336,5331
ATQCUS2337,6141
ATQCUS2338,8347
ATQCUS2339,6605
ATQCUS2340,3403
ATQCUS2341,5221
ATQCUS2342,4202
ATQCUS2343,4824
ATQCUS2344,4681
ATQCUS2345,5224
ATQCUS2346,3959
ATQCUS2347,4500
ATQCUS2348,5554
ATQCUS2349,5276
ATQCUS2350,3313
ATQCUS2351,2615
ATQCUS2352,15193
ATQCUS2353,6609
ATQCUS2354,10649
ATQCUS2355,10479
ATQCUS2356,4224
ATQCUS2357,3745
ATQCUS2358,7388
ATQCUS2359,8952
ATQCUS2360,5932
ATQCUS2361,11156
ATQCUS2362,7459
ATQCUS2363,9273
ATQCUS2364,7268
ATQCUS2365,6988
ATQCUS2366,8329
ATQCUS2367,6257
ATQCUS2368,8819
ATQCUS2369,8680
ATQCUS2370,6322
ATQCUS2371,8579
ATQCUS2372,4443
ATQCUS2373,4417
ATQCUS2374,7078
ATQCUS2375,6726
ATQCUS2376,9650
ATQCUS2377,6190
ATQCUS2378,5334
ATQCUS2379,8854
ATQCUS2380,6799
ATQCUS2381,9790
ATQCUS2382,6848
ATQCUS2383,6941
ATQCUS2384,8387
ATQCUS2385,10479
ATQCUS2386,6148
ATQCUS2387,7991
ATQCUS2388,6739
ATQCUS2389,7228
ATQCUS2390,3805
ATQCUS2391,4720
ATQCUS2392,3768
ATQCUS2393,4127
ATQCUS2394,2985
ATQCUS2395,3329
ATQCUS2396,3926
ATQCUS2397,4474
ATQCUS2398,3318
ATQCUS2399,5951
ATQCUS2400,6112
ATQCUS2401,3018
ATQCUS2402,3928
ATQCUS2403,3168
ATQCUS2404,4012
ATQCUS2405,3415
ATQCUS2406,3133
ATQCUS2407,4549
ATQCUS2408,3095
ATQCUS2409,3232
ATQCUS2410,5055
ATQCUS2411,2885
ATQCUS2412,4422
ATQCUS2413,2901
ATQCUS2414,3865
ATQCUS2415,5203
ATQCUS2416,3369
ATQCUS2417,3272
ATQCUS2418,1736
ATQCUS2419,5752
ATQCUS2420,5864
ATQCUS2421,5434
ATQCUS2422,5407
ATQCUS2423,5260
ATQCUS2424,2976
ATQCUS2425,3095
ATQCUS2426,3365
ATQCUS2427,6082
ATQCUS2428,5018
ATQCUS2429,3537
ATQCUS2430,2634
ATQCUS2431,1459
ATQCUS2432,3427
ATQCUS2433,4511
ATQCUS2434,1861
ATQCUS2435,2035
ATQCUS2436,3714
ATQCUS2437,3328
ATQCUS2438,5156
ATQCUS2439,4815
ATQCUS2440,4280
ATQCUS2441,2716
ATQCUS2442,3740
ATQCUS2443,3323
ATQCUS2444,3358
ATQCUS2445,5167
ATQCUS2446,3196
ATQCUS2447,4252
ATQCUS2448,3892
ATQCUS2449,2693
ATQCUS2450,2927
ATQCUS2451,5618
ATQCUS2452,3867
ATQCUS2453,3213
ATQCUS2454,3676
ATQCUS2455,2846
ATQCUS2456,3939
ATQCUS2457,10267
ATQCUS2458,11520
ATQCUS2459,10384
ATQCUS2460,6939
ATQCUS2461,7062
ATQCUS2462,10024
ATQCUS2463,7435
ATQCUS2464,6782
ATQCUS2465,14220
ATQCUS2466,9886
ATQCUS2467,11473
ATQCUS2468,9652
ATQCUS2469,11352
ATQCUS2470,7251
ATQCUS2471,8450
ATQCUS2472,6660
ATQCUS2473,9620
ATQCUS2474,7272
ATQCUS2475,7046
ATQCUS2476,10046
ATQCUS2477,12729
ATQCUS2478,9028
ATQCUS2479,10593
ATQCUS2480,8061
ATQCUS2481,12251
ATQCUS2482,3693
ATQCUS2483,3597
ATQCUS2484,3256
ATQCUS2485,6820
ATQCUS2486,2958
ATQCUS2487,4719
ATQCUS2488,3611
ATQCUS2489,2609
ATQCUS2490,3663
ATQCUS2491,4528
ATQCUS2492,4157
ATQCUS2493,4618
ATQCUS2494,6008
ATQCUS2495,4422
ATQCUS2496,4798
ATQCUS2497,5533
ATQCUS2498,8046
ATQCUS2499,6119
ATQCUS2500,5136
ATQCUS2501,4906
ATQCUS2502,4850
ATQCUS2503,9045
ATQCUS2504,2739
ATQCUS2505,6063
ATQCUS2506,4781
ATQCUS2507,4142
ATQCUS2508,6329
ATQCUS2509,5094
ATQCUS2510,3601
ATQCUS2511,2173
ATQCUS2512,4820
ATQCUS2513,3658
ATQCUS2514,3746
ATQCUS2515,2734
ATQCUS2516,2901
ATQCUS2517,4420
ATQCUS2518,2982
ATQCUS2519,4654
ATQCUS2520,5037
ATQCUS2521,4289
ATQCUS2522,5977
ATQCUS2523,10540
ATQCUS2524,9923
ATQCUS2525,18571
ATQCUS2526,12130
ATQCUS2527,11054
ATQCUS2528,14717
ATQCUS2529,11188
ATQCUS2530,16976
ATQCUS2531,19789
ATQCUS2532,15512
ATQCUS2533,17413
ATQCUS2534,14950
ATQCUS2535,15190
ATQCUS2536,15627
ATQCUS2537,12666
ATQCUS2538,6875
ATQCUS2539,11033
ATQCUS2540,13541
ATQCUS2541,14056
ATQCUS2542,13563
ATQCUS2543,14236
ATQCUS2544,16473
ATQCUS2545,6239
ATQCUS2546,10058
ATQCUS2547,11674
ATQCUS2548,10454
ATQCUS2549,24594
ATQCUS2550,13511
ATQCUS2551,12721
ATQCUS2552,8734
ATQCUS2553,16675
ATQCUS2554,17937
ATQCUS2555,17208
ATQCUS2556,22487
ATQCUS2557,12711
ATQCUS2558,9881
ATQCUS2559,10600
ATQCUS2560,18477
ATQCUS2561,16968
ATQCUS2562,11333
ATQCUS2563,10611
ATQCUS2564,14016
ATQCUS2565,12067
ATQCUS2566,13935
ATQCUS2567,12167
ATQCUS2568,13048
ATQCUS2569,10105
ATQCUS2570,13481
ATQCUS2571,15024
ATQCUS2572,11648
ATQCUS2573,9691
ATQCUS2574,22632
ATQCUS2575,12478
ATQCUS2576,13307
ATQCUS2577,12714
ATQCUS2578,10129
ATQCUS2579,6144
ATQCUS2580,7992
ATQCUS2581,3617
ATQCUS2582,5332
ATQCUS2583,6191
ATQCUS2584,6187
ATQCUS2585,11060
ATQCUS2586,8739
ATQCUS2587,6441
ATQCUS2588,11056
ATQCUS2589,6777
ATQCUS2590,8038
ATQCUS2591,8454
ATQCUS2592,8982
ATQCUS2593,8683
ATQCUS2594,7740
ATQCUS2595,4808
ATQCUS2596,8370
ATQCUS2597,7037
ATQCUS2598,4613
ATQCUS2599,4699
ATQCUS2600,8348
ATQCUS2601,4388
ATQCUS2602,9378
ATQCUS2603,5848
ATQCUS2604,6670
ATQCUS2605,9464
ATQCUS2606,7360
ATQCUS2607,12428
ATQCUS2608,11574
ATQCUS2609,10058
ATQCUS2610,10282
ATQCUS2611,12535
ATQCUS2612,10686
ATQCUS2613,8810
ATQCUS2614,9077
ATQCUS2615,4037
ATQCUS2616,4213
ATQCUS2617,8286
ATQCUS2618,4731
ATQCUS2619,10358
ATQCUS2620,9198
ATQCUS2621,6849
ATQCUS2622,9487
ATQCUS2623,8710
ATQCUS2624,6832
ATQCUS2625,4773
ATQCUS2626,8955
ATQCUS2627,7469
ATQCUS2628,7140
ATQCUS2629,9078
ATQCUS2630,6343
ATQCUS2631,4187
ATQCUS2632,9345
ATQCUS2633,12320
ATQCUS2634,20032
ATQCUS2635,13788
ATQCUS2636,11867
ATQCUS2637,10310
ATQCUS2638,14184
ATQCUS2639,15548
ATQCUS2640,9244
ATQCUS2641,8986
ATQCUS2642,16118
ATQCUS2643,14494
ATQCUS2644,14232
ATQCUS2645,8552
ATQCUS2646,14515
ATQCUS2647,12264
ATQCUS2648,12407
ATQCUS2649,8219
ATQCUS2650,10142
ATQCUS2651,12995
ATQCUS2652,18714
ATQCUS2653,7547
ATQCUS2654,15312
ATQCUS2655,6158
ATQCUS2656,12293
ATQCUS2657,11819
ATQCUS2658,12468
ATQCUS2659,13344
ATQCUS2660,18288
ATQCUS2661,12653
ATQCUS2662,12103
ATQCUS2663,9428
ATQCUS2664,8067
ATQCUS2665,7633
ATQCUS2666,8748
ATQCUS2667,6505
ATQCUS2668,7275
ATQCUS2669,7761
ATQCUS2670,8143
ATQCUS2671,8418
ATQCUS2672,8304
ATQCUS2673,4375
ATQCUS2674,8154
ATQCUS2675,7832
ATQCUS2676,7709
ATQCUS2677,9797
ATQCUS2678,9150
ATQCUS2679,6197
ATQCUS2680,4310
ATQCUS2681,3966
ATQCUS2682,7652
ATQCUS2683,7469
ATQCUS2684,4739
ATQCUS2685,12290
ATQCUS2686,6735
ATQCUS2687,8084
ATQCUS2688,10931
ATQCUS2689,9471
ATQCUS2690,13714
ATQCUS2691,5784
ATQCUS2692,5501
ATQCUS2693,3793
ATQCUS2694,6464
ATQCUS2695,1897
ATQCUS2696,6131
ATQCUS2697,4879
ATQCUS2698,6120
ATQCUS2699,3601
ATQCUS2700,5736
ATQCUS2701,4807
ATQCUS2702,5957
ATQCUS2703,3773
ATQCUS2704,10761
ATQCUS2705,9820
ATQCUS2706,5411
ATQCUS2707,3873
ATQCUS2708,4918
ATQCUS2709,8782
ATQCUS2710,2952
ATQCUS2711,6135
ATQCUS2712,4223
ATQCUS2713,14843
ATQCUS2714,19861
ATQCUS2715,11979
ATQCUS2716,13145
ATQCUS2717,9559
ATQCUS2718,8615
ATQCUS2719,12660
ATQCUS2720,8424
ATQCUS2721,11093
ATQCUS2722,15340
ATQCUS2723,12745
ATQCUS2724,10237
ATQCUS2725,13481
ATQCUS2726,8892
ATQCUS2727,13576
ATQCUS2728,13117
ATQCUS2729,12029
ATQCUS2730,18266
ATQCUS2731,12057
ATQCUS2732,6713
ATQCUS2733,17723
ATQCUS2734,8542
ATQCUS2735,12687
ATQCUS2736,9985
ATQCUS2737,10630
ATQCUS2738,14396
ATQCUS2739,10249
ATQCUS2740,6116
ATQCUS2741,4988
ATQCUS2742,6065
ATQCUS2743,9948
ATQCUS2744,9161
ATQCUS2745,3706
ATQCUS2746,5198
ATQCUS2747,6328
ATQCUS2748,6263
ATQCUS2749,6316
ATQCUS2750,8111
ATQCUS2751,6037
ATQCUS2752,5213
ATQCUS2753,10269
ATQCUS2754,6928
ATQCUS2755,7589
ATQCUS2756,8871
ATQCUS2757,5980
ATQCUS2758,7036
ATQCUS2759,5608
ATQCUS2760,6028
ATQCUS2761,6573
ATQCUS2762,8931
ATQCUS2763,2896
ATQCUS2764,8587
ATQCUS2765,6840
ATQCUS2766,2920
ATQCUS2767,4717
ATQCUS2768,9224
ATQCUS2769,7439
ATQCUS2770,6467
ATQCUS2771,7200
ATQCUS2772,3725
ATQCUS2773,5742
ATQCUS2774,4604
ATQCUS2775,4546
ATQCUS2776,7854
ATQCUS2777,4114
ATQCUS2778,7297
ATQCUS2779,5970
ATQCUS2780,7807
ATQCUS2781,5297
ATQCUS2782,9474
ATQCUS2783,7017
ATQCUS2784,3533
ATQCUS2785,7409
ATQCUS2786,9625
ATQCUS2787,10259
ATQCUS2788,9075
ATQCUS2789,8066
ATQCUS2790,8108
ATQCUS2791,8760
ATQCUS2792,8257
ATQCUS2793,8212
ATQCUS2794,8717
ATQCUS2795,9666
ATQCUS2796,9517
ATQCUS2797,9572
ATQCUS2798,4695
ATQCUS2799,5228
ATQCUS2800,12082
ATQCUS2801,7067
ATQCUS2802,11848
ATQCUS2803,6107
ATQCUS2804,10442
ATQCUS2805,8349
ATQCUS2806,7933
ATQCUS2807,6427
ATQCUS2808,7866
ATQCUS2809,7722
ATQCUS2810,7197
ATQCUS2811,6170
ATQCUS2812,6354
ATQCUS2813,6781
ATQCUS2814,12308
ATQCUS2815,10804
ATQCUS2816,8741
ATQCUS2817,9839
ATQCUS2818,6553
ATQCUS2819,6600
ATQCUS2820,3633
ATQCUS2821,2488
ATQCUS2822,5794
ATQCUS2823,3388
ATQCUS2824,6349
ATQCUS2825,3156
ATQCUS2826,5605
ATQCUS2827,8307
ATQCUS2828,4882
ATQCUS2829,4718
ATQCUS2830,5067
ATQCUS2831,2798
ATQCUS2832,2287
ATQCUS2833,4031
ATQCUS2834,2123
ATQCUS2835,3066
ATQCUS2836,5542
ATQCUS2837,5191
ATQCUS2838,2816
ATQCUS2839,4950
ATQCUS2840,6326
ATQCUS2841,4102
ATQCUS2842,4532
ATQCUS2843,3797
ATQCUS2844,4512
ATQCUS2845,3764
ATQCUS2846,4240
ATQCUS2847,4763
ATQCUS2848,5189
ATQCUS2849,2928
ATQCUS2850,3989
ATQCUS2851,7297
ATQCUS2852,6828
ATQCUS2853,5151
ATQCUS2854,4891
ATQCUS2855,8341
ATQCUS2856,6670
ATQCUS2857,3714
ATQCUS2858,5342
ATQCUS2859,4834
ATQCUS2860,3860
ATQCUS2861,3453
ATQCUS2862,3463
ATQCUS2863,4115
ATQCUS2864,7146
ATQCUS2865,4752
ATQCUS2866,4456
ATQCUS2867,5028
ATQCUS2868,4540
ATQCUS2869,2713
ATQCUS2870,2463
ATQCUS2871,3469
ATQCUS2872,4284
ATQCUS2873,4210
ATQCUS2874,3336
ATQCUS2875,3081
ATQCUS2876,3639
ATQCUS2877,5275
ATQCUS2878,3779
ATQCUS2879,4023
ATQCUS2880,4341
ATQCUS2881,3288
ATQCUS2882,4977
ATQCUS2883,3253
ATQCUS2884,5694
ATQCUS2885,3902
ATQCUS2886,4730
ATQCUS2887,1843
ATQCUS2888,10114
ATQCUS2889,8601
ATQCUS2890,13350
ATQCUS2891,14486
ATQCUS2892,13375
ATQCUS2893,6982
ATQCUS2894,10378
ATQCUS2895,9626
ATQCUS2896,12082
ATQCUS2897,7618
ATQCUS2898,13633
ATQCUS2899,8029
ATQCUS2900,7363
ATQCUS2901,10329
ATQCUS2902,7866
ATQCUS2903,10208
ATQCUS2904,10033
ATQCUS2905,11668
ATQCUS2906,10588
ATQCUS2907,10162
ATQCUS2908,6281
ATQCUS2909,12101
ATQCUS2910,10432
ATQCUS2911,8798
ATQCUS2912,13486
ATQCUS2913,11952
ATQCUS2914,11135
ATQCUS2915,12617
ATQCUS2916,13487
ATQCUS2917,6928
ATQCUS2918,6870
ATQCUS2919,3691
ATQCUS2920,4001
ATQCUS2921,3818
ATQCUS2922,5288
ATQCUS2923,3934
ATQCUS2924,4010
ATQCUS2925,4691
ATQCUS2926,5224
ATQCUS2927,6545
ATQCUS2928,5306
ATQCUS2929,3762
ATQCUS2930,3608
ATQCUS2931,4101
ATQCUS2932,6924
ATQCUS2933,5506
ATQCUS2934,5394
ATQCUS2935,5634
ATQCUS2936,7342
ATQCUS2937,5158
ATQCUS2938,5279
ATQCUS2939,8858
ATQCUS2940,8287
ATQCUS2941,5945
ATQCUS2942,2705
ATQCUS2943,5077
ATQCUS2944,3913
ATQCUS2945,5128
ATQCUS2946,4370
ATQCUS2947,3737
ATQCUS2948,4318
ATQCUS2949,6804
ATQCUS2950,4858
ATQCUS2951,5751
ATQCUS2952,4699
ATQCUS2953,3507
ATQCUS2954,6747
ATQCUS2955,4010
ATQCUS2956,4616
ATQCUS2957,5433
ATQCUS2958,2366
ATQCUS2959,6112
ATQCUS2960,4842
ATQCUS2961,3763
ATQCUS2962,6953
ATQCUS2963,13651
ATQCUS2964,6455
ATQCUS2965,7844
ATQCUS2966,15497
ATQCUS2967,12467
ATQCUS2968,11331
ATQCUS2969,6645
ATQCUS2970,13418
ATQCUS2971,18136
ATQCUS2972,7500
ATQCUS2973,13787
ATQCUS2974,10116
ATQCUS2975,9375
ATQCUS2976,15226
ATQCUS2977,8746
ATQCUS2978,5005
ATQCUS2979,7327
ATQCUS2980,8474
ATQCUS2981,6450
ATQCUS2982,6453
ATQCUS2983,4995
ATQCUS2984,6969
ATQCUS2985,6752
ATQCUS2986,3990
ATQCUS2987,6373
ATQCUS2988,6337
ATQCUS2989,3891
ATQCUS2990,9411
ATQCUS2991,5595
ATQCUS2992,7862
ATQCUS2993,6785
ATQCUS2994,6946
ATQCUS2995,5244
ATQCUS2996,10413
ATQCUS2997,8379
ATQCUS2998,6681
ATQCUS2999,11360
ATQCUS3000,5692
ATQCUS3001,6577
ATQCUS3002,5172
ATQCUS3003,5124
ATQCUS3004,5676
ATQCUS3005,6099
ATQCUS3006,5312
ATQCUS3007,8554
ATQCUS3008,3908
ATQCUS3009,3758
ATQCUS3010,4525
ATQCUS3011,8111
ATQCUS3012,10353
ATQCUS3013,13954
ATQCUS3014,8658
ATQCUS3015,4860
ATQCUS3016,9949
ATQCUS3017,11234
ATQCUS3018,9704
ATQCUS3019,20828
ATQCUS3020,14673
ATQCUS3021,14768
ATQCUS3022,12848
ATQCUS3023,6258
ATQCUS3024,7008
ATQCUS3025,4145
ATQCUS3026,2044
ATQCUS3027,4545
ATQCUS3028,5283
ATQCUS3029,5603
ATQCUS3030,6514
ATQCUS3031,5648
ATQCUS3032,7516
ATQCUS3033,7815
ATQCUS3034,8548
ATQCUS3035,5937
ATQCUS3036,3740
ATQCUS3037,5120
ATQCUS3038,4498
ATQCUS3039,5280
ATQCUS3040,4011
ATQCUS3041,3865
ATQCUS3042,4816
ATQCUS3043,3262
ATQCUS3044,14443
ATQCUS3045,13890
ATQCUS3046,11211
ATQCUS3047,10632
ATQCUS3048,6477
ATQCUS3049,6554
ATQCUS3050,8600
ATQCUS3051,9148
ATQCUS3052,8731
ATQCUS3053,12491
ATQCUS3054,8662
ATQCUS3055,8573
ATQCUS3056,8680
ATQCUS3057,7822
ATQCUS3058,5733
ATQCUS3059,7027
ATQCUS3060,4683
ATQCUS3061,8133
ATQCUS3062,5046
ATQCUS3063,4759
ATQCUS3064,5457
ATQCUS3065,4112
ATQCUS3066,5585
ATQCUS3067,7644
ATQCUS3068,5107
ATQCUS3069,8450
ATQCUS3070,6441
ATQCUS3071,5428
ATQCUS3072,7986
ATQCUS3073,8025
ATQCUS3074,6147
ATQCUS3075,9029
ATQCUS3076,4407
ATQCUS3077,4882
ATQCUS3078,3714
ATQCUS3079,3674
ATQCUS3080,4693
ATQCUS3081,5419
ATQCUS3082,5112
ATQCUS3083,4996
ATQCUS3084,3992
ATQCUS3085,3287
ATQCUS3086,5542
ATQCUS3087,5446
ATQCUS3088,12349
ATQCUS3089,5720
ATQCUS3090,2537
ATQCUS3091,5825
ATQCUS3092,4670
ATQCUS3093,6260
ATQCUS3094,6094
ATQCUS3095,6723
ATQCUS3096,7129
ATQCUS3097,8708
ATQCUS3098,9080
ATQCUS3099,6100
ATQCUS3100,3605
ATQCUS3101,2519
ATQCUS3102,3670
ATQCUS3103,4120
ATQCUS3104,3431
ATQCUS3105,2776
ATQCUS3106,2580
ATQCUS3107,5349
ATQCUS3108,5459
ATQCUS3109,4845
ATQCUS3110,4831
ATQCUS3111,3117
ATQCUS3112,3062
ATQCUS3113,2611
ATQCUS3114,3937
ATQCUS3115,5004
ATQCUS3116,6462
ATQCUS3117,6680
ATQCUS3118,9517
ATQCUS3119,5553
ATQCUS3120,8634
ATQCUS3121,9482
ATQCUS3122,5769
ATQCUS3123,9305
ATQCUS3124,3503
ATQCUS3125,3437
ATQCUS3126,4182
ATQCUS3127,4991
ATQCUS3128,4360
ATQCUS3129,4767
ATQCUS3130,6037
ATQCUS3131,4458
ATQCUS3132,3906
ATQCUS3133,4175
ATQCUS3134,3451
ATQCUS3135,3702
ATQCUS3136,6171
ATQCUS3137,7433
ATQCUS3138,8847
ATQCUS3139,11561
ATQCUS3140,7215
ATQCUS3141,14869
ATQCUS3142,11138
ATQCUS3143,11503
ATQCUS3144,9152
ATQCUS3145,14260
ATQCUS3146,10842
ATQCUS3147,5982
ATQCUS3148,10014
ATQCUS3149,15769
ATQCUS3150,6462
ATQCUS3151,12232
ATQCUS3152,8485
ATQCUS3153,11155
ATQCUS3154,9582
ATQCUS3155,5956
ATQCUS3156,8128
ATQCUS3157,14319
ATQCUS3158,9501
ATQCUS3159,9428
ATQCUS3160,11271
ATQCUS3161,13602
ATQCUS3162,11077
ATQCUS3163,12226
ATQCUS3164,9222
ATQCUS3165,12950
ATQCUS3166,9497
ATQCUS3167,13105
ATQCUS3168,13719
ATQCUS3169,6788
ATQCUS3170,11434
ATQCUS3171,9227
ATQCUS3172,10416
ATQCUS3173,9615
ATQCUS3174,4822
ATQCUS3175,6331
ATQCUS3176,5689
ATQCUS3177,5948
ATQCUS3178,4281
ATQCUS3179,5012
ATQCUS3180,6481
ATQCUS3181,4805
ATQCUS3182,4332
ATQCUS3183,5606
ATQCUS3184,4076
ATQCUS3185,5409
ATQCUS3186,4483
ATQCUS3187,4946
ATQCUS3188,4950
ATQCUS3189,3375
ATQCUS3190,5057
ATQCUS3191,7376
ATQCUS3192,6707
ATQCUS3193,4424
ATQCUS3194,6138
ATQCUS3195,5371
ATQCUS3196,7705
ATQCUS3197,4490
ATQCUS3198,2996
ATQCUS3199,3668
ATQCUS3200,7034
ATQCUS3201,5770
ATQCUS3202,5774
ATQCUS3203,7819
ATQCUS3204,5049
ATQCUS3205,8968
ATQCUS3206,7635
ATQCUS3207,4437
ATQCUS3208,5913
ATQCUS3209,10385
ATQCUS3210,5349
ATQCUS3211,7050
ATQCUS3212,9389
ATQCUS3213,8059
ATQCUS3214,5920
ATQCUS3215,7846
ATQCUS3216,7070
ATQCUS3217,6628
ATQCUS3218,4424
ATQCUS3219,4242
ATQCUS3220,4313
ATQCUS3221,3041
ATQCUS3222,4281
ATQCUS3223,4216
ATQCUS3224,4558
ATQCUS3225,5943
ATQCUS3226,4447
ATQCUS3227,3404
ATQCUS3228,6364
ATQCUS3229,7327
ATQCUS3230,3699
ATQCUS3231,5432
ATQCUS3232,5263
ATQCUS3233,5393
ATQCUS3234,5840
ATQCUS3235,3147
ATQCUS3236,4309
ATQCUS3237,4672
ATQCUS3238,4759
ATQCUS3239,5580
ATQCUS3240,6068
ATQCUS3241,6793
ATQCUS3242,6377
ATQCUS3243,3463
ATQCUS3244,6160
ATQCUS3245,3105
ATQCUS3246,2555
ATQCUS3247,4086
ATQCUS3248,4483
ATQCUS3249,9661
ATQCUS3250,11176
ATQCUS3251,9505
ATQCUS3252,7305
ATQCUS3253,8250
ATQCUS3254,3805
ATQCUS3255,8749
ATQCUS3256,16795
ATQCUS3257,7360
ATQCUS3258,5696
ATQCUS3259,11050
ATQCUS3260,7963
ATQCUS3261,11469
ATQCUS3262,7367
ATQCUS3263,7404
ATQCUS3264,11357
ATQCUS3265,12104
ATQCUS3266,10661
ATQCUS3267,4719
ATQCUS3268,6308
ATQCUS3269,4475
ATQCUS3270,4949
ATQCUS3271,4562
ATQCUS3272,5793
ATQCUS3273,1769
ATQCUS3274,4604
ATQCUS3275,3899
ATQCUS3276,3079
ATQCUS3277,6321
ATQCUS3278,5119
ATQCUS3279,8540
ATQCUS3280,3314
ATQCUS3281,10118
ATQCUS3282,4647
ATQCUS3283,2030
ATQCUS3284,9639
ATQCUS3285,5987
ATQCUS3286,6137
ATQCUS3287,7526
ATQCUS3288,4263
ATQCUS3289,2702
ATQCUS3290,4577
ATQCUS3291,4244
ATQCUS3292,3890
ATQCUS3293,4164
ATQCUS3294,4570
ATQCUS3295,6086
ATQCUS3296,3022
ATQCUS3297,2658
ATQCUS3298,5615
ATQCUS3299,4811
ATQCUS3300,4528
ATQCUS3301,6115
ATQCUS3302,9753
ATQCUS3303,8090
ATQCUS3304,11181
ATQCUS3305,6350
ATQCUS3306,7645
ATQCUS3307,8281
ATQCUS3308,7626
ATQCUS3309,10055
ATQCUS3310,5262
ATQCUS3311,5557
ATQCUS3312,8159
ATQCUS3313,9203
ATQCUS3314,5403
ATQCUS3315,14187
ATQCUS3316,8878
ATQCUS3317,9401
ATQCUS3318,8611
ATQCUS3319,3165
ATQCUS3320,6114
ATQCUS3321,4110
ATQCUS3322,3065
ATQCUS3323,3561
ATQCUS3324,5298
ATQCUS3325,4200
ATQCUS3326,2775
ATQCUS3327,3797
ATQCUS3328,5658
ATQCUS3329,3380
ATQCUS3330,6101
ATQCUS3331,5420
ATQCUS3332,5395
ATQCUS3333,7716
ATQCUS3334,8238
ATQCUS3335,4812
ATQCUS3336,2886
ATQCUS3337,5149
ATQCUS3338,4587
ATQCUS3339,3507
ATQCUS3340,4491
ATQCUS3341,2502
ATQCUS3342,4786
ATQCUS3343,2613
ATQCUS3344,5442
ATQCUS3345,4212
ATQCUS3346,4277
ATQCUS3347,5028
ATQCUS3348,4330
ATQCUS3349,4057
ATQCUS3350,6082
ATQCUS3351,4979
ATQCUS3352,3198
ATQCUS3353,5338
ATQCUS3354,2371
ATQCUS3355,4216
ATQCUS3356,3060
ATQCUS3357,5618
ATQCUS3358,6230
ATQCUS3359,3691
ATQCUS3360,5748
ATQCUS3361,4313
ATQCUS3362,4169
ATQCUS3363,1917
ATQCUS3364,7626
ATQCUS3365,5838
ATQCUS3366,6292
ATQCUS3367,6373
ATQCUS3368,5597
ATQCUS3369,2216
ATQCUS3370,3172
ATQCUS3371,2307
ATQCUS3372,3037
ATQCUS3373,3479
ATQCUS3374,3530
ATQCUS3375,3520
ATQCUS3376,5329
ATQCUS3377,2806
ATQCUS3378,2299
ATQCUS3379,2240
ATQCUS3380,1700
ATQCUS3381,1986
ATQCUS3382,2656
ATQCUS3383,3818
ATQCUS3384,4112
ATQCUS3385,2805
ATQCUS3386,3195
ATQCUS3387,3725
ATQCUS3388,4021
ATQCUS3389,6065
ATQCUS3390,4533
ATQCUS3391,2470
ATQCUS3392,936
ATQCUS3393,4200
ATQCUS3394,2967
ATQCUS3395,2934
ATQCUS3396,3358
ATQCUS3397,3491
ATQCUS3398,2979
ATQCUS3399,2623
ATQCUS3400,3735
ATQCUS3401,2239
ATQCUS3402,3740
ATQCUS3403,2630
ATQCUS3404,1784
ATQCUS3405,2543
ATQCUS3406,5100
ATQCUS3407,7553
ATQCUS3408,9170
ATQCUS3409,6393
ATQCUS3410,4318
ATQCUS3411,6660
ATQCUS3412,4446
ATQCUS3413,7461
ATQCUS3414,5364
ATQCUS3415,6609
ATQCUS3416,5033
ATQCUS3417,6103
ATQCUS3418,5730
ATQCUS3419,6406
ATQCUS3420,5066
ATQCUS3421,7338
ATQCUS3422,9467
ATQCUS3423,2637
ATQCUS3424,2702
ATQCUS3425,2225
ATQCUS3426,1684
ATQCUS3427,2626
ATQCUS3428,3898
ATQCUS3429,3158
ATQCUS3430,6489
ATQCUS3431,5479
ATQCUS3432,4822
ATQCUS3433,5624
ATQCUS3434,5777
ATQCUS3435,6253
ATQCUS3436,2983
ATQCUS3437,2542
ATQCUS3438,4335
ATQCUS3439,2787
ATQCUS3440,4787
ATQCUS3441,3508
ATQCUS3442,3426
ATQCUS3443,5773
ATQCUS3444,3063
ATQCUS3445,2532
ATQCUS3446,4040
ATQCUS3447,2741
ATQCUS3448,17800
ATQCUS3449,16240
ATQCUS3450,23178
ATQCUS3451,19083
ATQCUS3452,17465
ATQCUS3453,14358
ATQCUS3454,15804
ATQCUS3455,16122
ATQCUS3456,13230
ATQCUS3457,12269
ATQCUS3458,15592
ATQCUS3459,19593
ATQCUS3460,21123
ATQCUS3461,25000
ATQCUS3462,8470
ATQCUS3463,7417
ATQCUS3464,8127
ATQCUS3465,7222
ATQCUS3466,9535
ATQCUS3467,10525
ATQCUS3468,7798
ATQCUS3469,4256
ATQCUS3470,8571
ATQCUS3471,9339
ATQCUS3472,8741
ATQCUS3473,6115
ATQCUS3474,12329
ATQCUS3475,14158
ATQCUS3476,14425
ATQCUS3477,12526
ATQCUS3478,9842
ATQCUS3479,10503
ATQCUS3480,15955
ATQCUS3481,16860
ATQCUS3482,9601
ATQCUS3483,5934
ATQCUS3484,7808
ATQCUS3485,8143
ATQCUS3486,4163
ATQCUS3487,3302
ATQCUS3488,5275
ATQCUS3489,13187
ATQCUS3490,8118
ATQCUS3491,6192
ATQCUS3492,5074
ATQCUS3493,6257
ATQCUS3494,4852
ATQCUS3495,6414
ATQCUS3496,8845
ATQCUS3497,9357
ATQCUS3498,5528
ATQCUS3499,5192
ATQCUS3500,15247
ATQCUS3501,15038
ATQCUS3502,15316
ATQCUS3503,14105
ATQCUS3504,18497
ATQCUS3505,15486
ATQCUS3506,14510
ATQCUS3507,10113
ATQCUS3508,7417
ATQCUS3509,11832
ATQCUS3510,15426
ATQCUS3511,5685
ATQCUS3512,6074
ATQCUS3513,5246
ATQCUS3514,7764
ATQCUS3515,5928
ATQCUS3516,6992
ATQCUS3517,10281
ATQCUS3518,5810
ATQCUS3519,6392
ATQCUS3520,9436
ATQCUS3521,5296
ATQCUS3522,11586
ATQCUS3523,8195
ATQCUS3524,6000
ATQCUS3525,9940
ATQCUS3526,13934
ATQCUS3527,5634
ATQCUS3528,4105
ATQCUS3529,7942
ATQCUS3530,8041
ATQCUS3531,6848
ATQCUS3532,5924
ATQCUS3533,6416
ATQCUS3534,4609
ATQCUS3535,5061
ATQCUS3536,13785
ATQCUS3537,10964
ATQCUS3538,10291
ATQCUS3539,25959
ATQCUS3540,21669
ATQCUS3541,15993
ATQCUS3542,10114
ATQCUS3543,12899
ATQCUS3544,6128
ATQCUS3545,6531
ATQCUS3546,4260
ATQCUS3547,8679
ATQCUS3548,5109
ATQCUS3549,4639
ATQCUS3550,12472
ATQCUS3551,12262
ATQCUS3552,16267
ATQCUS3553,8306
ATQCUS3554,8915
ATQCUS3555,9640
ATQCUS3556,12855
ATQCUS3557,6630
ATQCUS3558,9140
ATQCUS3559,3969
ATQCUS3560,4879
ATQCUS3561,7753
ATQCUS3562,10369
ATQCUS3563,5460
ATQCUS3564,10375
ATQCUS3565,8934
ATQCUS3566,5790
ATQCUS3567,7319
ATQCUS3568,3313
ATQCUS3569,9518
ATQCUS3570,10922
ATQCUS3571,8150
ATQCUS3572,6192
ATQCUS3573,8030
ATQCUS3574,9116
ATQCUS3575,7045
ATQCUS3576,14052
ATQCUS3577,8364
ATQCUS3578,12137
ATQCUS3579,6776
ATQCUS3580,4446
ATQCUS3581,11578
ATQCUS3582,5575
ATQCUS3583,6614
ATQCUS3584,4302
ATQCUS3585,9775
ATQCUS3586,8904
ATQCUS3587,5519
ATQCUS3588,4792
ATQCUS3589,2956
ATQCUS3590,6348
ATQCUS3591,1416
ATQCUS3592,4932
ATQCUS3593,2189
ATQCUS3594,6706
ATQCUS3595,5497
ATQCUS3596,9719
ATQCUS3597,4472
ATQCUS3598,5192
ATQCUS3599,8138
ATQCUS3600,6000
ATQCUS3601,5252
ATQCUS3602,5614
ATQCUS3603,5481
ATQCUS3604,2913
ATQCUS3605,3627
ATQCUS3606,4805
ATQCUS3607,2246
ATQCUS3608,5083
ATQCUS3609,6285
ATQCUS3610,2346
ATQCUS3611,3546
ATQCUS3612,5272
ATQCUS3613,5374
ATQCUS3614,5144
ATQCUS3615,5902
ATQCUS3616,4562
ATQCUS3617,4106
ATQCUS3618,15695
ATQCUS3619,11521
ATQCUS3620,3154
ATQCUS3621,14487
ATQCUS3622,10256
ATQCUS3623,10352
ATQCUS3624,12343
ATQCUS3625,12722
ATQCUS3626,7025
ATQCUS3627,2968
ATQCUS3628,5622
ATQCUS3629,7870
ATQCUS3630,4944
ATQCUS3631,9910
ATQCUS3632,6551
ATQCUS3633,5172
ATQCUS3634,13194
ATQCUS3635,7474
ATQCUS3636,6058
ATQCUS3637,6351
ATQCUS3638,5433
ATQCUS3639,4713
ATQCUS3640,4301
ATQCUS3641,4095
ATQCUS3642,3340
ATQCUS3643,5684
ATQCUS3644,3149
ATQCUS3645,4397
ATQCUS3646,4745
ATQCUS3647,4928
ATQCUS3648,12239
ATQCUS3649,19512
ATQCUS3650,12127
ATQCUS3651,17599
ATQCUS3652,16693
ATQCUS3653,6895
ATQCUS3654,7531
ATQCUS3655,7976
ATQCUS3656,10885
ATQCUS3657,7114
ATQCUS3658,14120
ATQCUS3659,12559
ATQCUS3660,9122
ATQCUS3661,10269
ATQCUS3662,6918
ATQCUS3663,6902
ATQCUS3664,11836
ATQCUS3665,12839
ATQCUS3666,10108
ATQCUS3667,10440
ATQCUS3668,12278
ATQCUS3669,7992
ATQCUS3670,7362
ATQCUS3671,10369
ATQCUS3672,16521
ATQCUS3673,6698
ATQCUS3674,6155
ATQCUS3675,5891
ATQCUS3676,8809
ATQCUS3677,13957
ATQCUS3678,14785
ATQCUS3679,22513
ATQCUS3680,14807
ATQCUS3681,11757
ATQCUS3682,7111
ATQCUS3683,6222
ATQCUS3684,11967
ATQCUS3685,11419
ATQCUS3686,7329
ATQCUS3687,7447
ATQCUS3688,7189
ATQCUS3689,6973
ATQCUS3690,6579
ATQCUS3691,8011
ATQCUS3692,13175
ATQCUS3693,10174
ATQCUS3694,10796
ATQCUS3695,9739
ATQCUS3696,3213
ATQCUS3697,4081
ATQCUS3698,5797
ATQCUS3699,4638
ATQCUS3700,3341
ATQCUS3701,4625
ATQCUS3702,7294
ATQCUS3703,6383
ATQCUS3704,6862
ATQCUS3705,4006
ATQCUS3706,6304
ATQCUS3707,6337
ATQCUS3708,3696
ATQCUS3709,4736
ATQCUS3710,12031
ATQCUS3711,10834
ATQCUS3712,5034
ATQCUS3713,4502
ATQCUS3714,7606
ATQCUS3715,11022
ATQCUS3716,12972
ATQCUS3717,6244
ATQCUS3718,3239
ATQCUS3719,4598
ATQCUS3720,4339
ATQCUS3721,4486
ATQCUS3722,1885
ATQCUS3723,13520
ATQCUS3724,6037
ATQCUS3725,11899
ATQCUS3726,3267
ATQCUS3727,8671
ATQCUS3728,3477
ATQCUS3729,8932
ATQCUS3730,7152
ATQCUS3731,5472
ATQCUS3732,4557
ATQCUS3733,3388
ATQCUS3734,12674
ATQCUS3735,7994
ATQCUS3736,9385
ATQCUS3737,13946
ATQCUS3738,7080
ATQCUS3739,9062
ATQCUS3740,7237
ATQCUS3741,9095
ATQCUS3742,8050
ATQCUS3743,8328
ATQCUS3744,7902
ATQCUS3745,9717
ATQCUS3746,9769
ATQCUS3747,9871
ATQCUS3748,4686
ATQCUS3749,7892
ATQCUS3750,4884
ATQCUS3751,10430
ATQCUS3752,9811
ATQCUS3753,7282
ATQCUS3754,9935
ATQCUS3755,6842
ATQCUS3756,10510
ATQCUS3757,9009
ATQCUS3758,9072
ATQCUS3759,8179
ATQCUS3760,6932
ATQCUS3761,8814
ATQCUS3762,6602
ATQCUS3763,5831
ATQCUS3764,9464
ATQCUS3765,12811
ATQCUS3766,8438
ATQCUS3767,7955
ATQCUS3768,8584
ATQCUS3769,7231
ATQCUS3770,3484
ATQCUS3771,5445
ATQCUS3772,2865
ATQCUS3773,6674
ATQCUS3774,5657
ATQCUS3775,4119
ATQCUS3776,4155
ATQCUS3777,5110
ATQCUS3778,3617
ATQCUS3779,5082
ATQCUS3780,3939
ATQCUS3781,3334
ATQCUS3782,3485
ATQCUS3783,4155
ATQCUS3784,3165
ATQCUS3785,3313
ATQCUS3786,2741
ATQCUS3787,5177
ATQCUS3788,5403
ATQCUS3789,5862
ATQCUS3790,5644
ATQCUS3791,5882
ATQCUS3792,2638
ATQCUS3793,3481
ATQCUS3794,3287
ATQCUS3795,4304
ATQCUS3796,4672
ATQCUS3797,5180
ATQCUS3798,4741
ATQCUS3799,3577
ATQCUS3800,3453
ATQCUS3801,3306
ATQCUS3802,4453
ATQCUS3803,5204
ATQCUS3804,8320
ATQCUS3805,6342
ATQCUS3806,6767
ATQCUS3807,6638
ATQCUS3808,6841
ATQCUS3809,8924
ATQCUS3810,7508
ATQCUS3811,10374
ATQCUS3812,6496
ATQCUS3813,7454
ATQCUS3814,8567
ATQCUS3815,7868
ATQCUS3816,9020
ATQCUS3817,4682
ATQCUS3818,9347
ATQCUS3819,8819
ATQCUS3820,6891
ATQCUS3821,5179
ATQCUS3822,3798
ATQCUS3823,3753
ATQCUS3824,3555
ATQCUS3825,3204
ATQCUS3826,2523
ATQCUS3827,2907
ATQCUS3828,4560
ATQCUS3829,4588
ATQCUS3830,5240
ATQCUS3831,2979
ATQCUS3832,4310
ATQCUS3833,3815
ATQCUS3834,4558
ATQCUS3835,6374
ATQCUS3836,12634
ATQCUS3837,4524
ATQCUS3838,6369
ATQCUS3839,8093
ATQCUS3840,6728
ATQCUS3841,6895
ATQCUS3842,7223
ATQCUS3843,4372
ATQCUS3844,5702
ATQCUS3845,4240
ATQCUS3846,9763
ATQCUS3847,9000
ATQCUS3848,7359
ATQCUS3849,6298
ATQCUS3850,3811
ATQCUS3851,2814
ATQCUS3852,4071
ATQCUS3853,3946
ATQCUS3854,4582
ATQCUS3855,4839
ATQCUS3856,3184
ATQCUS3857,3760
ATQCUS3858,5895
ATQCUS3859,3350
ATQCUS3860,2514
ATQCUS3861,1831
ATQCUS3862,4737
ATQCUS3863,3939
ATQCUS3864,3965
ATQCUS3865,2302
ATQCUS3866,3621
ATQCUS3867,5178
ATQCUS3868,3754
ATQCUS3869,5166
ATQCUS3870,2150
ATQCUS3871,6256
ATQCUS3872,8269
ATQCUS3873,4175
ATQCUS3874,2596
ATQCUS3875,3783
ATQCUS3876,3577
ATQCUS3877,2030
ATQCUS3878,4297
ATQCUS3879,2769
ATQCUS3880,2497
ATQCUS3881,2442
ATQCUS3882,1822
ATQCUS3883,1953
ATQCUS3884,4159
ATQCUS3885,2461
ATQCUS3886,1615
ATQCUS3887,3291
ATQCUS3888,2331
ATQCUS3889,2110
ATQCUS3890,5382
ATQCUS3891,7571
ATQCUS3892,4490
ATQCUS3893,4263
ATQCUS3894,4420
ATQCUS3895,7411
ATQCUS3896,2209
ATQCUS3897,5707
ATQCUS3898,5449
ATQCUS3899,5251
ATQCUS3900,4879
ATQCUS3901,7230
ATQCUS3902,4007
ATQCUS3903,2215
ATQCUS3904,3102
ATQCUS3905,4750
ATQCUS3906,3324
ATQCUS3907,3670
ATQCUS3908,5993
ATQCUS3909,4552
ATQCUS3910,1662
ATQCUS3911,3521
ATQCUS3912,2313
ATQCUS3913,6776
ATQCUS3914,5493
ATQCUS3915,12370
ATQCUS3916,14478
ATQCUS3917,11651
ATQCUS3918,12694
ATQCUS3919,11346
ATQCUS3920,18836
ATQCUS3921,15374
ATQCUS3922,15671
ATQCUS3923,9075
ATQCUS3924,3954
ATQCUS3925,6370
ATQCUS3926,6036
ATQCUS3927,4833
ATQCUS3928,7259
ATQCUS3929,7217
ATQCUS3930,9981
ATQCUS3931,9050
ATQCUS3932,9447
ATQCUS3933,6116
ATQCUS3934,4530
ATQCUS3935,6730
ATQCUS3936,3844
ATQCUS3937,4916
ATQCUS3938,6612
ATQCUS3939,7200
ATQCUS3940,10467
ATQCUS3941,9842
ATQCUS3942,6145
ATQCUS3943,28177
ATQCUS3944,10815
ATQCUS3945,9515
ATQCUS3946,10558
ATQCUS3947,10272
ATQCUS3948,9809
ATQCUS3949,9525
ATQCUS3950,5810
ATQCUS3951,4226
ATQCUS3952,5867
ATQCUS3953,5547
ATQCUS3954,4041
ATQCUS3955,4964
ATQCUS3956,3740
ATQCUS3957,5658
ATQCUS3958,3769
ATQCUS3959,4997
ATQCUS3960,13701
ATQCUS3961,13066
ATQCUS3962,6822
ATQCUS3963,10127
ATQCUS3964,9316
ATQCUS3965,12508
ATQCUS3966,10355
ATQCUS3967,3488
ATQCUS3968,8585
ATQCUS3969,6068
ATQCUS3970,4821
ATQCUS3971,8370
ATQCUS3972,3371
ATQCUS3973,3921
ATQCUS3974,1914
ATQCUS3975,4017
ATQCUS3976,5376
ATQCUS3977,6072
ATQCUS3978,6963
ATQCUS3979,6293
ATQCUS3980,6976
ATQCUS3981,9389
ATQCUS3982,6054
ATQCUS3983,9455
ATQCUS3984,8354
ATQCUS3985,5135
ATQCUS3986,5462
ATQCUS3987,7411
ATQCUS3988,3789
ATQCUS3989,3598
ATQCUS3990,5146
ATQCUS3991,3553
ATQCUS3992,3790
ATQCUS3993,4834
ATQCUS3994,4932
ATQCUS3995,3832
ATQCUS3996,5744
ATQCUS3997,4319
ATQCUS3998,3610
ATQCUS3999,5240
ATQCUS4000,3787
