customer_id,total_spending
ATQCUS0001,10073
ATQCUS0002,10281
ATQCUS0003,13718
ATQCUS0004,13445
ATQCUS0005,13462
ATQCUS0006,13450
ATQCUS0007,20417
ATQCUS0008,10513
ATQCUS0009,13398
ATQCUS0010,11459
ATQCUS0011,18727
ATQCUS0012,10107
ATQCUS0013,12365
ATQCUS0014,7265
ATQCUS0015,4368
ATQCUS0016,6162
ATQCUS0017,4931
ATQCUS0018,5037
ATQCUS0019,5630
ATQCUS0020,5765
ATQCUS0021,6728
ATQCUS0022,7655
ATQCUS0023,12469
ATQCUS0024,6478
ATQCUS0025,10288
ATQCUS0026,7338
ATQCUS0027,9499
ATQCUS0028,9305
ATQCUS0029,10616
ATQCUS0030,6130
ATQCUS0031,6046
ATQCUS0032,6080
ATQCUS0033,4925
ATQCUS0034,7303
ATQCUS0035,4616
ATQCUS0036,8150
ATQCUS0037,5266
ATQCUS0038,8379
ATQCUS0039,6748
ATQCUS0040,4221
ATQCUS0041,10260
ATQCUS0042,11896
ATQCUS0043,12371
ATQCUS0044,8718
ATQCUS0045,12988
ATQCUS0046,9719
ATQCUS0047,10137
ATQCUS0048,12069
ATQCUS0049,7080
ATQCUS0050,4328
ATQCUS0051,7439
ATQCUS0052,7496
ATQCUS0053,5789
ATQCUS0054,6678
ATQCUS0055,6880
ATQCUS0056,11132
ATQCUS0057,7999
ATQCUS0058,5816
ATQCUS0059,4556
ATQCUS0060,6534
ATQCUS0061,5276
ATQCUS0062,6519
ATQCUS0063,12175
ATQCUS0064,8936
ATQCUS0065,10744
ATQCUS0066,14155
ATQCUS0067,10659
ATQCUS0068,6925
ATQCUS0069,9508
ATQCUS0070,5866
ATQCUS0071,4057
ATQCUS0072,6713
ATQCUS0073,1952
ATQCUS0074,5840
ATQCUS0075,6430
ATQCUS0076,5422
ATQCUS0077,6833
ATQCUS0078,7590
ATQCUS0079,7455
ATQCUS0080,4474
ATQCUS0081,4556
ATQCUS0082,5438
ATQCUS0083,6437
ATQCUS0084,4449
ATQCUS0085,5954
ATQCUS0086,4556
ATQCUS0087,7786
ATQCUS0088,6675
ATQCUS0089,8572
ATQCUS0090,9329
ATQCUS0091,9795
ATQCUS0092,7450
ATQCUS0093,4675
ATQCUS0094,3252
ATQCUS0095,3745
ATQCUS0096,3753
ATQCUS0097,4251
ATQCUS0098,3293
ATQCUS0099,5194
ATQCUS0100,5169
ATQCUS0101,3773
ATQCUS0102,4385
ATQCUS0103,3206
ATQCUS0104,3892
ATQCUS0105,2536
ATQCUS0106,4106
ATQCUS0107,1601
ATQCUS0108,6563
ATQCUS0109,5888
ATQCUS0110,9455
ATQCUS0111,8308
ATQCUS0112,5144
ATQCUS0113,3281
ATQCUS0114,5348
ATQCUS0115,6703
ATQCUS0116,9363
ATQCUS0117,8753
ATQCUS0118,4359
ATQCUS0119,2600
ATQCUS0120,4963
ATQCUS0121,3548
ATQCUS0122,4684
ATQCUS0123,3276
ATQCUS0124,21849
ATQCUS0125,18870
ATQCUS0126,12510
ATQCUS0127,12473
ATQCUS0128,16533
ATQCUS0129,13189
ATQCUS0130,19002
ATQCUS0131,16968
ATQCUS0132,27847
ATQCUS0133,26194
ATQCUS0134,21447
ATQCUS0135,15936
ATQCUS0136,21516
ATQCUS0137,15741
ATQCUS0138,28901
ATQCUS0139,12707
ATQCUS0140,21858
ATQCUS0141,25906
ATQCUS0142,7549
ATQCUS0143,19270
ATQCUS0144,22439
ATQCUS0145,16933
ATQCUS0146,12871
ATQCUS0147,16965
ATQCUS0148,23140
ATQCUS0149,17846
ATQCUS0150,14975
ATQCUS0151,17599
ATQCUS0152,15859
ATQCUS0153,15996
ATQCUS0154,16680
ATQCUS0155,17431
ATQCUS0156,15952
ATQCUS0157,14972
ATQCUS0158,16993
ATQCUS0159,23824
ATQCUS0160,17316
ATQCUS0161,23321
ATQCUS0162,23503
ATQCUS0163,21666
ATQCUS0164,10684
ATQCUS0165,24167
ATQCUS0166,24082
ATQCUS0167,16538
ATQCUS0168,13227
ATQCUS0169,10285
ATQCUS0170,24626
ATQCUS0171,18605
ATQCUS0172,17254
ATQCUS0173,13539
ATQCUS0174,7660
ATQCUS0175,9593
ATQCUS0176,8431
ATQCUS0177,17653
ATQCUS0178,9526
ATQCUS0179,5868
ATQCUS0180,9873
ATQCUS0181,11143
ATQCUS0182,9532
ATQCUS0183,10448
ATQCUS0184,12306
ATQCUS0185,11007
ATQCUS0186,11870
ATQCUS0187,12897
ATQCUS0188,7965
ATQCUS0189,10693
ATQCUS0190,9813
ATQCUS0191,13709
ATQCUS0192,12258
ATQCUS0193,6114
ATQCUS0194,8974
ATQCUS0195,10444
ATQCUS0196,10075
ATQCUS0197,13406
ATQCUS0198,8578
ATQCUS0199,10534
ATQCUS0200,10525
ATQCUS0201,6432
ATQCUS0202,6473
ATQCUS0203,8487
ATQCUS0204,7573
ATQCUS0205,10059
ATQCUS0206,5420
ATQCUS0207,7092
ATQCUS0208,10062
ATQCUS0209,9743
ATQCUS0210,10136
ATQCUS0211,11836
ATQCUS0212,14257
ATQCUS0213,21956
ATQCUS0214,16458
ATQCUS0215,12908
ATQCUS0216,11880
ATQCUS0217,14235
ATQCUS0218,11182
ATQCUS0219,13216
ATQCUS0220,6307
ATQCUS0221,13303
ATQCUS0222,9925
ATQCUS0223,15419
ATQCUS0224,7998
ATQCUS0225,13016
ATQCUS0226,8911
ATQCUS0227,17458
ATQCUS0228,14434
ATQCUS0229,24604
ATQCUS0230,14637
ATQCUS0231,16370
ATQCUS0232,9795
ATQCUS0233,11815
ATQCUS0234,12280
ATQCUS0235,10978
ATQCUS0236,9380
ATQCUS0237,9054
ATQCUS0238,11086
ATQCUS0239,10296
ATQCUS0240,17654
ATQCUS0241,13047
ATQCUS0242,14000
ATQCUS0243,11744
ATQCUS0244,14780
ATQCUS0245,18112
ATQCUS0246,21403
ATQCUS0247,15820
ATQCUS0248,19250
ATQCUS0249,15478
ATQCUS0250,17229
ATQCUS0251,7007
ATQCUS0252,6750
ATQCUS0253,12595
ATQCUS0254,10102
ATQCUS0255,7636
ATQCUS0256,11229
ATQCUS0257,6038
ATQCUS0258,7288
ATQCUS0259,7241
ATQCUS0260,9120
ATQCUS0261,9113
ATQCUS0262,10861
ATQCUS0263,6858
ATQCUS0264,8933
ATQCUS0265,8993
ATQCUS0266,9002
ATQCUS0267,9699
ATQCUS0268,10475
ATQCUS0269,6861
ATQCUS0270,11160
ATQCUS0271,4366
ATQCUS0272,16981
ATQCUS0273,2582
ATQCUS0274,8175
ATQCUS0275,7161
ATQCUS0276,7000
ATQCUS0277,12066
ATQCUS0278,6019
ATQCUS0279,9876
ATQCUS0280,7566
ATQCUS0281,9970
ATQCUS0282,5935
ATQCUS0283,5434
ATQCUS0284,10149
ATQCUS0285,9760
ATQCUS0286,5809
ATQCUS0287,10425
ATQCUS0288,13774
ATQCUS0289,15071
ATQCUS0290,9195
ATQCUS0291,9672
ATQCUS0292,9291
ATQCUS0293,14733
ATQCUS0294,12832
ATQCUS0295,7312
ATQCUS0296,8112
ATQCUS0297,9944
ATQCUS0298,9146
ATQCUS0299,8788
ATQCUS0300,11075
ATQCUS0301,6462
ATQCUS0302,10811
ATQCUS0303,8861
ATQCUS0304,9715
ATQCUS0305,13685
ATQCUS0306,13432
ATQCUS0307,10372
ATQCUS0308,11895
ATQCUS0309,7729
ATQCUS0310,10572
ATQCUS0311,7383
ATQCUS0312,10186
ATQCUS0313,6199
ATQCUS0314,6434
ATQCUS0315,9626
ATQCUS0316,16797
ATQCUS0317,21773
ATQCUS0318,17778
ATQCUS0319,16841
ATQCUS0320,15381
ATQCUS0321,23721
ATQCUS0322,16462
ATQCUS0323,17257
ATQCUS0324,17350
ATQCUS0325,16289
ATQCUS0326,18717
ATQCUS0327,12444
ATQCUS0328,17239
ATQCUS0329,15987
ATQCUS0330,13476
ATQCUS0331,18696
ATQCUS0332,16650
ATQCUS0333,19765
ATQCUS0334,11584
ATQCUS0335,28654
ATQCUS0336,11223
ATQCUS0337,16348
ATQCUS0338,20503
ATQCUS0339,18783
ATQCUS0340,10716
ATQCUS0341,8027
ATQCUS0342,16383
ATQCUS0343,12692
ATQCUS0344,16290
ATQCUS0345,24850
ATQCUS0346,21800
ATQCUS0347,16043
ATQCUS0348,14926
ATQCUS0349,12808
ATQCUS0350,22433
ATQCUS0351,16936
ATQCUS0352,18952
ATQCUS0353,15518
ATQCUS0354,21490
ATQCUS0355,12129
ATQCUS0356,10480
ATQCUS0357,18736
ATQCUS0358,15356
ATQCUS0359,16533
ATQCUS0360,19606
ATQCUS0361,5743
ATQCUS0362,10768
ATQCUS0363,8638
ATQCUS0364,9888
ATQCUS0365,5765
ATQCUS0366,6955
ATQCUS0367,6997
ATQCUS0368,14445
ATQCUS0369,5029
ATQCUS0370,7617
ATQCUS0371,12066
ATQCUS0372,10804
ATQCUS0373,7714
ATQCUS0374,10358
ATQCUS0375,6632
ATQCUS0376,7068
ATQCUS0377,3993
ATQCUS0378,14133
ATQCUS0379,5800
ATQCUS0380,5448
ATQCUS0381,5468
ATQCUS0382,6702
ATQCUS0383,9787
ATQCUS0384,10795
ATQCUS0385,10352
ATQCUS0386,10557
ATQCUS0387,7040
ATQCUS0388,11354
ATQCUS0389,10232
ATQCUS0390,8359
ATQCUS0391,14532
ATQCUS0392,10998
ATQCUS0393,16988
ATQCUS0394,10730
ATQCUS0395,9025
ATQCUS0396,11663
ATQCUS0397,10899
ATQCUS0398,12297
ATQCUS0399,9818
ATQCUS0400,11996
ATQCUS0401,17252
ATQCUS0402,9565
ATQCUS0403,15404
ATQCUS0404,12850
ATQCUS0405,7336
ATQCUS0406,13039
ATQCUS0407,10051
ATQCUS0408,13898
ATQCUS0409,13172
ATQCUS0410,7640
ATQCUS0411,9441
ATQCUS0412,6149
ATQCUS0413,22122
ATQCUS0414,15000
ATQCUS0415,9809
ATQCUS0416,10910
ATQCUS0417,8111
ATQCUS0418,7430
ATQCUS0419,10870
ATQCUS0420,8412
ATQCUS0421,10550
ATQCUS0422,2702
ATQCUS0423,6328
ATQCUS0424,8073
ATQCUS0425,10321
ATQCUS0426,5685
ATQCUS0427,8251
ATQCUS0428,11824
ATQCUS0429,6100
ATQCUS0430,5675
ATQCUS0431,5586
ATQCUS0432,4782
ATQCUS0433,11855
ATQCUS0434,8540
ATQCUS0435,9399
ATQCUS0436,6247
ATQCUS0437,7279
ATQCUS0438,7123
ATQCUS0439,7356
ATQCUS0440,8777
ATQCUS0441,4754
ATQCUS0442,5050
ATQCUS0443,8249
ATQCUS0444,10060
ATQCUS0445,11014
ATQCUS0446,6353
ATQCUS0447,8267
ATQCUS0448,8384
ATQCUS0449,8291
ATQCUS0450,10980
ATQCUS0451,10914
ATQCUS0452,7930
ATQCUS0453,8948
ATQCUS0454,5500
ATQCUS0455,7325
ATQCUS0456,8547
ATQCUS0457,8812
ATQCUS0458,22806
ATQCUS0459,11732
ATQCUS0460,27597
ATQCUS0461,23174
ATQCUS0462,17666
ATQCUS0463,19149
ATQCUS0464,15663
ATQCUS0465,17965
ATQCUS0466,6023
ATQCUS0467,13135
ATQCUS0468,19993
ATQCUS0469,12955
ATQCUS0470,22889
ATQCUS0471,15501
ATQCUS0472,9896
ATQCUS0473,25163
ATQCUS0474,19674
ATQCUS0475,7459
ATQCUS0476,14283
ATQCUS0477,12184
ATQCUS0478,20238
ATQCUS0479,10147
ATQCUS0480,16027
ATQCUS0481,16055
ATQCUS0482,21310
ATQCUS0483,9854
ATQCUS0484,9534
ATQCUS0485,12789
ATQCUS0486,13441
ATQCUS0487,15871
ATQCUS0488,7828
ATQCUS0489,21189
ATQCUS0490,11070
ATQCUS0491,8636
ATQCUS0492,10734
ATQCUS0493,7273
ATQCUS0494,12089
ATQCUS0495,7398
ATQCUS0496,5314
ATQCUS0497,9094
ATQCUS0498,6926
ATQCUS0499,10910
ATQCUS0500,7753
ATQCUS0501,7155
ATQCUS0502,4405
ATQCUS0503,3063
ATQCUS0504,9901
ATQCUS0505,5944
ATQCUS0506,8022
ATQCUS0507,3324
ATQCUS0508,8492
ATQCUS0509,7536
ATQCUS0510,7084
ATQCUS0511,6552
ATQCUS0512,9542
ATQCUS0513,7309
ATQCUS0514,9555
ATQCUS0515,3499
ATQCUS0516,7258
ATQCUS0517,6948
ATQCUS0518,10560
ATQCUS0519,9399
ATQCUS0520,12090
ATQCUS0521,9496
ATQCUS0522,15705
ATQCUS0523,14792
ATQCUS0524,12200
ATQCUS0525,11431
ATQCUS0526,7381
ATQCUS0527,11322
ATQCUS0528,7216
ATQCUS0529,6379
ATQCUS0530,10404
ATQCUS0531,15833
ATQCUS0532,8303
ATQCUS0533,12917
ATQCUS0534,9398
ATQCUS0535,10512
ATQCUS0536,11929
ATQCUS0537,11145
ATQCUS0538,12791
ATQCUS0539,14925
ATQCUS0540,10464
ATQCUS0541,7940
ATQCUS0542,8101
ATQCUS0543,14809
ATQCUS0544,7445
ATQCUS0545,7416
ATQCUS0546,7298
ATQCUS0547,7593
ATQCUS0548,5729
ATQCUS0549,10599
ATQCUS0550,7768
ATQCUS0551,7257
ATQCUS0552,6952
ATQCUS0553,6779
ATQCUS0554,7808
ATQCUS0555,9868
ATQCUS0556,9167
ATQCUS0557,9033
ATQCUS0558,9522
ATQCUS0559,9339
ATQCUS0560,10526
ATQCUS0561,6724
ATQCUS0562,6572
ATQCUS0563,7786
ATQCUS0564,6599
ATQCUS0565,6886
ATQCUS0566,6500
ATQCUS0567,11226
ATQCUS0568,4049
ATQCUS0569,8482
ATQCUS0570,6675
ATQCUS0571,8180
ATQCUS0572,11620
ATQCUS0573,5250
ATQCUS0574,5609
ATQCUS0575,7537
ATQCUS0576,9495
ATQCUS0577,6230
ATQCUS0578,6765
ATQCUS0579,3271
ATQCUS0580,7575
ATQCUS0581,10087
ATQCUS0582,7968
ATQCUS0583,8798
ATQCUS0584,4872
ATQCUS0585,13783
ATQCUS0586,3412
ATQCUS0587,7248
ATQCUS0588,7142
ATQCUS0589,4359
ATQCUS0590,6209
ATQCUS0591,8130
ATQCUS0592,3725
ATQCUS0593,13334
ATQCUS0594,8218
ATQCUS0595,11241
ATQCUS0596,6556
ATQCUS0597,6070
ATQCUS0598,7078
ATQCUS0599,14270
ATQCUS0600,8757
ATQCUS0601,7858
ATQCUS0602,14970
ATQCUS0603,14417
ATQCUS0604,8984
ATQCUS0605,14046
ATQCUS0606,8381
ATQCUS0607,13569
ATQCUS0608,7406
ATQCUS0609,12544
ATQCUS0610,6764
ATQCUS0611,14804
ATQCUS0612,13679
ATQCUS0613,17406
ATQCUS0614,8045
ATQCUS0615,10048
ATQCUS0616,11916
ATQCUS0617,12186
ATQCUS0618,8767
ATQCUS0619,9414
ATQCUS0620,14119
ATQCUS0621,9763
ATQCUS0622,11633
ATQCUS0623,14379
ATQCUS0624,12976
ATQCUS0625,9763
ATQCUS0626,5933
ATQCUS0627,9886
ATQCUS0628,7769
ATQCUS0629,18915
ATQCUS0630,8025
ATQCUS0631,13259
ATQCUS0632,8611
ATQCUS0633,9168
ATQCUS0634,9210
ATQCUS0635,9927
ATQCUS0636,6614
ATQCUS0637,9147
ATQCUS0638,18487
ATQCUS0639,10278
ATQCUS0640,10064
ATQCUS0641,7840
ATQCUS0642,3340
ATQCUS0643,5117
ATQCUS0644,4426
ATQCUS0645,5789
ATQCUS0646,7426
ATQCUS0647,3195
ATQCUS0648,4403
ATQCUS0649,4474
ATQCUS0650,2824
ATQCUS0651,5853
ATQCUS0652,2429
ATQCUS0653,5680
ATQCUS0654,5133
ATQCUS0655,6879
ATQCUS0656,5379
ATQCUS0657,4319
ATQCUS0658,6896
ATQCUS0659,8158
ATQCUS0660,5201
ATQCUS0661,5451
ATQCUS0662,6683
ATQCUS0663,9378
ATQCUS0664,7400
ATQCUS0665,4526
ATQCUS0666,5303
ATQCUS0667,7387
ATQCUS0668,5568
ATQCUS0669,5357
ATQCUS0670,7066
ATQCUS0671,5810
ATQCUS0672,3526
ATQCUS0673,6214
ATQCUS0674,6099
ATQCUS0675,2634
ATQCUS0676,6087
ATQCUS0677,4074
ATQCUS0678,6276
ATQCUS0679,8053
ATQCUS0680,11640
ATQCUS0681,6418
ATQCUS0682,6078
ATQCUS0683,6667
ATQCUS0684,10584
ATQCUS0685,8408
ATQCUS0686,5580
ATQCUS0687,9449
ATQCUS0688,4594
ATQCUS0689,10080
ATQCUS0690,8015
ATQCUS0691,2531
ATQCUS0692,9146
ATQCUS0693,6853
ATQCUS0694,8260
ATQCUS0695,11673
ATQCUS0696,6671
ATQCUS0697,9493
ATQCUS0698,7413
ATQCUS0699,4530
ATQCUS0700,4690
ATQCUS0701,9689
ATQCUS0702,12840
ATQCUS0703,8570
ATQCUS0704,5889
ATQCUS0705,5839
ATQCUS0706,10118
ATQCUS0707,4743
ATQCUS0708,7392
ATQCUS0709,6755
ATQCUS0710,8431
ATQCUS0711,3365
ATQCUS0712,3295
ATQCUS0713,6119
ATQCUS0714,6846
ATQCUS0715,4691
ATQCUS0716,4620
ATQCUS0717,3533
ATQCUS0718,4739
ATQCUS0719,3849
ATQCUS0720,3892
ATQCUS0721,5163
ATQCUS0722,4942
ATQCUS0723,5011
ATQCUS0724,3539
ATQCUS0725,4135
ATQCUS0726,4920
ATQCUS0727,7634
ATQCUS0728,3864
ATQCUS0729,5145
ATQCUS0730,6754
ATQCUS0731,5149
ATQCUS0732,5861
ATQCUS0733,6692
ATQCUS0734,3901
ATQCUS0735,5223
ATQCUS0736,4992
ATQCUS0737,5540
ATQCUS0738,6908
ATQCUS0739,5065
ATQCUS0740,4024
ATQCUS0741,8025
ATQCUS0742,7859
ATQCUS0743,5483
ATQCUS0744,4674
ATQCUS0745,5257
ATQCUS0746,6896
ATQCUS0747,4740
ATQCUS0748,4554
ATQCUS0749,6234
ATQCUS0750,6761
ATQCUS0751,5578
ATQCUS0752,9187
ATQCUS0753,5659
ATQCUS0754,5921
ATQCUS0755,7860
ATQCUS0756,7146
ATQCUS0757,5839
ATQCUS0758,5304
ATQCUS0759,6663
ATQCUS0760,4421
ATQCUS0761,2350
ATQCUS0762,2957
ATQCUS0763,5300
ATQCUS0764,5236
ATQCUS0765,3919
ATQCUS0766,2996
ATQCUS0767,4881
ATQCUS0768,8488
ATQCUS0769,4900
ATQCUS0770,5738
ATQCUS0771,15307
ATQCUS0772,12402
ATQCUS0773,8799
ATQCUS0774,12540
ATQCUS0775,11382
ATQCUS0776,27595
ATQCUS0777,16529
ATQCUS0778,10271
ATQCUS0779,13793
ATQCUS0780,17023
ATQCUS0781,14064
ATQCUS0782,14666
ATQCUS0783,17891
ATQCUS0784,14927
ATQCUS0785,9489
ATQCUS0786,19436
ATQCUS0787,20640
ATQCUS0788,11643
ATQCUS0789,18861
ATQCUS0790,15763
ATQCUS0791,15067
ATQCUS0792,15846
ATQCUS0793,12760
ATQCUS0794,14699
ATQCUS0795,8950
ATQCUS0796,15232
ATQCUS0797,6050
ATQCUS0798,11484
ATQCUS0799,14655
ATQCUS0800,13588
ATQCUS0801,3414
ATQCUS0802,8476
ATQCUS0803,4850
ATQCUS0804,8071
ATQCUS0805,5432
ATQCUS0806,4728
ATQCUS0807,5836
ATQCUS0808,8210
ATQCUS0809,8678
ATQCUS0810,7686
ATQCUS0811,9377
ATQCUS0812,6067
ATQCUS0813,5345
ATQCUS0814,6773
ATQCUS0815,6743
ATQCUS0816,6214
ATQCUS0817,4495
ATQCUS0818,5285
ATQCUS0819,8340
ATQCUS0820,9276
ATQCUS0821,7874
ATQCUS0822,8496
ATQCUS0823,5892
ATQCUS0824,8699
ATQCUS0825,8862
ATQCUS0826,11849
ATQCUS0827,10623
ATQCUS0828,12835
ATQCUS0829,8776
ATQCUS0830,10773
ATQCUS0831,7255
ATQCUS0832,6342
ATQCUS0833,10893
ATQCUS0834,9846
ATQCUS0835,8827
ATQCUS0836,6124
ATQCUS0837,8051
ATQCUS0838,8754
ATQCUS0839,14371
ATQCUS0840,8388
ATQCUS0841,9723
ATQCUS0842,5839
ATQCUS0843,12258
ATQCUS0844,10896
ATQCUS0845,8896
ATQCUS0846,7742
ATQCUS0847,6019
ATQCUS0848,8855
ATQCUS0849,5542
ATQCUS0850,11323
ATQCUS0851,7077
ATQCUS0852,4008
ATQCUS0853,6961
ATQCUS0854,8411
ATQCUS0855,5108
ATQCUS0856,7410
ATQCUS0857,3510
ATQCUS0858,5330
ATQCUS0859,9603
ATQCUS0860,7644
ATQCUS0861,3529
ATQCUS0862,7201
ATQCUS0863,9108
ATQCUS0864,3720
ATQCUS0865,7667
ATQCUS0866,7431
ATQCUS0867,6464
ATQCUS0868,5785
ATQCUS0869,7634
ATQCUS0870,7473
ATQCUS0871,6199
ATQCUS0872,4537
ATQCUS0873,4073
ATQCUS0874,7569
ATQCUS0875,6417
ATQCUS0876,3108
ATQCUS0877,4007
ATQCUS0878,7157
ATQCUS0879,8029
ATQCUS0880,6365
ATQCUS0881,7114
ATQCUS0882,5176
ATQCUS0883,8566
ATQCUS0884,8901
ATQCUS0885,6711
ATQCUS0886,4899
ATQCUS0887,5490
ATQCUS0888,8444
ATQCUS0889,12267
ATQCUS0890,14869
ATQCUS0891,18289
ATQCUS0892,28875
ATQCUS0893,24237
ATQCUS0894,18555
ATQCUS0895,19270
ATQCUS0896,19333
ATQCUS0897,27984
ATQCUS0898,18935
ATQCUS0899,13832
ATQCUS0900,29634
ATQCUS0901,18311
ATQCUS0902,9575
ATQCUS0903,26276
ATQCUS0904,28069
ATQCUS0905,18864
ATQCUS0906,19565
ATQCUS0907,24181
ATQCUS0908,18353
ATQCUS0909,15138
ATQCUS0910,23607
ATQCUS0911,20712
ATQCUS0912,22301
ATQCUS0913,27246
ATQCUS0914,22961
ATQCUS0915,21567
ATQCUS0916,13478
ATQCUS0917,15328
ATQCUS0918,26293
ATQCUS0919,32655
ATQCUS0920,33331
ATQCUS0921,12913
ATQCUS0922,34695
ATQCUS0923,18810
ATQCUS0924,23143
ATQCUS0925,18436
ATQCUS0926,21280
ATQCUS0927,19320
ATQCUS0928,21874
ATQCUS0929,23715
ATQCUS0930,19308
ATQCUS0931,18276
ATQCUS0932,25396
ATQCUS0933,16897
ATQCUS0934,21954
ATQCUS0935,22375
ATQCUS0936,25863
ATQCUS0937,24753
ATQCUS0938,22363
ATQCUS0939,21372
ATQCUS0940,18171
ATQCUS0941,19397
ATQCUS0942,24750
ATQCUS0943,13731
ATQCUS0944,18420
ATQCUS0945,13326
ATQCUS0946,16818
ATQCUS0947,18661
ATQCUS0948,20833
ATQCUS0949,11141
ATQCUS0950,9132
ATQCUS0951,12913
ATQCUS0952,12273
ATQCUS0953,10605
ATQCUS0954,8247
ATQCUS0955,18404
ATQCUS0956,11927
ATQCUS0957,11834
ATQCUS0958,10001
ATQCUS0959,10718
ATQCUS0960,13511
ATQCUS0961,15178
ATQCUS0962,11773
ATQCUS0963,10895
ATQCUS0964,7772
ATQCUS0965,10278
ATQCUS0966,10770
ATQCUS0967,8766
ATQCUS0968,17327
ATQCUS0969,10993
ATQCUS0970,9030
ATQCUS0971,8793
ATQCUS0972,6836
ATQCUS0973,13024
ATQCUS0974,11984
ATQCUS0975,15572
ATQCUS0976,16353
ATQCUS0977,12679
ATQCUS0978,12123
ATQCUS0979,7505
ATQCUS0980,15636
ATQCUS0981,4894
ATQCUS0982,18400
ATQCUS0983,9316
ATQCUS0984,13931
ATQCUS0985,7277
ATQCUS0986,9260
ATQCUS0987,13710
ATQCUS0988,11751
ATQCUS0989,13902
ATQCUS0990,18023
ATQCUS0991,9479
ATQCUS0992,16854
ATQCUS0993,12650
ATQCUS0994,9468
ATQCUS0995,9690
ATQCUS0996,14042
ATQCUS0997,11899
ATQCUS0998,18695
ATQCUS0999,11532
ATQCUS1000,12786
ATQCUS1001,15955
ATQCUS1002,10693
ATQCUS1003,11253
ATQCUS1004,12462
ATQCUS1005,12497
ATQCUS1006,12734
ATQCUS1007,15255
ATQCUS1008,24216
ATQCUS1009,16312
ATQCUS1010,11917
ATQCUS1011,19369
ATQCUS1012,10542
ATQCUS1013,11384
ATQCUS1014,14649
ATQCUS1015,15233
ATQCUS1016,12970
ATQCUS1017,10160
ATQCUS1018,15572
ATQCUS1019,7993
ATQCUS1020,15640
ATQCUS1021,14219
ATQCUS1022,8479
ATQCUS1023,12771
ATQCUS1024,9530
ATQCUS1025,13223
ATQCUS1026,10451
ATQCUS1027,12499
ATQCUS1028,10332
ATQCUS1029,9038
ATQCUS1030,11561
ATQCUS1031,9858
ATQCUS1032,7916
ATQCUS1033,7787
ATQCUS1034,12067
ATQCUS1035,15133
ATQCUS1036,12904
ATQCUS1037,8359
ATQCUS1038,12179
ATQCUS1039,15459
ATQCUS1040,5836
ATQCUS1041,10415
ATQCUS1042,10873
ATQCUS1043,11392
ATQCUS1044,14178
ATQCUS1045,6434
ATQCUS1046,8129
ATQCUS1047,9479
ATQCUS1048,8818
ATQCUS1049,4580
ATQCUS1050,12012
ATQCUS1051,12992
ATQCUS1052,12947
ATQCUS1053,15604
ATQCUS1054,10321
ATQCUS1055,14742
ATQCUS1056,5924
ATQCUS1057,9715
ATQCUS1058,16871
ATQCUS1059,12556
ATQCUS1060,12712
ATQCUS1061,12071
ATQCUS1062,8386
ATQCUS1063,6455
ATQCUS1064,11986
ATQCUS1065,12914
ATQCUS1066,12371
ATQCUS1067,18399
ATQCUS1068,16759
ATQCUS1069,13807
ATQCUS1070,19479
ATQCUS1071,16667
ATQCUS1072,14183
ATQCUS1073,19267
ATQCUS1074,23439
ATQCUS1075,11473
ATQCUS1076,21114
ATQCUS1077,18052
ATQCUS1078,20830
ATQCUS1079,18557
ATQCUS1080,11265
ATQCUS1081,16150
ATQCUS1082,28201
ATQCUS1083,14688
ATQCUS1084,28409
ATQCUS1085,22570
ATQCUS1086,19628
ATQCUS1087,20259
ATQCUS1088,13167
ATQCUS1089,18910
ATQCUS1090,25978
ATQCUS1091,26176
ATQCUS1092,17066
ATQCUS1093,26242
ATQCUS1094,16106
ATQCUS1095,21231
ATQCUS1096,21546
ATQCUS1097,28091
ATQCUS1098,18679
ATQCUS1099,17621
ATQCUS1100,16904
ATQCUS1101,19251
ATQCUS1102,36707
ATQCUS1103,15213
ATQCUS1104,13334
ATQCUS1105,19650
ATQCUS1106,14878
ATQCUS1107,7481
ATQCUS1108,10900
ATQCUS1109,7629
ATQCUS1110,12138
ATQCUS1111,5905
ATQCUS1112,9308
ATQCUS1113,11205
ATQCUS1114,7115
ATQCUS1115,10021
ATQCUS1116,6869
ATQCUS1117,10483
ATQCUS1118,12672
ATQCUS1119,9471
ATQCUS1120,9973
ATQCUS1121,8638
ATQCUS1122,12953
ATQCUS1123,11482
ATQCUS1124,11877
ATQCUS1125,6773
ATQCUS1126,8568
ATQCUS1127,9364
ATQCUS1128,7292
ATQCUS1129,10159
ATQCUS1130,9635
ATQCUS1131,12800
ATQCUS1132,9991
ATQCUS1133,9601
ATQCUS1134,8200
ATQCUS1135,10211
ATQCUS1136,10798
ATQCUS1137,9767
ATQCUS1138,11815
ATQCUS1139,9085
ATQCUS1140,10492
ATQCUS1141,8174
ATQCUS1142,6733
ATQCUS1143,12666
ATQCUS1144,13810
ATQCUS1145,8964
ATQCUS1146,10589
ATQCUS1147,18365
ATQCUS1148,17144
ATQCUS1149,9280
ATQCUS1150,11034
ATQCUS1151,11821
ATQCUS1152,14062
ATQCUS1153,12557
ATQCUS1154,14999
ATQCUS1155,16153
ATQCUS1156,9336
ATQCUS1157,15178
ATQCUS1158,13461
ATQCUS1159,8559
ATQCUS1160,23315
ATQCUS1161,7525
ATQCUS1162,14456
ATQCUS1163,10868
ATQCUS1164,13565
ATQCUS1165,6196
ATQCUS1166,10444
ATQCUS1167,6553
ATQCUS1168,16671
ATQCUS1169,6512
ATQCUS1170,8689
ATQCUS1171,10338
ATQCUS1172,12710
ATQCUS1173,9097
ATQCUS1174,5935
ATQCUS1175,8365
ATQCUS1176,10686
ATQCUS1177,10671
ATQCUS1178,8202
ATQCUS1179,13973
ATQCUS1180,11687
ATQCUS1181,6425
ATQCUS1182,6729
ATQCUS1183,10512
ATQCUS1184,9667
ATQCUS1185,14544
ATQCUS1186,6249
ATQCUS1187,11226
ATQCUS1188,8647
ATQCUS1189,8110
ATQCUS1190,5247
ATQCUS1191,6545
ATQCUS1192,8427
ATQCUS1193,7724
ATQCUS1194,3568
ATQCUS1195,10469
ATQCUS1196,12491
ATQCUS1197,6979
ATQCUS1198,5053
ATQCUS1199,7275
ATQCUS1200,9758
ATQCUS1201,6947
ATQCUS1202,7162
ATQCUS1203,6771
ATQCUS1204,8035
ATQCUS1205,9096
ATQCUS1206,7814
ATQCUS1207,8398
ATQCUS1208,10338
ATQCUS1209,12632
ATQCUS1210,9303
ATQCUS1211,8598
ATQCUS1212,14082
ATQCUS1213,17240
ATQCUS1214,15757
ATQCUS1215,26388
ATQCUS1216,21058
ATQCUS1217,21941
ATQCUS1218,17585
ATQCUS1219,15820
ATQCUS1220,13259
ATQCUS1221,19661
ATQCUS1222,21564
ATQCUS1223,19728
ATQCUS1224,24428
ATQCUS1225,21312
ATQCUS1226,12804
ATQCUS1227,17051
ATQCUS1228,23092
ATQCUS1229,11177
ATQCUS1230,7754
ATQCUS1231,13084
ATQCUS1232,20315
ATQCUS1233,11269
ATQCUS1234,16184
ATQCUS1235,19103
ATQCUS1236,19940
ATQCUS1237,11155
ATQCUS1238,11574
ATQCUS1239,16862
ATQCUS1240,22543
ATQCUS1241,19776
ATQCUS1242,14413
ATQCUS1243,17880
ATQCUS1244,23162
ATQCUS1245,16986
ATQCUS1246,13535
ATQCUS1247,17485
ATQCUS1248,17780
ATQCUS1249,12965
ATQCUS1250,10870
ATQCUS1251,6140
ATQCUS1252,8269
ATQCUS1253,6603
ATQCUS1254,5346
ATQCUS1255,9355
ATQCUS1256,9877
ATQCUS1257,9522
ATQCUS1258,11609
ATQCUS1259,9038
ATQCUS1260,11196
ATQCUS1261,9493
ATQCUS1262,7807
ATQCUS1263,6190
ATQCUS1264,3883
ATQCUS1265,5032
ATQCUS1266,6289
ATQCUS1267,11103
ATQCUS1268,13467
ATQCUS1269,10517
ATQCUS1270,7318
ATQCUS1271,13240
ATQCUS1272,6429
ATQCUS1273,14860
ATQCUS1274,14091
ATQCUS1275,20009
ATQCUS1276,13168
ATQCUS1277,18321
ATQCUS1278,9699
ATQCUS1279,11749
ATQCUS1280,16795
ATQCUS1281,14602
ATQCUS1282,15023
ATQCUS1283,9734
ATQCUS1284,10169
ATQCUS1285,12521
ATQCUS1286,13388
ATQCUS1287,14593
ATQCUS1288,9479
ATQCUS1289,15620
ATQCUS1290,10237
ATQCUS1291,4861
ATQCUS1292,8445
ATQCUS1293,9098
ATQCUS1294,8101
ATQCUS1295,5822
ATQCUS1296,7402
ATQCUS1297,6116
ATQCUS1298,8621
ATQCUS1299,6863
ATQCUS1300,7829
ATQCUS1301,7231
ATQCUS1302,7597
ATQCUS1303,9684
ATQCUS1304,10880
ATQCUS1305,11898
ATQCUS1306,8181
ATQCUS1307,7874
ATQCUS1308,8116
ATQCUS1309,8512
ATQCUS1310,9298
ATQCUS1311,8777
ATQCUS1312,8401
ATQCUS1313,7112
ATQCUS1314,5913
ATQCUS1315,7072
ATQCUS1316,7250
ATQCUS1317,10328
ATQCUS1318,8871
ATQCUS1319,8064
ATQCUS1320,3111
ATQCUS1321,7951
ATQCUS1322,9380
ATQCUS1323,10849
ATQCUS1324,9364
ATQCUS1325,8132
ATQCUS1326,5597
ATQCUS1327,6516
ATQCUS1328,10311
ATQCUS1329,10909
ATQCUS1330,5439
ATQCUS1331,5214
ATQCUS1332,7160
ATQCUS1333,6100
ATQCUS1334,10541
ATQCUS1335,9910
ATQCUS1336,6505
ATQCUS1337,6165
ATQCUS1338,13990
ATQCUS1339,8404
ATQCUS1340,9215
ATQCUS1341,12055
ATQCUS1342,10741
ATQCUS1343,18134
ATQCUS1344,14127
ATQCUS1345,6349
ATQCUS1346,17552
ATQCUS1347,11572
ATQCUS1348,12942
ATQCUS1349,10782
ATQCUS1350,15754
ATQCUS1351,9119
ATQCUS1352,13569
ATQCUS1353,11992
ATQCUS1354,10396
ATQCUS1355,11777
ATQCUS1356,13530
ATQCUS1357,14286
ATQCUS1358,9469
ATQCUS1359,5773
ATQCUS1360,15378
ATQCUS1361,8644
ATQCUS1362,10973
ATQCUS1363,12681
ATQCUS1364,12426
ATQCUS1365,6155
ATQCUS1366,13171
ATQCUS1367,9380
ATQCUS1368,12198
ATQCUS1369,11869
ATQCUS1370,11989
ATQCUS1371,8100
ATQCUS1372,8749
ATQCUS1373,6854
ATQCUS1374,9809
ATQCUS1375,10507
ATQCUS1376,14554
ATQCUS1377,11196
ATQCUS1378,13241
ATQCUS1379,10418
ATQCUS1380,11191
ATQCUS1381,10333
ATQCUS1382,14745
ATQCUS1383,18528
ATQCUS1384,8980
ATQCUS1385,11664
ATQCUS1386,15667
ATQCUS1387,12135
ATQCUS1388,16016
ATQCUS1389,14236
ATQCUS1390,8793
ATQCUS1391,8318
ATQCUS1392,14339
ATQCUS1393,7088
ATQCUS1394,7928
ATQCUS1395,7380
ATQCUS1396,5396
ATQCUS1397,7767
ATQCUS1398,7908
ATQCUS1399,7989
ATQCUS1400,8014
ATQCUS1401,5337
ATQCUS1402,5153
ATQCUS1403,3523
ATQCUS1404,5615
ATQCUS1405,8039
ATQCUS1406,6515
ATQCUS1407,7183
ATQCUS1408,5390
ATQCUS1409,3204
ATQCUS1410,9778
ATQCUS1411,3527
ATQCUS1412,4532
ATQCUS1413,8416
ATQCUS1414,5587
ATQCUS1415,4514
ATQCUS1416,5913
ATQCUS1417,8780
ATQCUS1418,4040
ATQCUS1419,9073
ATQCUS1420,4328
ATQCUS1421,8783
ATQCUS1422,6621
ATQCUS1423,6568
ATQCUS1424,5154
ATQCUS1425,9869
ATQCUS1426,8951
ATQCUS1427,6233
ATQCUS1428,8372
ATQCUS1429,6012
ATQCUS1430,5513
ATQCUS1431,7134
ATQCUS1432,6583
ATQCUS1433,4228
ATQCUS1434,5661
ATQCUS1435,5487
ATQCUS1436,9272
ATQCUS1437,9259
ATQCUS1438,4990
ATQCUS1439,3892
ATQCUS1440,6904
ATQCUS1441,5943
ATQCUS1442,8809
ATQCUS1443,9133
ATQCUS1444,9094
ATQCUS1445,11152
ATQCUS1446,7967
ATQCUS1447,5865
ATQCUS1448,9188
ATQCUS1449,7454
ATQCUS1450,9136
ATQCUS1451,8607
ATQCUS1452,12376
ATQCUS1453,10456
ATQCUS1454,8926
ATQCUS1455,11971
ATQCUS1456,13465
ATQCUS1457,14512
ATQCUS1458,11452
ATQCUS1459,7292
ATQCUS1460,9512
ATQCUS1461,10473
ATQCUS1462,6203
ATQCUS1463,6272
ATQCUS1464,4224
ATQCUS1465,3903
ATQCUS1466,6599
ATQCUS1467,5729
ATQCUS1468,3164
ATQCUS1469,4354
ATQCUS1470,6583
ATQCUS1471,8543
ATQCUS1472,5246
ATQCUS1473,7765
ATQCUS1474,5988
ATQCUS1475,6624
ATQCUS1476,4349
ATQCUS1477,7852
ATQCUS1478,5194
ATQCUS1479,4720
ATQCUS1480,5052
ATQCUS1481,8691
ATQCUS1482,3388
ATQCUS1483,2900
ATQCUS1484,6652
ATQCUS1485,9953
ATQCUS1486,2974
ATQCUS1487,3663
ATQCUS1488,7087
ATQCUS1489,5318
ATQCUS1490,6731
ATQCUS1491,5837
ATQCUS1492,5005
ATQCUS1493,6256
ATQCUS1494,6868
ATQCUS1495,9896
ATQCUS1496,8040
ATQCUS1497,5036
ATQCUS1498,4743
ATQCUS1499,4736
ATQCUS1500,5451
ATQCUS1501,7740
ATQCUS1502,6601
ATQCUS1503,7042
ATQCUS1504,6470
ATQCUS1505,5603
ATQCUS1506,4608
ATQCUS1507,3987
ATQCUS1508,8352
ATQCUS1509,3552
ATQCUS1510,5213
ATQCUS1511,4364
ATQCUS1512,5292
ATQCUS1513,5422
ATQCUS1514,7059
ATQCUS1515,7703
ATQCUS1516,5327
ATQCUS1517,3717
ATQCUS1518,6497
ATQCUS1519,5746
ATQCUS1520,9319
ATQCUS1521,16023
ATQCUS1522,21050
ATQCUS1523,9019
ATQCUS1524,10856
ATQCUS1525,14143
ATQCUS1526,11121
ATQCUS1527,11882
ATQCUS1528,15197
ATQCUS1529,11204
ATQCUS1530,12580
ATQCUS1531,12577
ATQCUS1532,13351
ATQCUS1533,12862
ATQCUS1534,13442
ATQCUS1535,6833
ATQCUS1536,12780
ATQCUS1537,13968
ATQCUS1538,14935
ATQCUS1539,11319
ATQCUS1540,15891
ATQCUS1541,13276
ATQCUS1542,20963
ATQCUS1543,20326
ATQCUS1544,17535
ATQCUS1545,14056
ATQCUS1546,12085
ATQCUS1547,15876
ATQCUS1548,12306
ATQCUS1549,9787
ATQCUS1550,23206
ATQCUS1551,8055
ATQCUS1552,14741
ATQCUS1553,14048
ATQCUS1554,4981
ATQCUS1555,4814
ATQCUS1556,7609
ATQCUS1557,7433
ATQCUS1558,8460
ATQCUS1559,7097
ATQCUS1560,9994
ATQCUS1561,3019
ATQCUS1562,7494
ATQCUS1563,7441
ATQCUS1564,7677
ATQCUS1565,7428
ATQCUS1566,6554
ATQCUS1567,5645
ATQCUS1568,7796
ATQCUS1569,6620
ATQCUS1570,6517
ATQCUS1571,11659
ATQCUS1572,10882
ATQCUS1573,8651
ATQCUS1574,9289
ATQCUS1575,7106
ATQCUS1576,11970
ATQCUS1577,3113
ATQCUS1578,6388
ATQCUS1579,10512
ATQCUS1580,7229
ATQCUS1581,8084
ATQCUS1582,11765
ATQCUS1583,12430
ATQCUS1584,5533
ATQCUS1585,11197
ATQCUS1586,14271
ATQCUS1587,6217
ATQCUS1588,11876
ATQCUS1589,10469
ATQCUS1590,9994
ATQCUS1591,7600
ATQCUS1592,12671
ATQCUS1593,10355
ATQCUS1594,10145
ATQCUS1595,15525
ATQCUS1596,8563
ATQCUS1597,10655
ATQCUS1598,5196
ATQCUS1599,6005
ATQCUS1600,3756
ATQCUS1601,5777
ATQCUS1602,7091
ATQCUS1603,9939
ATQCUS1604,7273
ATQCUS1605,6730
ATQCUS1606,7655
ATQCUS1607,8337
ATQCUS1608,6843
ATQCUS1609,15189
ATQCUS1610,7704
ATQCUS1611,9011
ATQCUS1612,7076
ATQCUS1613,5721
ATQCUS1614,7334
ATQCUS1615,6747
ATQCUS1616,4319
ATQCUS1617,11214
ATQCUS1618,10546
ATQCUS1619,6296
ATQCUS1620,7613
ATQCUS1621,6577
ATQCUS1622,7497
ATQCUS1623,7274
ATQCUS1624,6400
ATQCUS1625,4972
ATQCUS1626,6867
ATQCUS1627,4650
ATQCUS1628,2927
ATQCUS1629,9725
ATQCUS1630,9748
ATQCUS1631,7381
ATQCUS1632,6944
ATQCUS1633,7035
ATQCUS1634,10171
ATQCUS1635,4624
ATQCUS1636,7681
ATQCUS1637,9490
ATQCUS1638,6624
ATQCUS1639,5822
ATQCUS1640,6362
ATQCUS1641,8332
ATQCUS1642,5012
ATQCUS1643,3697
ATQCUS1644,5215
ATQCUS1645,6127
ATQCUS1646,6468
ATQCUS1647,6677
ATQCUS1648,5269
ATQCUS1649,23160
ATQCUS1650,24605
ATQCUS1651,18165
ATQCUS1652,20192
ATQCUS1653,16875
ATQCUS1654,12657
ATQCUS1655,19228
ATQCUS1656,18394
ATQCUS1657,15925
ATQCUS1658,11864
ATQCUS1659,19065
ATQCUS1660,17163
ATQCUS1661,15801
ATQCUS1662,12383
ATQCUS1663,17085
ATQCUS1664,16164
ATQCUS1665,18178
ATQCUS1666,17063
ATQCUS1667,9344
ATQCUS1668,15627
ATQCUS1669,7475
ATQCUS1670,9398
ATQCUS1671,8275
ATQCUS1672,9453
ATQCUS1673,8122
ATQCUS1674,10667
ATQCUS1675,10813
ATQCUS1676,5415
ATQCUS1677,9136
ATQCUS1678,9973
ATQCUS1679,8103
ATQCUS1680,11235
ATQCUS1681,13904
ATQCUS1682,7989
ATQCUS1683,6122
ATQCUS1684,7584
ATQCUS1685,10927
ATQCUS1686,14666
ATQCUS1687,12653
ATQCUS1688,11685
ATQCUS1689,7714
ATQCUS1690,11687
ATQCUS1691,8086
ATQCUS1692,8411
ATQCUS1693,16310
ATQCUS1694,13507
ATQCUS1695,9821
ATQCUS1696,6193
ATQCUS1697,11995
ATQCUS1698,10043
ATQCUS1699,10277
ATQCUS1700,9220
ATQCUS1701,15047
ATQCUS1702,13138
ATQCUS1703,16303
ATQCUS1704,14818
ATQCUS1705,14446
ATQCUS1706,11916
ATQCUS1707,10009
ATQCUS1708,19803
ATQCUS1709,13433
ATQCUS1710,9026
ATQCUS1711,9276
ATQCUS1712,16510
ATQCUS1713,9212
ATQCUS1714,13322
ATQCUS1715,5553
ATQCUS1716,12717
ATQCUS1717,8227
ATQCUS1718,8376
ATQCUS1719,12988
ATQCUS1720,9209
ATQCUS1721,7550
ATQCUS1722,8657
ATQCUS1723,4990
ATQCUS1724,7855
ATQCUS1725,8233
ATQCUS1726,10387
ATQCUS1727,11089
ATQCUS1728,6217
ATQCUS1729,4546
ATQCUS1730,10751
ATQCUS1731,10556
ATQCUS1732,8281
ATQCUS1733,9819
ATQCUS1734,5300
ATQCUS1735,10520
ATQCUS1736,7027
ATQCUS1737,9731
ATQCUS1738,8987
ATQCUS1739,5378
ATQCUS1740,6029
ATQCUS1741,9556
ATQCUS1742,7911
ATQCUS1743,10787
ATQCUS1744,7780
ATQCUS1745,9660
ATQCUS1746,8035
ATQCUS1747,21507
ATQCUS1748,17627
ATQCUS1749,14143
ATQCUS1750,15852
ATQCUS1751,16731
ATQCUS1752,19275
ATQCUS1753,8668
ATQCUS1754,17817
ATQCUS1755,15009
ATQCUS1756,13063
ATQCUS1757,21475
ATQCUS1758,17663
ATQCUS1759,21983
ATQCUS1760,18871
ATQCUS1761,22448
ATQCUS1762,16664
ATQCUS1763,9529
ATQCUS1764,9095
ATQCUS1765,10394
ATQCUS1766,7014
ATQCUS1767,5594
ATQCUS1768,7216
ATQCUS1769,7232
ATQCUS1770,5950
ATQCUS1771,9486
ATQCUS1772,10044
ATQCUS1773,7123
ATQCUS1774,6348
ATQCUS1775,11749
ATQCUS1776,6304
ATQCUS1777,5845
ATQCUS1778,11455
ATQCUS1779,12687
ATQCUS1780,6232
ATQCUS1781,8990
ATQCUS1782,8082
ATQCUS1783,13454
ATQCUS1784,9313
ATQCUS1785,12868
ATQCUS1786,11178
ATQCUS1787,14034
ATQCUS1788,7437
ATQCUS1789,10990
ATQCUS1790,8956
ATQCUS1791,16292
ATQCUS1792,7191
ATQCUS1793,7920
ATQCUS1794,7302
ATQCUS1795,4719
ATQCUS1796,9985
ATQCUS1797,9464
ATQCUS1798,8721
ATQCUS1799,11681
ATQCUS1800,8355
ATQCUS1801,7649
ATQCUS1802,10209
ATQCUS1803,6927
ATQCUS1804,8687
ATQCUS1805,10314
ATQCUS1806,5589
ATQCUS1807,7672
ATQCUS1808,5408
ATQCUS1809,10168
ATQCUS1810,8417
ATQCUS1811,9698
ATQCUS1812,15090
ATQCUS1813,12856
ATQCUS1814,16741
ATQCUS1815,6282
ATQCUS1816,21368
ATQCUS1817,8224
ATQCUS1818,14450
ATQCUS1819,14186
ATQCUS1820,19982
ATQCUS1821,17776
ATQCUS1822,16973
ATQCUS1823,17306
ATQCUS1824,16379
ATQCUS1825,15038
ATQCUS1826,19109
ATQCUS1827,15489
ATQCUS1828,13733
ATQCUS1829,13779
ATQCUS1830,16507
ATQCUS1831,7842
ATQCUS1832,7873
ATQCUS1833,6360
ATQCUS1834,7193
ATQCUS1835,4795
ATQCUS1836,7253
ATQCUS1837,11030
ATQCUS1838,7042
ATQCUS1839,5254
ATQCUS1840,4888
ATQCUS1841,10171
ATQCUS1842,8956
ATQCUS1843,6497
ATQCUS1844,3407
ATQCUS1845,5768
ATQCUS1846,7134
ATQCUS1847,6682
ATQCUS1848,10941
ATQCUS1849,8843
ATQCUS1850,5261
ATQCUS1851,13111
ATQCUS1852,7487
ATQCUS1853,9336
ATQCUS1854,7984
ATQCUS1855,10206
ATQCUS1856,6311
ATQCUS1857,8422
ATQCUS1858,13426
ATQCUS1859,6410
ATQCUS1860,9567
ATQCUS1861,15290
ATQCUS1862,7988
ATQCUS1863,9549
ATQCUS1864,11616
ATQCUS1865,7977
ATQCUS1866,9992
ATQCUS1867,12182
ATQCUS1868,12428
ATQCUS1869,11007
ATQCUS1870,11113
ATQCUS1871,6041
ATQCUS1872,9722
ATQCUS1873,4778
ATQCUS1874,5580
ATQCUS1875,4381
ATQCUS1876,7325
ATQCUS1877,4412
ATQCUS1878,6272
ATQCUS1879,9771
ATQCUS1880,6463
ATQCUS1881,5252
ATQCUS1882,7639
ATQCUS1883,6074
ATQCUS1884,7760
ATQCUS1885,9486
ATQCUS1886,4773
ATQCUS1887,8452
ATQCUS1888,5567
ATQCUS1889,9468
ATQCUS1890,6388
ATQCUS1891,5846
ATQCUS1892,5989
ATQCUS1893,9438
ATQCUS1894,6793
ATQCUS1895,9582
ATQCUS1896,6358
ATQCUS1897,4886
ATQCUS1898,9424
ATQCUS1899,8489
ATQCUS1900,9604
ATQCUS1901,5821
ATQCUS1902,11627
ATQCUS1903,11515
ATQCUS1904,13641
ATQCUS1905,7348
ATQCUS1906,10883
ATQCUS1907,8874
ATQCUS1908,10860
ATQCUS1909,8045
ATQCUS1910,9749
ATQCUS1911,9332
ATQCUS1912,12388
ATQCUS1913,7527
ATQCUS1914,4671
ATQCUS1915,7265
ATQCUS1916,6162
ATQCUS1917,3267
ATQCUS1918,4707
ATQCUS1919,4842
ATQCUS1920,6202
ATQCUS1921,3537
ATQCUS1922,3491
ATQCUS1923,5297
ATQCUS1924,5408
ATQCUS1925,4842
ATQCUS1926,4822
ATQCUS1927,5861
ATQCUS1928,5151
ATQCUS1929,4328
ATQCUS1930,5575
ATQCUS1931,5492
ATQCUS1932,6847
ATQCUS1933,9715
ATQCUS1934,4085
ATQCUS1935,10041
ATQCUS1936,7358
ATQCUS1937,7821
ATQCUS1938,7086
ATQCUS1939,8174
ATQCUS1940,4062
ATQCUS1941,7711
ATQCUS1942,3516
ATQCUS1943,5185
ATQCUS1944,4833
ATQCUS1945,5670
ATQCUS1946,5121
ATQCUS1947,3172
ATQCUS1948,5179
ATQCUS1949,6186
ATQCUS1950,5667
ATQCUS1951,4390
ATQCUS1952,6783
ATQCUS1953,5800
ATQCUS1954,8694
ATQCUS1955,7163
ATQCUS1956,9240
ATQCUS1957,15970
ATQCUS1958,11496
ATQCUS1959,14169
ATQCUS1960,12866
ATQCUS1961,13133
ATQCUS1962,13043
ATQCUS1963,10041
ATQCUS1964,7293
ATQCUS1965,8034
ATQCUS1966,5223
ATQCUS1967,4168
ATQCUS1968,4749
ATQCUS1969,2783
ATQCUS1970,4791
ATQCUS1971,8792
ATQCUS1972,8702
ATQCUS1973,8802
ATQCUS1974,10428
ATQCUS1975,8978
ATQCUS1976,12503
ATQCUS1977,7827
ATQCUS1978,7266
ATQCUS1979,6963
ATQCUS1980,9369
ATQCUS1981,6315
ATQCUS1982,7313
ATQCUS1983,5892
ATQCUS1984,7346
ATQCUS1985,8358
ATQCUS1986,10111
ATQCUS1987,12300
ATQCUS1988,10328
ATQCUS1989,7301
ATQCUS1990,4468
ATQCUS1991,6766
ATQCUS1992,7703
ATQCUS1993,5474
ATQCUS1994,5846
ATQCUS1995,5384
ATQCUS1996,4030
ATQCUS1997,8815
ATQCUS1998,4079
ATQCUS1999,8326
ATQCUS2000,5601
ATQCUS2001,18012
ATQCUS2002,8293
ATQCUS2003,6235
ATQCUS2004,11144
ATQCUS2005,10807
ATQCUS2006,11072
ATQCUS2007,8934
ATQCUS2008,16887
ATQCUS2009,8615
ATQCUS2010,10042
ATQCUS2011,7561
ATQCUS2012,13044
ATQCUS2013,11046
ATQCUS2014,6307
ATQCUS2015,7314
ATQCUS2016,6111
ATQCUS2017,4709
ATQCUS2018,6272
ATQCUS2019,3393
ATQCUS2020,9845
ATQCUS2021,6525
ATQCUS2022,6113
ATQCUS2023,5389
ATQCUS2024,6884
ATQCUS2025,2512
ATQCUS2026,6251
ATQCUS2027,3242
ATQCUS2028,9030
ATQCUS2029,4809
ATQCUS2030,10825
ATQCUS2031,11566
ATQCUS2032,12829
ATQCUS2033,14015
ATQCUS2034,13130
ATQCUS2035,5628
ATQCUS2036,5703
ATQCUS2037,4911
ATQCUS2038,7242
ATQCUS2039,3950
ATQCUS2040,3968
ATQCUS2041,6585
ATQCUS2042,12482
ATQCUS2043,8855
ATQCUS2044,9735
ATQCUS2045,10375
ATQCUS2046,7922
ATQCUS2047,5221
ATQCUS2048,5563
ATQCUS2049,5741
ATQCUS2050,4298
ATQCUS2051,5766
ATQCUS2052,4132
ATQCUS2053,3200
ATQCUS2054,3337
ATQCUS2055,1697
ATQCUS2056,5026
ATQCUS2057,5613
ATQCUS2058,12826
ATQCUS2059,7382
ATQCUS2060,2844
ATQCUS2061,2428
ATQCUS2062,4364
ATQCUS2063,3154
ATQCUS2064,4956
ATQCUS2065,2884
ATQCUS2066,3209
ATQCUS2067,3338
ATQCUS2068,8470
ATQCUS2069,6465
ATQCUS2070,9574
ATQCUS2071,7399
ATQCUS2072,7474
ATQCUS2073,8759
ATQCUS2074,4615
ATQCUS2075,3750
ATQCUS2076,8339
ATQCUS2077,2691
ATQCUS2078,4707
ATQCUS2079,18939
ATQCUS2080,15082
ATQCUS2081,14421
ATQCUS2082,13584
ATQCUS2083,15267
ATQCUS2084,12305
ATQCUS2085,18850
ATQCUS2086,21544
ATQCUS2087,13082
ATQCUS2088,17146
ATQCUS2089,19479
ATQCUS2090,13093
ATQCUS2091,16248
ATQCUS2092,15532
ATQCUS2093,11207
ATQCUS2094,25895
ATQCUS2095,19715
ATQCUS2096,23461
ATQCUS2097,23911
ATQCUS2098,11471
ATQCUS2099,16969
ATQCUS2100,15612
ATQCUS2101,14599
ATQCUS2102,11059
ATQCUS2103,12094
ATQCUS2104,10464
ATQCUS2105,14118
ATQCUS2106,15409
ATQCUS2107,9311
ATQCUS2108,20339
ATQCUS2109,10689
ATQCUS2110,9682
ATQCUS2111,19525
ATQCUS2112,11866
ATQCUS2113,19664
ATQCUS2114,7992
ATQCUS2115,11478
ATQCUS2116,5446
ATQCUS2117,11978
ATQCUS2118,6956
ATQCUS2119,9439
ATQCUS2120,9291
ATQCUS2121,9240
ATQCUS2122,6014
ATQCUS2123,8817
ATQCUS2124,7584
ATQCUS2125,5745
ATQCUS2126,12872
ATQCUS2127,6876
ATQCUS2128,6255
ATQCUS2129,8670
ATQCUS2130,8080
ATQCUS2131,7674
ATQCUS2132,8547
ATQCUS2133,8804
ATQCUS2134,10706
ATQCUS2135,5637
ATQCUS2136,8548
ATQCUS2137,6285
ATQCUS2138,3239
ATQCUS2139,12909
ATQCUS2140,8297
ATQCUS2141,7914
ATQCUS2142,3813
ATQCUS2143,14967
ATQCUS2144,11247
ATQCUS2145,15654
ATQCUS2146,14407
ATQCUS2147,15266
ATQCUS2148,12021
ATQCUS2149,13324
ATQCUS2150,14486
ATQCUS2151,15114
ATQCUS2152,11006
ATQCUS2153,9810
ATQCUS2154,7726
ATQCUS2155,3703
ATQCUS2156,5740
ATQCUS2157,10015
ATQCUS2158,10314
ATQCUS2159,10391
ATQCUS2160,7658
ATQCUS2161,10379
ATQCUS2162,4937
ATQCUS2163,11195
ATQCUS2164,7707
ATQCUS2165,6033
ATQCUS2166,8699
ATQCUS2167,6486
ATQCUS2168,11926
ATQCUS2169,10626
ATQCUS2170,8095
ATQCUS2171,8760
ATQCUS2172,6765
ATQCUS2173,6694
ATQCUS2174,5024
ATQCUS2175,9100
ATQCUS2176,7942
ATQCUS2177,5483
ATQCUS2178,7200
ATQCUS2179,5945
ATQCUS2180,11218
ATQCUS2181,14968
ATQCUS2182,13686
ATQCUS2183,13608
ATQCUS2184,16516
ATQCUS2185,11505
ATQCUS2186,25786
ATQCUS2187,9431
ATQCUS2188,19987
ATQCUS2189,12752
ATQCUS2190,11907
ATQCUS2191,17637
ATQCUS2192,24043
ATQCUS2193,24636
ATQCUS2194,14680
ATQCUS2195,17223
ATQCUS2196,16298
ATQCUS2197,12710
ATQCUS2198,17464
ATQCUS2199,19354
ATQCUS2200,13186
ATQCUS2201,16067
ATQCUS2202,9154
ATQCUS2203,14112
ATQCUS2204,14361
ATQCUS2205,12252
ATQCUS2206,20016
ATQCUS2207,11191
ATQCUS2208,13650
ATQCUS2209,10851
ATQCUS2210,13803
ATQCUS2211,13747
ATQCUS2212,14208
ATQCUS2213,8571
ATQCUS2214,13909
ATQCUS2215,21742
ATQCUS2216,12637
ATQCUS2217,18305
ATQCUS2218,19674
ATQCUS2219,8483
ATQCUS2220,9949
ATQCUS2221,15667
ATQCUS2222,9900
ATQCUS2223,4500
ATQCUS2224,4430
ATQCUS2225,8768
ATQCUS2226,4917
ATQCUS2227,7652
ATQCUS2228,10872
ATQCUS2229,7587
ATQCUS2230,6507
ATQCUS2231,4640
ATQCUS2232,8960
ATQCUS2233,6645
ATQCUS2234,12273
ATQCUS2235,6077
ATQCUS2236,9449
ATQCUS2237,9472
ATQCUS2238,8835
ATQCUS2239,6756
ATQCUS2240,9514
ATQCUS2241,9677
ATQCUS2242,10367
ATQCUS2243,5886
ATQCUS2244,12894
ATQCUS2245,12661
ATQCUS2246,10284
ATQCUS2247,10088
ATQCUS2248,10565
ATQCUS2249,9814
ATQCUS2250,9952
ATQCUS2251,6753
ATQCUS2252,7393
ATQCUS2253,8257
ATQCUS2254,9121
ATQCUS2255,8988
ATQCUS2256,9339
ATQCUS2257,9456
ATQCUS2258,7765
ATQCUS2259,6838
ATQCUS2260,5483
ATQCUS2261,3102
ATQCUS2262,6171
ATQCUS2263,6456
ATQCUS2264,5308
ATQCUS2265,4914
ATQCUS2266,6578
ATQCUS2267,4601
ATQCUS2268,9812
ATQCUS2269,7407
ATQCUS2270,6212
ATQCUS2271,6698
ATQCUS2272,7594
ATQCUS2273,16620
ATQCUS2274,12233
ATQCUS2275,11974
ATQCUS2276,11366
ATQCUS2277,12605
ATQCUS2278,11907
ATQCUS2279,10890
ATQCUS2280,5472
ATQCUS2281,15879
ATQCUS2282,14861
ATQCUS2283,15184
ATQCUS2284,13176
ATQCUS2285,21970
ATQCUS2286,12289
ATQCUS2287,11550
ATQCUS2288,11903
ATQCUS2289,19567
ATQCUS2290,13388
ATQCUS2291,17236
ATQCUS2292,16533
ATQCUS2293,16983
ATQCUS2294,7685
ATQCUS2295,10494
ATQCUS2296,9924
ATQCUS2297,14220
ATQCUS2298,8832
ATQCUS2299,12331
ATQCUS2300,3517
ATQCUS2301,6167
ATQCUS2302,5822
ATQCUS2303,5738
ATQCUS2304,7036
ATQCUS2305,6043
ATQCUS2306,7205
ATQCUS2307,5768
ATQCUS2308,5893
ATQCUS2309,5788
ATQCUS2310,6723
ATQCUS2311,4811
ATQCUS2312,8534
ATQCUS2313,5569
ATQCUS2314,5080
ATQCUS2315,8173
ATQCUS2316,11461
ATQCUS2317,15234
ATQCUS2318,9032
ATQCUS2319,7717
ATQCUS2320,9378
ATQCUS2321,11621
ATQCUS2322,8625
ATQCUS2323,7429
ATQCUS2324,2585
ATQCUS2325,4811
ATQCUS2326,6610
ATQCUS2327,5984
ATQCUS2328,5924
ATQCUS2329,5557
ATQCUS2330,6021
ATQCUS2331,6120
ATQCUS2332,8107
ATQCUS2333,9021
ATQCUS2334,7396
ATQCUS2335,7127
ATQCUS2336,5871
ATQCUS2337,9868
ATQCUS2338,6812
ATQCUS2339,4915
ATQCUS2340,5674
ATQCUS2341,5940
ATQCUS2342,5142
ATQCUS2343,6657
ATQCUS2344,5060
ATQCUS2345,6299
ATQCUS2346,6465
ATQCUS2347,3661
ATQCUS2348,5394
ATQCUS2349,4656
ATQCUS2350,6108
ATQCUS2351,8009
ATQCUS2352,8748
ATQCUS2353,12618
ATQCUS2354,10123
ATQCUS2355,8451
ATQCUS2356,7275
ATQCUS2357,13667
ATQCUS2358,9746
ATQCUS2359,11766
ATQCUS2360,9542
ATQCUS2361,8201
ATQCUS2362,10963
ATQCUS2363,11751
ATQCUS2364,8905
ATQCUS2365,11139
ATQCUS2366,10274
ATQCUS2367,7156
ATQCUS2368,10486
ATQCUS2369,9268
ATQCUS2370,14122
ATQCUS2371,8487
ATQCUS2372,8269
ATQCUS2373,11343
ATQCUS2374,6211
ATQCUS2375,12737
ATQCUS2376,9010
ATQCUS2377,11686
ATQCUS2378,9541
ATQCUS2379,7824
ATQCUS2380,8815
ATQCUS2381,11047
ATQCUS2382,10988
ATQCUS2383,13189
ATQCUS2384,10766
ATQCUS2385,9868
ATQCUS2386,12509
ATQCUS2387,11070
ATQCUS2388,12350
ATQCUS2389,14242
ATQCUS2390,5103
ATQCUS2391,4791
ATQCUS2392,5246
ATQCUS2393,4252
ATQCUS2394,5016
ATQCUS2395,5945
ATQCUS2396,5062
ATQCUS2397,5846
ATQCUS2398,5094
ATQCUS2399,5757
ATQCUS2400,3880
ATQCUS2401,5501
ATQCUS2402,4497
ATQCUS2403,7605
ATQCUS2404,5628
ATQCUS2405,7528
ATQCUS2406,7616
ATQCUS2407,4544
ATQCUS2408,7593
ATQCUS2409,4145
ATQCUS2410,5889
ATQCUS2411,4387
ATQCUS2412,5987
ATQCUS2413,2582
ATQCUS2414,4828
ATQCUS2415,5214
ATQCUS2416,2079
ATQCUS2417,5597
ATQCUS2418,5413
ATQCUS2419,4446
ATQCUS2420,6928
ATQCUS2421,6797
ATQCUS2422,5589
ATQCUS2423,6038
ATQCUS2424,2701
ATQCUS2425,4238
ATQCUS2426,6514
ATQCUS2427,9616
ATQCUS2428,6069
ATQCUS2429,4668
ATQCUS2430,4090
ATQCUS2431,5281
ATQCUS2432,5096
ATQCUS2433,4018
ATQCUS2434,4033
ATQCUS2435,4514
ATQCUS2436,4559
ATQCUS2437,4002
ATQCUS2438,2538
ATQCUS2439,4036
ATQCUS2440,6885
ATQCUS2441,4315
ATQCUS2442,4096
ATQCUS2443,3803
ATQCUS2444,6668
ATQCUS2445,5312
ATQCUS2446,3736
ATQCUS2447,4768
ATQCUS2448,5386
ATQCUS2449,3005
ATQCUS2450,4216
ATQCUS2451,7055
ATQCUS2452,4085
ATQCUS2453,3233
ATQCUS2454,1676
ATQCUS2455,2693
ATQCUS2456,5217
ATQCUS2457,9642
ATQCUS2458,12302
ATQCUS2459,11996
ATQCUS2460,16065
ATQCUS2461,10272
ATQCUS2462,16871
ATQCUS2463,11048
ATQCUS2464,11407
ATQCUS2465,16940
ATQCUS2466,11726
ATQCUS2467,8336
ATQCUS2468,6342
ATQCUS2469,11411
ATQCUS2470,9125
ATQCUS2471,12844
ATQCUS2472,7625
ATQCUS2473,6800
ATQCUS2474,16983
ATQCUS2475,11981
ATQCUS2476,9606
ATQCUS2477,13430
ATQCUS2478,10206
ATQCUS2479,15341
ATQCUS2480,10701
ATQCUS2481,5562
ATQCUS2482,4602
ATQCUS2483,3193
ATQCUS2484,6371
ATQCUS2485,5973
ATQCUS2486,5442
ATQCUS2487,6807
ATQCUS2488,4226
ATQCUS2489,3822
ATQCUS2490,5396
ATQCUS2491,4685
ATQCUS2492,5092
ATQCUS2493,3357
ATQCUS2494,5437
ATQCUS2495,5020
ATQCUS2496,7157
ATQCUS2497,8733
ATQCUS2498,6201
ATQCUS2499,9389
ATQCUS2500,10696
ATQCUS2501,10907
ATQCUS2502,4903
ATQCUS2503,4898
ATQCUS2504,4973
ATQCUS2505,4485
ATQCUS2506,4371
ATQCUS2507,4599
ATQCUS2508,6292
ATQCUS2509,5483
ATQCUS2510,3985
ATQCUS2511,5759
ATQCUS2512,5780
ATQCUS2513,3611
ATQCUS2514,4184
ATQCUS2515,3414
ATQCUS2516,6509
ATQCUS2517,7907
ATQCUS2518,6488
ATQCUS2519,3566
ATQCUS2520,3170
ATQCUS2521,8022
ATQCUS2522,3960
ATQCUS2523,19525
ATQCUS2524,14450
ATQCUS2525,15179
ATQCUS2526,16861
ATQCUS2527,16886
ATQCUS2528,15137
ATQCUS2529,12176
ATQCUS2530,11582
ATQCUS2531,17786
ATQCUS2532,22473
ATQCUS2533,23033
ATQCUS2534,12620
ATQCUS2535,16905
ATQCUS2536,12116
ATQCUS2537,12526
ATQCUS2538,19106
ATQCUS2539,10792
ATQCUS2540,16264
ATQCUS2541,15866
ATQCUS2542,17358
ATQCUS2543,17028
ATQCUS2544,9790
ATQCUS2545,13620
ATQCUS2546,20005
ATQCUS2547,11241
ATQCUS2548,15673
ATQCUS2549,8651
ATQCUS2550,13807
ATQCUS2551,7929
ATQCUS2552,9446
ATQCUS2553,23488
ATQCUS2554,16949
ATQCUS2555,22672
ATQCUS2556,17890
ATQCUS2557,20225
ATQCUS2558,12584
ATQCUS2559,18084
ATQCUS2560,22702
ATQCUS2561,14964
ATQCUS2562,23237
ATQCUS2563,12412
ATQCUS2564,14013
ATQCUS2565,15911
ATQCUS2566,11373
ATQCUS2567,20455
ATQCUS2568,19820
ATQCUS2569,15695
ATQCUS2570,18689
ATQCUS2571,13585
ATQCUS2572,13924
ATQCUS2573,24994
ATQCUS2574,18874
ATQCUS2575,18467
ATQCUS2576,12871
ATQCUS2577,16524
ATQCUS2578,10754
ATQCUS2579,10426
ATQCUS2580,7651
ATQCUS2581,12761
ATQCUS2582,13407
ATQCUS2583,7197
ATQCUS2584,9768
ATQCUS2585,5152
ATQCUS2586,11294
ATQCUS2587,7515
ATQCUS2588,11080
ATQCUS2589,7043
ATQCUS2590,9298
ATQCUS2591,9231
ATQCUS2592,5892
ATQCUS2593,9259
ATQCUS2594,13250
ATQCUS2595,11233
ATQCUS2596,5875
ATQCUS2597,6743
ATQCUS2598,13037
ATQCUS2599,11147
ATQCUS2600,8319
ATQCUS2601,7560
ATQCUS2602,9600
ATQCUS2603,11242
ATQCUS2604,11404
ATQCUS2605,7486
ATQCUS2606,11422
ATQCUS2607,11528
ATQCUS2608,14997
ATQCUS2609,12015
ATQCUS2610,7914
ATQCUS2611,9575
ATQCUS2612,17764
ATQCUS2613,13315
ATQCUS2614,7495
ATQCUS2615,10136
ATQCUS2616,9508
ATQCUS2617,12474
ATQCUS2618,10551
ATQCUS2619,7502
ATQCUS2620,8724
ATQCUS2621,5690
ATQCUS2622,5595
ATQCUS2623,7410
ATQCUS2624,11083
ATQCUS2625,9016
ATQCUS2626,6662
ATQCUS2627,11623
ATQCUS2628,11749
ATQCUS2629,13316
ATQCUS2630,10132
ATQCUS2631,9711
ATQCUS2632,9161
ATQCUS2633,17833
ATQCUS2634,13938
ATQCUS2635,14144
ATQCUS2636,8683
ATQCUS2637,15287
ATQCUS2638,16642
ATQCUS2639,26044
ATQCUS2640,15074
ATQCUS2641,17477
ATQCUS2642,19249
ATQCUS2643,16428
ATQCUS2644,11637
ATQCUS2645,15605
ATQCUS2646,22291
ATQCUS2647,14146
ATQCUS2648,13119
ATQCUS2649,12924
ATQCUS2650,11098
ATQCUS2651,6279
ATQCUS2652,21302
ATQCUS2653,14832
ATQCUS2654,19158
ATQCUS2655,13505
ATQCUS2656,18570
ATQCUS2657,16515
ATQCUS2658,16501
ATQCUS2659,20343
ATQCUS2660,16281
ATQCUS2661,14342
ATQCUS2662,13259
ATQCUS2663,7129
ATQCUS2664,8689
ATQCUS2665,11684
ATQCUS2666,6854
ATQCUS2667,8070
ATQCUS2668,6177
ATQCUS2669,7569
ATQCUS2670,10931
ATQCUS2671,11830
ATQCUS2672,4818
ATQCUS2673,6298
ATQCUS2674,7927
ATQCUS2675,5762
ATQCUS2676,9263
ATQCUS2677,7269
ATQCUS2678,7940
ATQCUS2679,9180
ATQCUS2680,6193
ATQCUS2681,5800
ATQCUS2682,7558
ATQCUS2683,12502
ATQCUS2684,3673
ATQCUS2685,13235
ATQCUS2686,8559
ATQCUS2687,21189
ATQCUS2688,9001
ATQCUS2689,3866
ATQCUS2690,16726
ATQCUS2691,6813
ATQCUS2692,10280
ATQCUS2693,6424
ATQCUS2694,9495
ATQCUS2695,8183
ATQCUS2696,8662
ATQCUS2697,8065
ATQCUS2698,5506
ATQCUS2699,7045
ATQCUS2700,6607
ATQCUS2701,7375
ATQCUS2702,6529
ATQCUS2703,7063
ATQCUS2704,8768
ATQCUS2705,9567
ATQCUS2706,9961
ATQCUS2707,6618
ATQCUS2708,9407
ATQCUS2709,4883
ATQCUS2710,9165
ATQCUS2711,9895
ATQCUS2712,9315
ATQCUS2713,12777
ATQCUS2714,17327
ATQCUS2715,17061
ATQCUS2716,18925
ATQCUS2717,14223
ATQCUS2718,18653
ATQCUS2719,15964
ATQCUS2720,12332
ATQCUS2721,13303
ATQCUS2722,14560
ATQCUS2723,19548
ATQCUS2724,15749
ATQCUS2725,20364
ATQCUS2726,15258
ATQCUS2727,14619
ATQCUS2728,5179
ATQCUS2729,18761
ATQCUS2730,6074
ATQCUS2731,11979
ATQCUS2732,13766
ATQCUS2733,11649
ATQCUS2734,15154
ATQCUS2735,15214
ATQCUS2736,8395
ATQCUS2737,17094
ATQCUS2738,15496
ATQCUS2739,11148
ATQCUS2740,4967
ATQCUS2741,10209
ATQCUS2742,7596
ATQCUS2743,6700
ATQCUS2744,8012
ATQCUS2745,7301
ATQCUS2746,6840
ATQCUS2747,4361
ATQCUS2748,6935
ATQCUS2749,7962
ATQCUS2750,9381
ATQCUS2751,6510
ATQCUS2752,4277
ATQCUS2753,7573
ATQCUS2754,5798
ATQCUS2755,9682
ATQCUS2756,10231
ATQCUS2757,12225
ATQCUS2758,11574
ATQCUS2759,8884
ATQCUS2760,5665
ATQCUS2761,7198
ATQCUS2762,7719
ATQCUS2763,6345
ATQCUS2764,5726
ATQCUS2765,7769
ATQCUS2766,6428
ATQCUS2767,9144
ATQCUS2768,6272
ATQCUS2769,8914
ATQCUS2770,8154
ATQCUS2771,7028
ATQCUS2772,5332
ATQCUS2773,7213
ATQCUS2774,8375
ATQCUS2775,7619
ATQCUS2776,5876
ATQCUS2777,6311
ATQCUS2778,4694
ATQCUS2779,9921
ATQCUS2780,8970
ATQCUS2781,7218
ATQCUS2782,11632
ATQCUS2783,9012
ATQCUS2784,9295
ATQCUS2785,10498
ATQCUS2786,13971
ATQCUS2787,12791
ATQCUS2788,9721
ATQCUS2789,11323
ATQCUS2790,7033
ATQCUS2791,6464
ATQCUS2792,9277
ATQCUS2793,9165
ATQCUS2794,10881
ATQCUS2795,9348
ATQCUS2796,9173
ATQCUS2797,7921
ATQCUS2798,8343
ATQCUS2799,9179
ATQCUS2800,6285
ATQCUS2801,9526
ATQCUS2802,11624
ATQCUS2803,17748
ATQCUS2804,13235
ATQCUS2805,7565
ATQCUS2806,11699
ATQCUS2807,11454
ATQCUS2808,9424
ATQCUS2809,11694
ATQCUS2810,6153
ATQCUS2811,13851
ATQCUS2812,17811
ATQCUS2813,6681
ATQCUS2814,5592
ATQCUS2815,8946
ATQCUS2816,14298
ATQCUS2817,13203
ATQCUS2818,11510
ATQCUS2819,8983
ATQCUS2820,4544
ATQCUS2821,6223
ATQCUS2822,7767
ATQCUS2823,3366
ATQCUS2824,5320
ATQCUS2825,4827
ATQCUS2826,5327
ATQCUS2827,6311
ATQCUS2828,6263
ATQCUS2829,6736
ATQCUS2830,5265
ATQCUS2831,8558
ATQCUS2832,6882
ATQCUS2833,4368
ATQCUS2834,5660
ATQCUS2835,5219
ATQCUS2836,3178
ATQCUS2837,3375
ATQCUS2838,4818
ATQCUS2839,4125
ATQCUS2840,5803
ATQCUS2841,6216
ATQCUS2842,6172
ATQCUS2843,5903
ATQCUS2844,5804
ATQCUS2845,4535
ATQCUS2846,4120
ATQCUS2847,3982
ATQCUS2848,5160
ATQCUS2849,5386
ATQCUS2850,4799
ATQCUS2851,5988
ATQCUS2852,9787
ATQCUS2853,8041
ATQCUS2854,6325
ATQCUS2855,9193
ATQCUS2856,5707
ATQCUS2857,9096
ATQCUS2858,7536
ATQCUS2859,3925
ATQCUS2860,3995
ATQCUS2861,4047
ATQCUS2862,4979
ATQCUS2863,5113
ATQCUS2864,3954
ATQCUS2865,7621
ATQCUS2866,4341
ATQCUS2867,4421
ATQCUS2868,4479
ATQCUS2869,3765
ATQCUS2870,5743
ATQCUS2871,2791
ATQCUS2872,5324
ATQCUS2873,4671
ATQCUS2874,7558
ATQCUS2875,3098
ATQCUS2876,4386
ATQCUS2877,4099
ATQCUS2878,8227
ATQCUS2879,3776
ATQCUS2880,2939
ATQCUS2881,6095
ATQCUS2882,5179
ATQCUS2883,4110
ATQCUS2884,5303
ATQCUS2885,4289
ATQCUS2886,2908
ATQCUS2887,2817
ATQCUS2888,10442
ATQCUS2889,10268
ATQCUS2890,17480
ATQCUS2891,6989
ATQCUS2892,16580
ATQCUS2893,13037
ATQCUS2894,20943
ATQCUS2895,8812
ATQCUS2896,14869
ATQCUS2897,9833
ATQCUS2898,16249
ATQCUS2899,15962
ATQCUS2900,9361
ATQCUS2901,9914
ATQCUS2902,7442
ATQCUS2903,10279
ATQCUS2904,12801
ATQCUS2905,15041
ATQCUS2906,6437
ATQCUS2907,20062
ATQCUS2908,11773
ATQCUS2909,11259
ATQCUS2910,7735
ATQCUS2911,11234
ATQCUS2912,14137
ATQCUS2913,10901
ATQCUS2914,9724
ATQCUS2915,10801
ATQCUS2916,11353
ATQCUS2917,7945
ATQCUS2918,5002
ATQCUS2919,5085
ATQCUS2920,8745
ATQCUS2921,6718
ATQCUS2922,5246
ATQCUS2923,5612
ATQCUS2924,6014
ATQCUS2925,4377
ATQCUS2926,5874
ATQCUS2927,6266
ATQCUS2928,9605
ATQCUS2929,5152
ATQCUS2930,10942
ATQCUS2931,5246
ATQCUS2932,7943
ATQCUS2933,6066
ATQCUS2934,5673
ATQCUS2935,5588
ATQCUS2936,11111
ATQCUS2937,6273
ATQCUS2938,10123
ATQCUS2939,14155
ATQCUS2940,16347
ATQCUS2941,5112
ATQCUS2942,4057
ATQCUS2943,5641
ATQCUS2944,6248
ATQCUS2945,6645
ATQCUS2946,5164
ATQCUS2947,5459
ATQCUS2948,3861
ATQCUS2949,4889
ATQCUS2950,5215
ATQCUS2951,6360
ATQCUS2952,5863
ATQCUS2953,6262
ATQCUS2954,5152
ATQCUS2955,6034
ATQCUS2956,5193
ATQCUS2957,1568
ATQCUS2958,5419
ATQCUS2959,4235
ATQCUS2960,6969
ATQCUS2961,5234
ATQCUS2962,17314
ATQCUS2963,17485
ATQCUS2964,8374
ATQCUS2965,10967
ATQCUS2966,11153
ATQCUS2967,8484
ATQCUS2968,18160
ATQCUS2969,10896
ATQCUS2970,16137
ATQCUS2971,11252
ATQCUS2972,16493
ATQCUS2973,11755
ATQCUS2974,9930
ATQCUS2975,17025
ATQCUS2976,10454
ATQCUS2977,13766
ATQCUS2978,5558
ATQCUS2979,5885
ATQCUS2980,5376
ATQCUS2981,5324
ATQCUS2982,9500
ATQCUS2983,7695
ATQCUS2984,5537
ATQCUS2985,5689
ATQCUS2986,5199
ATQCUS2987,7241
ATQCUS2988,7131
ATQCUS2989,6270
ATQCUS2990,11062
ATQCUS2991,6846
ATQCUS2992,9633
ATQCUS2993,7958
ATQCUS2994,12533
ATQCUS2995,9731
ATQCUS2996,9987
ATQCUS2997,9754
ATQCUS2998,9192
ATQCUS2999,16986
ATQCUS3000,4549
ATQCUS3001,4902
ATQCUS3002,5961
ATQCUS3003,8853
ATQCUS3004,10145
ATQCUS3005,6076
ATQCUS3006,3883
ATQCUS3007,5687
ATQCUS3008,7714
ATQCUS3009,5545
ATQCUS3010,5942
ATQCUS3011,8126
ATQCUS3012,15052
ATQCUS3013,8154
ATQCUS3014,13469
ATQCUS3015,17717
ATQCUS3016,11015
ATQCUS3017,11495
ATQCUS3018,17739
ATQCUS3019,18487
ATQCUS3020,18682
ATQCUS3021,10095
ATQCUS3022,20366
ATQCUS3023,7061
ATQCUS3024,7553
ATQCUS3025,6136
ATQCUS3026,5619
ATQCUS3027,5323
ATQCUS3028,5990
ATQCUS3029,4580
ATQCUS3030,5834
ATQCUS3031,11578
ATQCUS3032,9935
ATQCUS3033,10736
ATQCUS3034,15442
ATQCUS3035,6221
ATQCUS3036,5206
ATQCUS3037,7143
ATQCUS3038,5949
ATQCUS3039,7306
ATQCUS3040,5352
ATQCUS3041,8875
ATQCUS3042,4806
ATQCUS3043,4708
ATQCUS3044,16654
ATQCUS3045,14581
ATQCUS3046,7198
ATQCUS3047,11201
ATQCUS3048,8850
ATQCUS3049,14732
ATQCUS3050,13747
ATQCUS3051,7322
ATQCUS3052,11428
ATQCUS3053,10065
ATQCUS3054,13246
ATQCUS3055,20652
ATQCUS3056,12688
ATQCUS3057,10138
ATQCUS3058,9201
ATQCUS3059,10770
ATQCUS3060,3574
ATQCUS3061,7836
ATQCUS3062,4788
ATQCUS3063,6846
ATQCUS3064,5852
ATQCUS3065,4823
ATQCUS3066,6315
ATQCUS3067,6315
ATQCUS3068,7735
ATQCUS3069,11166
ATQCUS3070,5292
ATQCUS3071,8665
ATQCUS3072,9900
ATQCUS3073,5988
ATQCUS3074,10353
ATQCUS3075,10838
ATQCUS3076,9956
ATQCUS3077,5965
ATQCUS3078,7902
ATQCUS3079,7038
ATQCUS3080,7220
ATQCUS3081,5773
ATQCUS3082,5630
ATQCUS3083,5049
ATQCUS3084,7792
ATQCUS3085,7202
ATQCUS3086,7600
ATQCUS3087,7635
ATQCUS3088,12921
ATQCUS3089,8637
ATQCUS3090,7877
ATQCUS3091,10936
ATQCUS3092,8540
ATQCUS3093,11106
ATQCUS3094,5293
ATQCUS3095,6595
ATQCUS3096,8233
ATQCUS3097,7073
ATQCUS3098,10855
ATQCUS3099,8946
ATQCUS3100,4172
ATQCUS3101,4184
ATQCUS3102,4620
ATQCUS3103,5356
ATQCUS3104,7383
ATQCUS3105,2376
ATQCUS3106,2681
ATQCUS3107,2975
ATQCUS3108,6043
ATQCUS3109,5118
ATQCUS3110,8148
ATQCUS3111,5526
ATQCUS3112,4546
ATQCUS3113,4437
ATQCUS3114,4414
ATQCUS3115,8572
ATQCUS3116,14219
ATQCUS3117,11352
ATQCUS3118,10912
ATQCUS3119,6541
ATQCUS3120,7817
ATQCUS3121,14687
ATQCUS3122,9715
ATQCUS3123,7893
ATQCUS3124,4424
ATQCUS3125,7434
ATQCUS3126,4326
ATQCUS3127,4117
ATQCUS3128,2943
ATQCUS3129,4237
ATQCUS3130,8515
ATQCUS3131,4965
ATQCUS3132,6257
ATQCUS3133,2870
ATQCUS3134,4300
ATQCUS3135,4277
ATQCUS3136,3139
ATQCUS3137,13452
ATQCUS3138,12569
ATQCUS3139,8301
ATQCUS3140,7521
ATQCUS3141,6497
ATQCUS3142,12927
ATQCUS3143,14568
ATQCUS3144,11138
ATQCUS3145,10129
ATQCUS3146,15882
ATQCUS3147,7889
ATQCUS3148,15599
ATQCUS3149,7601
ATQCUS3150,15062
ATQCUS3151,12766
ATQCUS3152,9759
ATQCUS3153,13176
ATQCUS3154,10864
ATQCUS3155,13524
ATQCUS3156,9202
ATQCUS3157,15929
ATQCUS3158,9210
ATQCUS3159,11875
ATQCUS3160,10792
ATQCUS3161,12458
ATQCUS3162,15017
ATQCUS3163,10877
ATQCUS3164,11841
ATQCUS3165,9940
ATQCUS3166,17855
ATQCUS3167,16303
ATQCUS3168,14448
ATQCUS3169,12991
ATQCUS3170,8779
ATQCUS3171,13683
ATQCUS3172,14629
ATQCUS3173,15987
ATQCUS3174,7959
ATQCUS3175,5652
ATQCUS3176,9600
ATQCUS3177,3952
ATQCUS3178,6865
ATQCUS3179,4382
ATQCUS3180,5785
ATQCUS3181,6117
ATQCUS3182,8355
ATQCUS3183,4762
ATQCUS3184,5345
ATQCUS3185,3290
ATQCUS3186,8840
ATQCUS3187,6807
ATQCUS3188,7205
ATQCUS3189,7414
ATQCUS3190,3007
ATQCUS3191,6032
ATQCUS3192,5568
ATQCUS3193,8668
ATQCUS3194,5556
ATQCUS3195,4646
ATQCUS3196,6598
ATQCUS3197,5882
ATQCUS3198,3872
ATQCUS3199,5607
ATQCUS3200,10695
ATQCUS3201,6516
ATQCUS3202,9473
ATQCUS3203,10483
ATQCUS3204,8495
ATQCUS3205,7916
ATQCUS3206,8397
ATQCUS3207,7943
ATQCUS3208,8776
ATQCUS3209,6474
ATQCUS3210,6658
ATQCUS3211,9174
ATQCUS3212,6830
ATQCUS3213,8898
ATQCUS3214,10068
ATQCUS3215,12238
ATQCUS3216,11325
ATQCUS3217,9812
ATQCUS3218,6065
ATQCUS3219,9879
ATQCUS3220,7540
ATQCUS3221,4933
ATQCUS3222,3451
ATQCUS3223,8015
ATQCUS3224,6963
ATQCUS3225,8423
ATQCUS3226,6232
ATQCUS3227,5960
ATQCUS3228,6241
ATQCUS3229,3341
ATQCUS3230,9409
ATQCUS3231,7293
ATQCUS3232,9212
ATQCUS3233,5480
ATQCUS3234,4850
ATQCUS3235,7151
ATQCUS3236,5026
ATQCUS3237,6187
ATQCUS3238,8415
ATQCUS3239,6387
ATQCUS3240,6744
ATQCUS3241,3976
ATQCUS3242,5132
ATQCUS3243,8566
ATQCUS3244,4462
ATQCUS3245,4198
ATQCUS3246,5217
ATQCUS3247,12134
ATQCUS3248,6759
ATQCUS3249,7530
ATQCUS3250,9007
ATQCUS3251,10295
ATQCUS3252,9038
ATQCUS3253,14795
ATQCUS3254,13730
ATQCUS3255,13954
ATQCUS3256,13057
ATQCUS3257,12601
ATQCUS3258,8711
ATQCUS3259,14660
ATQCUS3260,4376
ATQCUS3261,7754
ATQCUS3262,12096
ATQCUS3263,11827
ATQCUS3264,17023
ATQCUS3265,14880
ATQCUS3266,8399
ATQCUS3267,4487
ATQCUS3268,5797
ATQCUS3269,8119
ATQCUS3270,6587
ATQCUS3271,8540
ATQCUS3272,6438
ATQCUS3273,6565
ATQCUS3274,6849
ATQCUS3275,6805
ATQCUS3276,7184
ATQCUS3277,3707
ATQCUS3278,7464
ATQCUS3279,5915
ATQCUS3280,12031
ATQCUS3281,5582
ATQCUS3282,5727
ATQCUS3283,6840
ATQCUS3284,10489
ATQCUS3285,7000
ATQCUS3286,10152
ATQCUS3287,9150
ATQCUS3288,5667
ATQCUS3289,4764
ATQCUS3290,6039
ATQCUS3291,7743
ATQCUS3292,4172
ATQCUS3293,5457
ATQCUS3294,6868
ATQCUS3295,5267
ATQCUS3296,6071
ATQCUS3297,3990
ATQCUS3298,4808
ATQCUS3299,7666
ATQCUS3300,5629
ATQCUS3301,14803
ATQCUS3302,7987
ATQCUS3303,11611
ATQCUS3304,12366
ATQCUS3305,12984
ATQCUS3306,9970
ATQCUS3307,8060
ATQCUS3308,13715
ATQCUS3309,8381
ATQCUS3310,11448
ATQCUS3311,10834
ATQCUS3312,10449
ATQCUS3313,8498
ATQCUS3314,17126
ATQCUS3315,8071
ATQCUS3316,8590
ATQCUS3317,9406
ATQCUS3318,10419
ATQCUS3319,2838
ATQCUS3320,6376
ATQCUS3321,8079
ATQCUS3322,3859
ATQCUS3323,4044
ATQCUS3324,5450
ATQCUS3325,5572
ATQCUS3326,5014
ATQCUS3327,2814
ATQCUS3328,6124
ATQCUS3329,4445
ATQCUS3330,5824
ATQCUS3331,5562
ATQCUS3332,11028
ATQCUS3333,5236
ATQCUS3334,8156
ATQCUS3335,14791
ATQCUS3336,6371
ATQCUS3337,3664
ATQCUS3338,6544
ATQCUS3339,2660
ATQCUS3340,4277
ATQCUS3341,8475
ATQCUS3342,6347
ATQCUS3343,5938
ATQCUS3344,5014
ATQCUS3345,6102
ATQCUS3346,7158
ATQCUS3347,5760
ATQCUS3348,5200
ATQCUS3349,5172
ATQCUS3350,4380
ATQCUS3351,3853
ATQCUS3352,4651
ATQCUS3353,4803
ATQCUS3354,6267
ATQCUS3355,6022
ATQCUS3356,3885
ATQCUS3357,11612
ATQCUS3358,8026
ATQCUS3359,8491
ATQCUS3360,4599
ATQCUS3361,9462
ATQCUS3362,7649
ATQCUS3363,6850
ATQCUS3364,7906
ATQCUS3365,7459
ATQCUS3366,7036
ATQCUS3367,5943
ATQCUS3368,3691
ATQCUS3369,4899
ATQCUS3370,3330
ATQCUS3371,2911
ATQCUS3372,4646
ATQCUS3373,3307
ATQCUS3374,4993
ATQCUS3375,2913
ATQCUS3376,2131
ATQCUS3377,3628
ATQCUS3378,3907
ATQCUS3379,5033
ATQCUS3380,2799
ATQCUS3381,5579
ATQCUS3382,3528
ATQCUS3383,6355
ATQCUS3384,5217
ATQCUS3385,5408
ATQCUS3386,6627
ATQCUS3387,4317
ATQCUS3388,2982
ATQCUS3389,4898
ATQCUS3390,6666
ATQCUS3391,3633
ATQCUS3392,4050
ATQCUS3393,4949
ATQCUS3394,3019
ATQCUS3395,5605
ATQCUS3396,4209
ATQCUS3397,3188
ATQCUS3398,3392
ATQCUS3399,3834
ATQCUS3400,3245
ATQCUS3401,3679
ATQCUS3402,2753
ATQCUS3403,2647
ATQCUS3404,4439
ATQCUS3405,4682
ATQCUS3406,10006
ATQCUS3407,8433
ATQCUS3408,7823
ATQCUS3409,5970
ATQCUS3410,9376
ATQCUS3411,11806
ATQCUS3412,6341
ATQCUS3413,7707
ATQCUS3414,6271
ATQCUS3415,6137
ATQCUS3416,7365
ATQCUS3417,11749
ATQCUS3418,7699
ATQCUS3419,8103
ATQCUS3420,7392
ATQCUS3421,11358
ATQCUS3422,8467
ATQCUS3423,3285
ATQCUS3424,5837
ATQCUS3425,6001
ATQCUS3426,4176
ATQCUS3427,5202
ATQCUS3428,3710
ATQCUS3429,2981
ATQCUS3430,5146
ATQCUS3431,6420
ATQCUS3432,5340
ATQCUS3433,2214
ATQCUS3434,6535
ATQCUS3435,8095
ATQCUS3436,6200
ATQCUS3437,2920
ATQCUS3438,2161
ATQCUS3439,3925
ATQCUS3440,4792
ATQCUS3441,3911
ATQCUS3442,2888
ATQCUS3443,4874
ATQCUS3444,3418
ATQCUS3445,3915
ATQCUS3446,4083
ATQCUS3447,5881
ATQCUS3448,20011
ATQCUS3449,9254
ATQCUS3450,14676
ATQCUS3451,11524
ATQCUS3452,23071
ATQCUS3453,14335
ATQCUS3454,20204
ATQCUS3455,18176
ATQCUS3456,21348
ATQCUS3457,14421
ATQCUS3458,17944
ATQCUS3459,31911
ATQCUS3460,27891
ATQCUS3461,24257
ATQCUS3462,11144
ATQCUS3463,7408
ATQCUS3464,14601
ATQCUS3465,9310
ATQCUS3466,8533
ATQCUS3467,8495
ATQCUS3468,13033
ATQCUS3469,6446
ATQCUS3470,5159
ATQCUS3471,9730
ATQCUS3472,13489
ATQCUS3473,12171
ATQCUS3474,14316
ATQCUS3475,15089
ATQCUS3476,21340
ATQCUS3477,10918
ATQCUS3478,10420
ATQCUS3479,13256
ATQCUS3480,9597
ATQCUS3481,18766
ATQCUS3482,8831
ATQCUS3483,10964
ATQCUS3484,8774
ATQCUS3485,7196
ATQCUS3486,10879
ATQCUS3487,6143
ATQCUS3488,8235
ATQCUS3489,5016
ATQCUS3490,10301
ATQCUS3491,14405
ATQCUS3492,9437
ATQCUS3493,7757
ATQCUS3494,8131
ATQCUS3495,8521
ATQCUS3496,11643
ATQCUS3497,8864
ATQCUS3498,8083
ATQCUS3499,10425
ATQCUS3500,18794
ATQCUS3501,15581
ATQCUS3502,18154
ATQCUS3503,11863
ATQCUS3504,15498
ATQCUS3505,18829
ATQCUS3506,26353
ATQCUS3507,15782
ATQCUS3508,16832
ATQCUS3509,20073
ATQCUS3510,23803
ATQCUS3511,11599
ATQCUS3512,10056
ATQCUS3513,5809
ATQCUS3514,7171
ATQCUS3515,7787
ATQCUS3516,10749
ATQCUS3517,8298
ATQCUS3518,7212
ATQCUS3519,6671
ATQCUS3520,11908
ATQCUS3521,8028
ATQCUS3522,12563
ATQCUS3523,16366
ATQCUS3524,12030
ATQCUS3525,8524
ATQCUS3526,14207
ATQCUS3527,6393
ATQCUS3528,9188
ATQCUS3529,8000
ATQCUS3530,9346
ATQCUS3531,7954
ATQCUS3532,8884
ATQCUS3533,10008
ATQCUS3534,10385
ATQCUS3535,14492
ATQCUS3536,8276
ATQCUS3537,17321
ATQCUS3538,18711
ATQCUS3539,10403
ATQCUS3540,17128
ATQCUS3541,14210
ATQCUS3542,12798
ATQCUS3543,19112
ATQCUS3544,7504
ATQCUS3545,11802
ATQCUS3546,7514
ATQCUS3547,6610
ATQCUS3548,8500
ATQCUS3549,7933
ATQCUS3550,5360
ATQCUS3551,8687
ATQCUS3552,15507
ATQCUS3553,13325
ATQCUS3554,8273
ATQCUS3555,9336
ATQCUS3556,15648
ATQCUS3557,10874
ATQCUS3558,5991
ATQCUS3559,6677
ATQCUS3560,5956
ATQCUS3561,9852
ATQCUS3562,4334
ATQCUS3563,10262
ATQCUS3564,6717
ATQCUS3565,7689
ATQCUS3566,6185
ATQCUS3567,3935
ATQCUS3568,8400
ATQCUS3569,5748
ATQCUS3570,5691
ATQCUS3571,9802
ATQCUS3572,5945
ATQCUS3573,8650
ATQCUS3574,6052
ATQCUS3575,8807
ATQCUS3576,9902
ATQCUS3577,14317
ATQCUS3578,12633
ATQCUS3579,10314
ATQCUS3580,11776
ATQCUS3581,9833
ATQCUS3582,8292
ATQCUS3583,13561
ATQCUS3584,13216
ATQCUS3585,13131
ATQCUS3586,9544
ATQCUS3587,6139
ATQCUS3588,4832
ATQCUS3589,6312
ATQCUS3590,8582
ATQCUS3591,4770
ATQCUS3592,5961
ATQCUS3593,6026
ATQCUS3594,6565
ATQCUS3595,8789
ATQCUS3596,7847
ATQCUS3597,6733
ATQCUS3598,7196
ATQCUS3599,9784
ATQCUS3600,9413
ATQCUS3601,5765
ATQCUS3602,11652
ATQCUS3603,6770
ATQCUS3604,3306
ATQCUS3605,4060
ATQCUS3606,4596
ATQCUS3607,3059
ATQCUS3608,4587
ATQCUS3609,4110
ATQCUS3610,5947
ATQCUS3611,3796
ATQCUS3612,7489
ATQCUS3613,4998
ATQCUS3614,8279
ATQCUS3615,3122
ATQCUS3616,8087
ATQCUS3617,4068
ATQCUS3618,16973
ATQCUS3619,15550
ATQCUS3620,6242
ATQCUS3621,14491
ATQCUS3622,7919
ATQCUS3623,4672
ATQCUS3624,17366
ATQCUS3625,11817
ATQCUS3626,8730
ATQCUS3627,4785
ATQCUS3628,3372
ATQCUS3629,4818
ATQCUS3630,9846
ATQCUS3631,6954
ATQCUS3632,9682
ATQCUS3633,8134
ATQCUS3634,11602
ATQCUS3635,11195
ATQCUS3636,9195
ATQCUS3637,6797
ATQCUS3638,4296
ATQCUS3639,5223
ATQCUS3640,6050
ATQCUS3641,9066
ATQCUS3642,5576
ATQCUS3643,3650
ATQCUS3644,4827
ATQCUS3645,3382
ATQCUS3646,6692
ATQCUS3647,5452
ATQCUS3648,24772
ATQCUS3649,21617
ATQCUS3650,21725
ATQCUS3651,15261
ATQCUS3652,20679
ATQCUS3653,10492
ATQCUS3654,11270
ATQCUS3655,8625
ATQCUS3656,15517
ATQCUS3657,17366
ATQCUS3658,14022
ATQCUS3659,17466
ATQCUS3660,12244
ATQCUS3661,16377
ATQCUS3662,8411
ATQCUS3663,12944
ATQCUS3664,16243
ATQCUS3665,25331
ATQCUS3666,20295
ATQCUS3667,20963
ATQCUS3668,18603
ATQCUS3669,10949
ATQCUS3670,9205
ATQCUS3671,6598
ATQCUS3672,8671
ATQCUS3673,8910
ATQCUS3674,6985
ATQCUS3675,13565
ATQCUS3676,8934
ATQCUS3677,14389
ATQCUS3678,19412
ATQCUS3679,20447
ATQCUS3680,12581
ATQCUS3681,10827
ATQCUS3682,9870
ATQCUS3683,11097
ATQCUS3684,8768
ATQCUS3685,14535
ATQCUS3686,6719
ATQCUS3687,14702
ATQCUS3688,5508
ATQCUS3689,14143
ATQCUS3690,7693
ATQCUS3691,7414
ATQCUS3692,9860
ATQCUS3693,8753
ATQCUS3694,13298
ATQCUS3695,15756
ATQCUS3696,5341
ATQCUS3697,5596
ATQCUS3698,4609
ATQCUS3699,6700
ATQCUS3700,5029
ATQCUS3701,7004
ATQCUS3702,7840
ATQCUS3703,11550
ATQCUS3704,9236
ATQCUS3705,6409
ATQCUS3706,3494
ATQCUS3707,6741
ATQCUS3708,4579
ATQCUS3709,4161
ATQCUS3710,22331
ATQCUS3711,15077
ATQCUS3712,9879
ATQCUS3713,8222
ATQCUS3714,9282
ATQCUS3715,5783
ATQCUS3716,16831
ATQCUS3717,6664
ATQCUS3718,5853
ATQCUS3719,8160
ATQCUS3720,7854
ATQCUS3721,5399
ATQCUS3722,6358
ATQCUS3723,13155
ATQCUS3724,6249
ATQCUS3725,13225
ATQCUS3726,16785
ATQCUS3727,14474
ATQCUS3728,6758
ATQCUS3729,13171
ATQCUS3730,14471
ATQCUS3731,6800
ATQCUS3732,7683
ATQCUS3733,3678
ATQCUS3734,12750
ATQCUS3735,10073
ATQCUS3736,5960
ATQCUS3737,10214
ATQCUS3738,13674
ATQCUS3739,8836
ATQCUS3740,11148
ATQCUS3741,10876
ATQCUS3742,7307
ATQCUS3743,10332
ATQCUS3744,10112
ATQCUS3745,5044
ATQCUS3746,11562
ATQCUS3747,14112
ATQCUS3748,13076
ATQCUS3749,13250
ATQCUS3750,11351
ATQCUS3751,12874
ATQCUS3752,5441
ATQCUS3753,14861
ATQCUS3754,13574
ATQCUS3755,10608
ATQCUS3756,8882
ATQCUS3757,15899
ATQCUS3758,9703
ATQCUS3759,16169
ATQCUS3760,14718
ATQCUS3761,8339
ATQCUS3762,12729
ATQCUS3763,9160
ATQCUS3764,11196
ATQCUS3765,5287
ATQCUS3766,11715
ATQCUS3767,10931
ATQCUS3768,9213
ATQCUS3769,6427
ATQCUS3770,3242
ATQCUS3771,5370
ATQCUS3772,5134
ATQCUS3773,5059
ATQCUS3774,8489
ATQCUS3775,4704
ATQCUS3776,2394
ATQCUS3777,6144
ATQCUS3778,3932
ATQCUS3779,4135
ATQCUS3780,4484
ATQCUS3781,6560
ATQCUS3782,5197
ATQCUS3783,7208
ATQCUS3784,4335
ATQCUS3785,4662
ATQCUS3786,6435
ATQCUS3787,11911
ATQCUS3788,10696
ATQCUS3789,6153
ATQCUS3790,7778
ATQCUS3791,6108
ATQCUS3792,8499
ATQCUS3793,5698
ATQCUS3794,4008
ATQCUS3795,3228
ATQCUS3796,2817
ATQCUS3797,5717
ATQCUS3798,4913
ATQCUS3799,5100
ATQCUS3800,4301
ATQCUS3801,4972
ATQCUS3802,3044
ATQCUS3803,7904
ATQCUS3804,7233
ATQCUS3805,8394
ATQCUS3806,10461
ATQCUS3807,8786
ATQCUS3808,13776
ATQCUS3809,12220
ATQCUS3810,9728
ATQCUS3811,8307
ATQCUS3812,10890
ATQCUS3813,12921
ATQCUS3814,10957
ATQCUS3815,10601
ATQCUS3816,7411
ATQCUS3817,7314
ATQCUS3818,12607
ATQCUS3819,9710
ATQCUS3820,10962
ATQCUS3821,3551
ATQCUS3822,6877
ATQCUS3823,3757
ATQCUS3824,5396
ATQCUS3825,3308
ATQCUS3826,4547
ATQCUS3827,5520
ATQCUS3828,9379
ATQCUS3829,8103
ATQCUS3830,4363
ATQCUS3831,4617
ATQCUS3832,4100
ATQCUS3833,3132
ATQCUS3834,3247
ATQCUS3835,9535
ATQCUS3836,8087
ATQCUS3837,12746
ATQCUS3838,8691
ATQCUS3839,10920
ATQCUS3840,6875
ATQCUS3841,5869
ATQCUS3842,6947
ATQCUS3843,9617
ATQCUS3844,9300
ATQCUS3845,10025
ATQCUS3846,7559
ATQCUS3847,7924
ATQCUS3848,7723
ATQCUS3849,10429
ATQCUS3850,4482
ATQCUS3851,3004
ATQCUS3852,5768
ATQCUS3853,4842
ATQCUS3854,7029
ATQCUS3855,3502
ATQCUS3856,6086
ATQCUS3857,7860
ATQCUS3858,8892
ATQCUS3859,3638
ATQCUS3860,3313
ATQCUS3861,6050
ATQCUS3862,2841
ATQCUS3863,4732
ATQCUS3864,3797
ATQCUS3865,2610
ATQCUS3866,2085
ATQCUS3867,8694
ATQCUS3868,6962
ATQCUS3869,5478
ATQCUS3870,7124
ATQCUS3871,4415
ATQCUS3872,3393
ATQCUS3873,4409
ATQCUS3874,7087
ATQCUS3875,7754
ATQCUS3876,2576
ATQCUS3877,3833
ATQCUS3878,4343
ATQCUS3879,4036
ATQCUS3880,3790
ATQCUS3881,2032
ATQCUS3882,3701
ATQCUS3883,3991
ATQCUS3884,2148
ATQCUS3885,1670
ATQCUS3886,4366
ATQCUS3887,2247
ATQCUS3888,2209
ATQCUS3889,2835
ATQCUS3890,7047
ATQCUS3891,8107
ATQCUS3892,6999
ATQCUS3893,5887
ATQCUS3894,5591
ATQCUS3895,8480
ATQCUS3896,9948
ATQCUS3897,8493
ATQCUS3898,9177
ATQCUS3899,7971
ATQCUS3900,8405
ATQCUS3901,10589
ATQCUS3902,5985
ATQCUS3903,3752
ATQCUS3904,4458
ATQCUS3905,4257
ATQCUS3906,4931
ATQCUS3907,3973
ATQCUS3908,4233
ATQCUS3909,3364
ATQCUS3910,5047
ATQCUS3911,3850
ATQCUS3912,4744
ATQCUS3913,21162
ATQCUS3914,11669
ATQCUS3915,10972
ATQCUS3916,18370
ATQCUS3917,11478
ATQCUS3918,19475
ATQCUS3919,13765
ATQCUS3920,21466
ATQCUS3921,10124
ATQCUS3922,18818
ATQCUS3923,5983
ATQCUS3924,7962
ATQCUS3925,9822
ATQCUS3926,8509
ATQCUS3927,11134
ATQCUS3928,9322
ATQCUS3929,10493
ATQCUS3930,13811
ATQCUS3931,10762
ATQCUS3932,8277
ATQCUS3933,10735
ATQCUS3934,8676
ATQCUS3935,7427
ATQCUS3936,6251
ATQCUS3937,5517
ATQCUS3938,8551
ATQCUS3939,19984
ATQCUS3940,11187
ATQCUS3941,20715
ATQCUS3942,14053
ATQCUS3943,15744
ATQCUS3944,22141
ATQCUS3945,14268
ATQCUS3946,16935
ATQCUS3947,21061
ATQCUS3948,18934
ATQCUS3949,8444
ATQCUS3950,5793
ATQCUS3951,9981
ATQCUS3952,7332
ATQCUS3953,6227
ATQCUS3954,11696
ATQCUS3955,5735
ATQCUS3956,5260
ATQCUS3957,7544
ATQCUS3958,4926
ATQCUS3959,6824
ATQCUS3960,15671
ATQCUS3961,12262
ATQCUS3962,13364
ATQCUS3963,13559
ATQCUS3964,10563
ATQCUS3965,10909
ATQCUS3966,7991
ATQCUS3967,6085
ATQCUS3968,12095
ATQCUS3969,2285
ATQCUS3970,9374
ATQCUS3971,9077
ATQCUS3972,6247
ATQCUS3973,8865
ATQCUS3974,7969
ATQCUS3975,7743
ATQCUS3976,4183
ATQCUS3977,6138
ATQCUS3978,5259
ATQCUS3979,8211
ATQCUS3980,6544
ATQCUS3981,12911
ATQCUS3982,6604
ATQCUS3983,8793
ATQCUS3984,9645
ATQCUS3985,12656
ATQCUS3986,10608
ATQCUS3987,11066
ATQCUS3988,7007
ATQCUS3989,5375
ATQCUS3990,4245
ATQCUS3991,3774
ATQCUS3992,8392
ATQCUS3993,5219
ATQCUS3994,5237
ATQCUS3995,7413
ATQCUS3996,6136
ATQCUS3997,4172
ATQCUS3998,3957
ATQCUS3999,5016
ATQCUS4000,3245
