customer_id,total_spending
ATQCUS0001,13790
ATQCUS0002,18234
ATQCUS0003,12062
ATQCUS0004,25136
ATQCUS0005,13269
ATQCUS0006,24416
ATQCUS0007,24047
ATQCUS0008,13086
ATQCUS0009,9220
ATQCUS0010,17244
ATQCUS0011,18356
ATQCUS0012,17460
ATQCUS0013,14087
ATQCUS0014,7252
ATQCUS0015,8854
ATQCUS0016,9129
ATQCUS0017,12875
ATQCUS0018,11261
ATQCUS0019,7630
ATQCUS0020,6987
ATQCUS0021,8296
ATQCUS0022,12048
ATQCUS0023,18715
ATQCUS0024,8849
ATQCUS0025,12636
ATQCUS0026,14367
ATQCUS0027,7156
ATQCUS0028,10497
ATQCUS0029,18324
ATQCUS0030,8024
ATQCUS0031,10748
ATQCUS0032,9251
ATQCUS0033,7249
ATQCUS0034,9006
ATQCUS0035,13308
ATQCUS0036,5963
ATQCUS0037,4950
ATQCUS0038,6723
ATQCUS0039,8377
ATQCUS0040,6762
ATQCUS0041,9981
ATQCUS0042,20974
ATQCUS0043,17012
ATQCUS0044,13400
ATQCUS0045,14373
ATQCUS0046,15856
ATQCUS0047,16925
ATQCUS0048,9218
ATQCUS0049,5413
ATQCUS0050,11342
ATQCUS0051,9549
ATQCUS0052,10447
ATQCUS0053,9970
ATQCUS0054,9129
ATQCUS0055,7517
ATQCUS0056,9188
ATQCUS0057,6252
ATQCUS0058,7649
ATQCUS0059,7180
ATQCUS0060,3245
ATQCUS0061,6697
ATQCUS0062,3585
ATQCUS0063,14239
ATQCUS0064,13327
ATQCUS0065,15774
ATQCUS0066,15929
ATQCUS0067,19183
ATQCUS0068,17769
ATQCUS0069,13183
ATQCUS0070,5994
ATQCUS0071,6957
ATQCUS0072,7425
ATQCUS0073,8035
ATQCUS0074,11748
ATQCUS0075,9826
ATQCUS0076,8729
ATQCUS0077,10738
ATQCUS0078,5394
ATQCUS0079,7020
ATQCUS0080,6471
ATQCUS0081,3851
ATQCUS0082,5930
ATQCUS0083,7953
ATQCUS0084,7738
ATQCUS0085,4995
ATQCUS0086,11250
ATQCUS0087,10169
ATQCUS0088,13644
ATQCUS0089,14983
ATQCUS0090,9566
ATQCUS0091,9147
ATQCUS0092,13762
ATQCUS0093,3618
ATQCUS0094,3256
ATQCUS0095,5463
ATQCUS0096,3472
ATQCUS0097,2887
ATQCUS0098,3633
ATQCUS0099,8231
ATQCUS0100,7937
ATQCUS0101,6358
ATQCUS0102,6587
ATQCUS0103,4820
ATQCUS0104,4145
ATQCUS0105,7021
ATQCUS0106,2622
ATQCUS0107,5176
ATQCUS0108,6986
ATQCUS0109,13371
ATQCUS0110,7520
ATQCUS0111,18571
ATQCUS0112,8213
ATQCUS0113,2545
ATQCUS0114,5171
ATQCUS0115,7766
ATQCUS0116,8607
ATQCUS0117,6623
ATQCUS0118,6622
ATQCUS0119,9391
ATQCUS0120,6952
ATQCUS0121,5523
ATQCUS0122,3254
ATQCUS0123,8393
ATQCUS0124,11335
ATQCUS0125,23923
ATQCUS0126,38633
ATQCUS0127,28266
ATQCUS0128,45702
ATQCUS0129,19650
ATQCUS0130,22842
ATQCUS0131,44544
ATQCUS0132,16618
ATQCUS0133,26059
ATQCUS0134,32458
ATQCUS0135,15681
ATQCUS0136,24974
ATQCUS0137,30547
ATQCUS0138,29390
ATQCUS0139,6562
ATQCUS0140,18820
ATQCUS0141,18928
ATQCUS0142,25707
ATQCUS0143,32806
ATQCUS0144,40393
ATQCUS0145,17588
ATQCUS0146,31253
ATQCUS0147,18963
ATQCUS0148,17257
ATQCUS0149,41140
ATQCUS0150,37646
ATQCUS0151,26201
ATQCUS0152,19743
ATQCUS0153,23804
ATQCUS0154,30728
ATQCUS0155,19271
ATQCUS0156,29811
ATQCUS0157,31981
ATQCUS0158,23714
ATQCUS0159,36660
ATQCUS0160,32843
ATQCUS0161,14628
ATQCUS0162,20965
ATQCUS0163,36423
ATQCUS0164,23313
ATQCUS0165,20025
ATQCUS0166,33942
ATQCUS0167,18371
ATQCUS0168,35458
ATQCUS0169,26105
ATQCUS0170,48244
ATQCUS0171,21465
ATQCUS0172,22951
ATQCUS0173,12565
ATQCUS0174,16864
ATQCUS0175,10115
ATQCUS0176,13972
ATQCUS0177,13081
ATQCUS0178,18549
ATQCUS0179,11614
ATQCUS0180,4875
ATQCUS0181,10293
ATQCUS0182,11805
ATQCUS0183,17124
ATQCUS0184,14003
ATQCUS0185,16033
ATQCUS0186,18767
ATQCUS0187,13432
ATQCUS0188,12926
ATQCUS0189,18561
ATQCUS0190,14728
ATQCUS0191,17422
ATQCUS0192,7323
ATQCUS0193,12674
ATQCUS0194,11937
ATQCUS0195,11782
ATQCUS0196,18808
ATQCUS0197,20448
ATQCUS0198,10295
ATQCUS0199,11012
ATQCUS0200,7642
ATQCUS0201,9198
ATQCUS0202,9058
ATQCUS0203,11119
ATQCUS0204,8584
ATQCUS0205,15095
ATQCUS0206,11477
ATQCUS0207,11951
ATQCUS0208,15572
ATQCUS0209,7736
ATQCUS0210,14781
ATQCUS0211,16792
ATQCUS0212,22283
ATQCUS0213,13237
ATQCUS0214,21750
ATQCUS0215,18914
ATQCUS0216,22113
ATQCUS0217,19237
ATQCUS0218,13495
ATQCUS0219,32493
ATQCUS0220,17620
ATQCUS0221,12248
ATQCUS0222,11445
ATQCUS0223,26026
ATQCUS0224,21979
ATQCUS0225,21958
ATQCUS0226,19222
ATQCUS0227,11065
ATQCUS0228,20567
ATQCUS0229,24904
ATQCUS0230,14182
ATQCUS0231,14712
ATQCUS0232,19757
ATQCUS0233,10837
ATQCUS0234,29156
ATQCUS0235,12555
ATQCUS0236,11762
ATQCUS0237,17058
ATQCUS0238,19224
ATQCUS0239,10545
ATQCUS0240,7479
ATQCUS0241,13153
ATQCUS0242,17267
ATQCUS0243,36349
ATQCUS0244,16852
ATQCUS0245,18472
ATQCUS0246,5160
ATQCUS0247,22676
ATQCUS0248,17603
ATQCUS0249,12711
ATQCUS0250,19140
ATQCUS0251,30801
ATQCUS0252,12535
ATQCUS0253,14151
ATQCUS0254,16300
ATQCUS0255,16165
ATQCUS0256,19153
ATQCUS0257,17625
ATQCUS0258,13789
ATQCUS0259,10788
ATQCUS0260,8416
ATQCUS0261,12199
ATQCUS0262,12814
ATQCUS0263,11474
ATQCUS0264,7481
ATQCUS0265,13087
ATQCUS0266,12598
ATQCUS0267,15648
ATQCUS0268,13270
ATQCUS0269,11922
ATQCUS0270,6837
ATQCUS0271,15188
ATQCUS0272,9270
ATQCUS0273,9969
ATQCUS0274,7821
ATQCUS0275,10305
ATQCUS0276,11736
ATQCUS0277,11019
ATQCUS0278,21033
ATQCUS0279,19630
ATQCUS0280,6653
ATQCUS0281,11867
ATQCUS0282,10157
ATQCUS0283,14124
ATQCUS0284,10419
ATQCUS0285,7538
ATQCUS0286,14318
ATQCUS0287,6736
ATQCUS0288,15897
ATQCUS0289,13582
ATQCUS0290,9494
ATQCUS0291,16418
ATQCUS0292,8536
ATQCUS0293,18758
ATQCUS0294,15794
ATQCUS0295,6149
ATQCUS0296,11595
ATQCUS0297,10305
ATQCUS0298,4970
ATQCUS0299,11008
ATQCUS0300,7785
ATQCUS0301,9873
ATQCUS0302,14003
ATQCUS0303,9708
ATQCUS0304,11790
ATQCUS0305,11967
ATQCUS0306,11071
ATQCUS0307,10450
ATQCUS0308,20292
ATQCUS0309,17389
ATQCUS0310,13975
ATQCUS0311,14137
ATQCUS0312,18146
ATQCUS0313,17414
ATQCUS0314,12381
ATQCUS0315,13891
ATQCUS0316,29855
ATQCUS0317,16896
ATQCUS0318,15510
ATQCUS0319,17936
ATQCUS0320,34167
ATQCUS0321,17355
ATQCUS0322,25086
ATQCUS0323,18228
ATQCUS0324,27728
ATQCUS0325,33079
ATQCUS0326,20774
ATQCUS0327,16730
ATQCUS0328,7002
ATQCUS0329,30245
ATQCUS0330,23197
ATQCUS0331,25707
ATQCUS0332,24931
ATQCUS0333,24385
ATQCUS0334,21983
ATQCUS0335,22870
ATQCUS0336,32944
ATQCUS0337,41234
ATQCUS0338,43835
ATQCUS0339,28591
ATQCUS0340,22972
ATQCUS0341,24950
ATQCUS0342,15840
ATQCUS0343,25314
ATQCUS0344,28656
ATQCUS0345,31162
ATQCUS0346,21647
ATQCUS0347,29583
ATQCUS0348,16469
ATQCUS0349,18885
ATQCUS0350,23174
ATQCUS0351,33987
ATQCUS0352,17794
ATQCUS0353,25768
ATQCUS0354,14259
ATQCUS0355,29254
ATQCUS0356,19158
ATQCUS0357,20225
ATQCUS0358,21734
ATQCUS0359,30303
ATQCUS0360,27181
ATQCUS0361,11174
ATQCUS0362,13395
ATQCUS0363,13447
ATQCUS0364,11074
ATQCUS0365,8919
ATQCUS0366,19457
ATQCUS0367,12980
ATQCUS0368,8612
ATQCUS0369,10762
ATQCUS0370,7729
ATQCUS0371,17849
ATQCUS0372,7007
ATQCUS0373,10347
ATQCUS0374,6914
ATQCUS0375,19139
ATQCUS0376,10278
ATQCUS0377,15260
ATQCUS0378,10550
ATQCUS0379,14618
ATQCUS0380,17361
ATQCUS0381,14301
ATQCUS0382,12373
ATQCUS0383,10191
ATQCUS0384,10371
ATQCUS0385,12291
ATQCUS0386,8486
ATQCUS0387,6716
ATQCUS0388,10631
ATQCUS0389,11678
ATQCUS0390,16737
ATQCUS0391,25512
ATQCUS0392,23148
ATQCUS0393,22169
ATQCUS0394,20286
ATQCUS0395,19565
ATQCUS0396,19286
ATQCUS0397,16717
ATQCUS0398,24710
ATQCUS0399,14604
ATQCUS0400,19774
ATQCUS0401,15823
ATQCUS0402,18344
ATQCUS0403,7836
ATQCUS0404,8340
ATQCUS0405,14985
ATQCUS0406,14071
ATQCUS0407,19507
ATQCUS0408,13191
ATQCUS0409,24622
ATQCUS0410,17809
ATQCUS0411,18728
ATQCUS0412,18699
ATQCUS0413,19377
ATQCUS0414,21615
ATQCUS0415,18355
ATQCUS0416,13428
ATQCUS0417,11762
ATQCUS0418,12198
ATQCUS0419,16598
ATQCUS0420,9473
ATQCUS0421,3950
ATQCUS0422,8818
ATQCUS0423,10360
ATQCUS0424,12825
ATQCUS0425,9154
ATQCUS0426,11155
ATQCUS0427,8873
ATQCUS0428,13758
ATQCUS0429,11711
ATQCUS0430,10159
ATQCUS0431,9848
ATQCUS0432,6998
ATQCUS0433,9435
ATQCUS0434,14691
ATQCUS0435,8544
ATQCUS0436,10913
ATQCUS0437,14053
ATQCUS0438,12710
ATQCUS0439,11715
ATQCUS0440,14012
ATQCUS0441,11433
ATQCUS0442,15978
ATQCUS0443,9309
ATQCUS0444,10723
ATQCUS0445,6908
ATQCUS0446,10938
ATQCUS0447,10479
ATQCUS0448,16208
ATQCUS0449,8511
ATQCUS0450,7877
ATQCUS0451,11700
ATQCUS0452,10404
ATQCUS0453,11178
ATQCUS0454,16518
ATQCUS0455,12088
ATQCUS0456,7806
ATQCUS0457,16382
ATQCUS0458,24863
ATQCUS0459,16610
ATQCUS0460,16237
ATQCUS0461,13076
ATQCUS0462,22727
ATQCUS0463,26962
ATQCUS0464,24715
ATQCUS0465,22718
ATQCUS0466,18900
ATQCUS0467,11990
ATQCUS0468,13440
ATQCUS0469,34782
ATQCUS0470,20057
ATQCUS0471,8626
ATQCUS0472,20014
ATQCUS0473,19525
ATQCUS0474,17214
ATQCUS0475,16334
ATQCUS0476,23394
ATQCUS0477,36617
ATQCUS0478,20651
ATQCUS0479,18300
ATQCUS0480,19673
ATQCUS0481,14989
ATQCUS0482,23098
ATQCUS0483,24133
ATQCUS0484,14308
ATQCUS0485,28904
ATQCUS0486,12688
ATQCUS0487,31111
ATQCUS0488,14790
ATQCUS0489,33509
ATQCUS0490,16659
ATQCUS0491,11775
ATQCUS0492,5576
ATQCUS0493,10446
ATQCUS0494,8762
ATQCUS0495,11334
ATQCUS0496,7457
ATQCUS0497,12894
ATQCUS0498,9365
ATQCUS0499,15376
ATQCUS0500,16465
ATQCUS0501,17126
ATQCUS0502,13901
ATQCUS0503,11808
ATQCUS0504,9237
ATQCUS0505,8854
ATQCUS0506,12600
ATQCUS0507,13621
ATQCUS0508,8938
ATQCUS0509,9264
ATQCUS0510,7102
ATQCUS0511,12378
ATQCUS0512,16797
ATQCUS0513,12197
ATQCUS0514,6938
ATQCUS0515,13062
ATQCUS0516,8471
ATQCUS0517,18740
ATQCUS0518,13609
ATQCUS0519,17498
ATQCUS0520,8425
ATQCUS0521,14709
ATQCUS0522,21241
ATQCUS0523,21617
ATQCUS0524,22833
ATQCUS0525,13323
ATQCUS0526,9791
ATQCUS0527,6803
ATQCUS0528,17152
ATQCUS0529,18778
ATQCUS0530,9110
ATQCUS0531,8242
ATQCUS0532,17333
ATQCUS0533,35349
ATQCUS0534,21061
ATQCUS0535,18041
ATQCUS0536,16593
ATQCUS0537,23437
ATQCUS0538,14981
ATQCUS0539,16827
ATQCUS0540,10072
ATQCUS0541,6118
ATQCUS0542,12142
ATQCUS0543,10468
ATQCUS0544,10212
ATQCUS0545,9228
ATQCUS0546,10877
ATQCUS0547,9356
ATQCUS0548,11765
ATQCUS0549,8828
ATQCUS0550,10461
ATQCUS0551,7179
ATQCUS0552,18031
ATQCUS0553,8351
ATQCUS0554,4874
ATQCUS0555,16906
ATQCUS0556,9940
ATQCUS0557,13113
ATQCUS0558,12573
ATQCUS0559,5406
ATQCUS0560,13290
ATQCUS0561,6216
ATQCUS0562,11072
ATQCUS0563,13097
ATQCUS0564,8709
ATQCUS0565,7430
ATQCUS0566,13677
ATQCUS0567,6624
ATQCUS0568,10183
ATQCUS0569,13778
ATQCUS0570,15122
ATQCUS0571,7111
ATQCUS0572,8786
ATQCUS0573,12034
ATQCUS0574,11893
ATQCUS0575,9061
ATQCUS0576,10392
ATQCUS0577,11261
ATQCUS0578,12953
ATQCUS0579,16899
ATQCUS0580,8343
ATQCUS0581,7877
ATQCUS0582,11930
ATQCUS0583,9950
ATQCUS0584,7556
ATQCUS0585,9218
ATQCUS0586,13226
ATQCUS0587,6351
ATQCUS0588,10642
ATQCUS0589,6801
ATQCUS0590,14558
ATQCUS0591,9983
ATQCUS0592,15702
ATQCUS0593,11308
ATQCUS0594,9777
ATQCUS0595,4932
ATQCUS0596,8473
ATQCUS0597,16149
ATQCUS0598,18577
ATQCUS0599,17512
ATQCUS0600,31775
ATQCUS0601,14101
ATQCUS0602,19506
ATQCUS0603,14866
ATQCUS0604,17278
ATQCUS0605,18535
ATQCUS0606,12515
ATQCUS0607,9676
ATQCUS0608,6709
ATQCUS0609,13387
ATQCUS0610,9983
ATQCUS0611,13048
ATQCUS0612,12876
ATQCUS0613,17621
ATQCUS0614,16974
ATQCUS0615,15650
ATQCUS0616,11853
ATQCUS0617,8921
ATQCUS0618,20123
ATQCUS0619,11394
ATQCUS0620,15599
ATQCUS0621,12913
ATQCUS0622,14381
ATQCUS0623,17478
ATQCUS0624,17669
ATQCUS0625,9425
ATQCUS0626,18395
ATQCUS0627,17800
ATQCUS0628,18425
ATQCUS0629,13906
ATQCUS0630,17382
ATQCUS0631,14847
ATQCUS0632,21810
ATQCUS0633,9372
ATQCUS0634,14231
ATQCUS0635,11643
ATQCUS0636,21917
ATQCUS0637,17441
ATQCUS0638,15598
ATQCUS0639,10270
ATQCUS0640,14370
ATQCUS0641,9458
ATQCUS0642,6787
ATQCUS0643,9799
ATQCUS0644,5848
ATQCUS0645,7699
ATQCUS0646,7530
ATQCUS0647,7082
ATQCUS0648,8762
ATQCUS0649,8706
ATQCUS0650,5819
ATQCUS0651,9880
ATQCUS0652,5802
ATQCUS0653,6853
ATQCUS0654,10419
ATQCUS0655,5370
ATQCUS0656,7043
ATQCUS0657,7875
ATQCUS0658,10798
ATQCUS0659,6095
ATQCUS0660,5586
ATQCUS0661,6402
ATQCUS0662,4673
ATQCUS0663,4705
ATQCUS0664,8431
ATQCUS0665,4754
ATQCUS0666,8339
ATQCUS0667,8513
ATQCUS0668,8838
ATQCUS0669,8546
ATQCUS0670,6551
ATQCUS0671,8139
ATQCUS0672,7823
ATQCUS0673,6268
ATQCUS0674,4546
ATQCUS0675,6963
ATQCUS0676,6643
ATQCUS0677,4064
ATQCUS0678,7265
ATQCUS0679,7666
ATQCUS0680,13993
ATQCUS0681,9741
ATQCUS0682,7144
ATQCUS0683,9572
ATQCUS0684,15850
ATQCUS0685,10863
ATQCUS0686,14444
ATQCUS0687,8639
ATQCUS0688,7922
ATQCUS0689,13424
ATQCUS0690,15356
ATQCUS0691,12064
ATQCUS0692,12214
ATQCUS0693,10808
ATQCUS0694,6650
ATQCUS0695,10400
ATQCUS0696,6336
ATQCUS0697,8158
ATQCUS0698,13143
ATQCUS0699,15189
ATQCUS0700,9999
ATQCUS0701,4966
ATQCUS0702,9364
ATQCUS0703,8423
ATQCUS0704,9608
ATQCUS0705,9067
ATQCUS0706,9291
ATQCUS0707,8978
ATQCUS0708,17601
ATQCUS0709,6708
ATQCUS0710,8322
ATQCUS0711,4726
ATQCUS0712,9791
ATQCUS0713,7231
ATQCUS0714,3682
ATQCUS0715,5610
ATQCUS0716,6424
ATQCUS0717,8253
ATQCUS0718,7153
ATQCUS0719,7409
ATQCUS0720,7745
ATQCUS0721,9907
ATQCUS0722,3698
ATQCUS0723,5081
ATQCUS0724,11207
ATQCUS0725,4726
ATQCUS0726,4556
ATQCUS0727,9533
ATQCUS0728,1848
ATQCUS0729,10650
ATQCUS0730,3766
ATQCUS0731,8291
ATQCUS0732,6067
ATQCUS0733,5729
ATQCUS0734,7821
ATQCUS0735,9809
ATQCUS0736,6519
ATQCUS0737,12372
ATQCUS0738,9442
ATQCUS0739,9402
ATQCUS0740,7203
ATQCUS0741,7665
ATQCUS0742,6933
ATQCUS0743,9726
ATQCUS0744,4899
ATQCUS0745,8813
ATQCUS0746,9758
ATQCUS0747,5002
ATQCUS0748,6328
ATQCUS0749,5101
ATQCUS0750,9007
ATQCUS0751,6783
ATQCUS0752,5049
ATQCUS0753,6791
ATQCUS0754,10627
ATQCUS0755,9957
ATQCUS0756,5064
ATQCUS0757,6296
ATQCUS0758,8761
ATQCUS0759,7297
ATQCUS0760,7501
ATQCUS0761,6720
ATQCUS0762,4535
ATQCUS0763,8446
ATQCUS0764,7703
ATQCUS0765,6450
ATQCUS0766,5747
ATQCUS0767,6442
ATQCUS0768,6609
ATQCUS0769,9508
ATQCUS0770,13751
ATQCUS0771,18590
ATQCUS0772,16386
ATQCUS0773,9319
ATQCUS0774,21382
ATQCUS0775,11812
ATQCUS0776,15911
ATQCUS0777,19999
ATQCUS0778,25097
ATQCUS0779,24922
ATQCUS0780,15210
ATQCUS0781,16020
ATQCUS0782,21641
ATQCUS0783,18032
ATQCUS0784,15686
ATQCUS0785,14551
ATQCUS0786,23576
ATQCUS0787,23481
ATQCUS0788,19976
ATQCUS0789,14183
ATQCUS0790,18734
ATQCUS0791,21436
ATQCUS0792,14126
ATQCUS0793,22339
ATQCUS0794,25637
ATQCUS0795,11336
ATQCUS0796,13418
ATQCUS0797,18757
ATQCUS0798,13513
ATQCUS0799,16592
ATQCUS0800,10598
ATQCUS0801,11616
ATQCUS0802,6608
ATQCUS0803,12369
ATQCUS0804,9449
ATQCUS0805,6037
ATQCUS0806,11755
ATQCUS0807,9840
ATQCUS0808,14126
ATQCUS0809,8129
ATQCUS0810,5893
ATQCUS0811,9215
ATQCUS0812,12243
ATQCUS0813,7201
ATQCUS0814,4122
ATQCUS0815,6455
ATQCUS0816,9056
ATQCUS0817,7344
ATQCUS0818,10879
ATQCUS0819,9331
ATQCUS0820,14553
ATQCUS0821,12467
ATQCUS0822,9611
ATQCUS0823,11173
ATQCUS0824,9390
ATQCUS0825,16089
ATQCUS0826,19674
ATQCUS0827,15592
ATQCUS0828,16738
ATQCUS0829,11199
ATQCUS0830,6555
ATQCUS0831,11358
ATQCUS0832,20066
ATQCUS0833,13970
ATQCUS0834,18664
ATQCUS0835,7820
ATQCUS0836,14509
ATQCUS0837,11831
ATQCUS0838,17903
ATQCUS0839,7546
ATQCUS0840,15244
ATQCUS0841,12340
ATQCUS0842,12113
ATQCUS0843,10726
ATQCUS0844,10578
ATQCUS0845,13619
ATQCUS0846,15693
ATQCUS0847,19200
ATQCUS0848,13870
ATQCUS0849,7938
ATQCUS0850,11385
ATQCUS0851,24856
ATQCUS0852,7194
ATQCUS0853,8485
ATQCUS0854,5948
ATQCUS0855,9289
ATQCUS0856,13101
ATQCUS0857,3553
ATQCUS0858,9983
ATQCUS0859,10118
ATQCUS0860,6158
ATQCUS0861,5790
ATQCUS0862,6275
ATQCUS0863,12421
ATQCUS0864,10176
ATQCUS0865,9007
ATQCUS0866,10680
ATQCUS0867,4122
ATQCUS0868,10202
ATQCUS0869,7078
ATQCUS0870,3118
ATQCUS0871,6219
ATQCUS0872,6764
ATQCUS0873,8201
ATQCUS0874,10694
ATQCUS0875,5231
ATQCUS0876,7322
ATQCUS0877,10329
ATQCUS0878,9442
ATQCUS0879,7802
ATQCUS0880,5381
ATQCUS0881,5487
ATQCUS0882,11341
ATQCUS0883,8696
ATQCUS0884,6933
ATQCUS0885,7157
ATQCUS0886,4243
ATQCUS0887,10326
ATQCUS0888,7902
ATQCUS0889,9316
ATQCUS0890,30579
ATQCUS0891,25413
ATQCUS0892,32260
ATQCUS0893,30305
ATQCUS0894,21630
ATQCUS0895,24739
ATQCUS0896,25009
ATQCUS0897,14756
ATQCUS0898,23702
ATQCUS0899,27617
ATQCUS0900,33531
ATQCUS0901,28969
ATQCUS0902,36187
ATQCUS0903,46840
ATQCUS0904,30745
ATQCUS0905,24249
ATQCUS0906,24021
ATQCUS0907,27300
ATQCUS0908,21687
ATQCUS0909,24479
ATQCUS0910,38734
ATQCUS0911,20456
ATQCUS0912,34275
ATQCUS0913,27460
ATQCUS0914,31089
ATQCUS0915,22485
ATQCUS0916,37719
ATQCUS0917,20688
ATQCUS0918,27334
ATQCUS0919,32390
ATQCUS0920,16962
ATQCUS0921,21515
ATQCUS0922,33554
ATQCUS0923,16456
ATQCUS0924,31602
ATQCUS0925,34891
ATQCUS0926,18693
ATQCUS0927,27245
ATQCUS0928,32360
ATQCUS0929,25906
ATQCUS0930,34464
ATQCUS0931,21926
ATQCUS0932,39246
ATQCUS0933,23649
ATQCUS0934,35876
ATQCUS0935,29062
ATQCUS0936,14627
ATQCUS0937,31755
ATQCUS0938,22045
ATQCUS0939,25422
ATQCUS0940,21777
ATQCUS0941,32083
ATQCUS0942,21388
ATQCUS0943,20568
ATQCUS0944,29143
ATQCUS0945,34062
ATQCUS0946,26485
ATQCUS0947,30829
ATQCUS0948,24891
ATQCUS0949,12662
ATQCUS0950,15058
ATQCUS0951,18319
ATQCUS0952,15661
ATQCUS0953,13326
ATQCUS0954,17010
ATQCUS0955,14931
ATQCUS0956,16698
ATQCUS0957,17588
ATQCUS0958,9614
ATQCUS0959,22309
ATQCUS0960,13863
ATQCUS0961,19043
ATQCUS0962,16787
ATQCUS0963,17591
ATQCUS0964,14920
ATQCUS0965,19161
ATQCUS0966,14510
ATQCUS0967,13345
ATQCUS0968,7165
ATQCUS0969,15270
ATQCUS0970,9589
ATQCUS0971,13530
ATQCUS0972,17806
ATQCUS0973,13050
ATQCUS0974,17499
ATQCUS0975,5849
ATQCUS0976,16038
ATQCUS0977,21994
ATQCUS0978,10178
ATQCUS0979,14408
ATQCUS0980,14237
ATQCUS0981,16845
ATQCUS0982,16597
ATQCUS0983,15417
ATQCUS0984,15198
ATQCUS0985,9074
ATQCUS0986,11199
ATQCUS0987,17082
ATQCUS0988,30671
ATQCUS0989,12973
ATQCUS0990,23529
ATQCUS0991,16067
ATQCUS0992,12144
ATQCUS0993,10006
ATQCUS0994,9857
ATQCUS0995,16799
ATQCUS0996,28789
ATQCUS0997,17505
ATQCUS0998,25276
ATQCUS0999,20686
ATQCUS1000,23160
ATQCUS1001,17531
ATQCUS1002,13091
ATQCUS1003,12404
ATQCUS1004,18930
ATQCUS1005,16798
ATQCUS1006,16293
ATQCUS1007,12295
ATQCUS1008,33746
ATQCUS1009,10394
ATQCUS1010,13060
ATQCUS1011,18985
ATQCUS1012,28192
ATQCUS1013,24106
ATQCUS1014,18588
ATQCUS1015,14919
ATQCUS1016,14681
ATQCUS1017,12103
ATQCUS1018,22943
ATQCUS1019,14121
ATQCUS1020,13240
ATQCUS1021,11433
ATQCUS1022,17787
ATQCUS1023,6864
ATQCUS1024,13310
ATQCUS1025,24432
ATQCUS1026,18054
ATQCUS1027,13453
ATQCUS1028,11252
ATQCUS1029,8350
ATQCUS1030,12000
ATQCUS1031,11793
ATQCUS1032,11541
ATQCUS1033,11572
ATQCUS1034,14470
ATQCUS1035,14742
ATQCUS1036,21504
ATQCUS1037,9782
ATQCUS1038,9721
ATQCUS1039,6909
ATQCUS1040,11346
ATQCUS1041,10249
ATQCUS1042,15722
ATQCUS1043,7475
ATQCUS1044,10226
ATQCUS1045,8311
ATQCUS1046,13351
ATQCUS1047,8516
ATQCUS1048,18470
ATQCUS1049,12565
ATQCUS1050,8364
ATQCUS1051,12533
ATQCUS1052,12368
ATQCUS1053,13168
ATQCUS1054,13768
ATQCUS1055,13242
ATQCUS1056,15650
ATQCUS1057,8081
ATQCUS1058,17964
ATQCUS1059,24564
ATQCUS1060,7522
ATQCUS1061,11630
ATQCUS1062,8247
ATQCUS1063,9435
ATQCUS1064,9690
ATQCUS1065,22638
ATQCUS1066,23544
ATQCUS1067,29351
ATQCUS1068,25458
ATQCUS1069,20570
ATQCUS1070,22068
ATQCUS1071,35958
ATQCUS1072,16150
ATQCUS1073,32416
ATQCUS1074,23666
ATQCUS1075,23998
ATQCUS1076,19080
ATQCUS1077,22525
ATQCUS1078,23519
ATQCUS1079,27029
ATQCUS1080,26794
ATQCUS1081,28718
ATQCUS1082,20868
ATQCUS1083,28047
ATQCUS1084,26744
ATQCUS1085,21101
ATQCUS1086,30465
ATQCUS1087,30054
ATQCUS1088,16977
ATQCUS1089,32697
ATQCUS1090,26220
ATQCUS1091,38849
ATQCUS1092,24132
ATQCUS1093,29921
ATQCUS1094,27883
ATQCUS1095,28707
ATQCUS1096,25975
ATQCUS1097,29212
ATQCUS1098,22599
ATQCUS1099,27449
ATQCUS1100,24099
ATQCUS1101,25283
ATQCUS1102,31228
ATQCUS1103,19015
ATQCUS1104,21301
ATQCUS1105,20007
ATQCUS1106,17135
ATQCUS1107,19373
ATQCUS1108,20373
ATQCUS1109,14409
ATQCUS1110,15811
ATQCUS1111,10886
ATQCUS1112,16391
ATQCUS1113,10919
ATQCUS1114,14806
ATQCUS1115,14138
ATQCUS1116,9332
ATQCUS1117,10369
ATQCUS1118,7897
ATQCUS1119,15981
ATQCUS1120,15554
ATQCUS1121,8735
ATQCUS1122,20040
ATQCUS1123,12985
ATQCUS1124,8447
ATQCUS1125,17180
ATQCUS1126,8323
ATQCUS1127,15154
ATQCUS1128,10280
ATQCUS1129,8527
ATQCUS1130,9699
ATQCUS1131,16691
ATQCUS1132,8597
ATQCUS1133,10079
ATQCUS1134,20010
ATQCUS1135,15342
ATQCUS1136,10747
ATQCUS1137,14569
ATQCUS1138,14708
ATQCUS1139,15236
ATQCUS1140,12675
ATQCUS1141,22087
ATQCUS1142,14545
ATQCUS1143,30860
ATQCUS1144,15547
ATQCUS1145,13753
ATQCUS1146,23081
ATQCUS1147,28331
ATQCUS1148,22933
ATQCUS1149,10862
ATQCUS1150,21593
ATQCUS1151,22085
ATQCUS1152,18731
ATQCUS1153,17345
ATQCUS1154,20723
ATQCUS1155,17863
ATQCUS1156,17185
ATQCUS1157,15008
ATQCUS1158,12268
ATQCUS1159,19186
ATQCUS1160,20042
ATQCUS1161,8848
ATQCUS1162,22552
ATQCUS1163,8568
ATQCUS1164,10295
ATQCUS1165,16271
ATQCUS1166,17982
ATQCUS1167,9330
ATQCUS1168,13885
ATQCUS1169,12104
ATQCUS1170,14181
ATQCUS1171,10995
ATQCUS1172,8853
ATQCUS1173,9012
ATQCUS1174,7710
ATQCUS1175,12118
ATQCUS1176,14492
ATQCUS1177,12967
ATQCUS1178,11755
ATQCUS1179,12349
ATQCUS1180,11686
ATQCUS1181,13237
ATQCUS1182,6290
ATQCUS1183,12255
ATQCUS1184,10444
ATQCUS1185,7788
ATQCUS1186,13211
ATQCUS1187,17096
ATQCUS1188,11272
ATQCUS1189,11486
ATQCUS1190,16578
ATQCUS1191,11654
ATQCUS1192,15523
ATQCUS1193,8320
ATQCUS1194,12959
ATQCUS1195,7817
ATQCUS1196,14448
ATQCUS1197,10323
ATQCUS1198,15233
ATQCUS1199,14342
ATQCUS1200,13733
ATQCUS1201,13076
ATQCUS1202,9191
ATQCUS1203,9892
ATQCUS1204,15519
ATQCUS1205,8317
ATQCUS1206,19901
ATQCUS1207,11058
ATQCUS1208,11221
ATQCUS1209,11738
ATQCUS1210,17835
ATQCUS1211,8567
ATQCUS1212,18990
ATQCUS1213,29803
ATQCUS1214,20959
ATQCUS1215,20589
ATQCUS1216,16394
ATQCUS1217,16606
ATQCUS1218,23846
ATQCUS1219,13793
ATQCUS1220,34071
ATQCUS1221,16698
ATQCUS1222,18996
ATQCUS1223,30350
ATQCUS1224,27317
ATQCUS1225,26931
ATQCUS1226,19898
ATQCUS1227,24403
ATQCUS1228,26480
ATQCUS1229,27758
ATQCUS1230,27673
ATQCUS1231,15463
ATQCUS1232,12377
ATQCUS1233,22752
ATQCUS1234,21639
ATQCUS1235,16861
ATQCUS1236,28987
ATQCUS1237,39213
ATQCUS1238,22390
ATQCUS1239,31725
ATQCUS1240,21305
ATQCUS1241,21795
ATQCUS1242,15442
ATQCUS1243,35636
ATQCUS1244,22725
ATQCUS1245,21107
ATQCUS1246,17912
ATQCUS1247,21188
ATQCUS1248,30754
ATQCUS1249,24254
ATQCUS1250,19714
ATQCUS1251,17682
ATQCUS1252,8130
ATQCUS1253,7648
ATQCUS1254,7859
ATQCUS1255,14882
ATQCUS1256,13139
ATQCUS1257,19379
ATQCUS1258,12652
ATQCUS1259,10795
ATQCUS1260,4749
ATQCUS1261,8166
ATQCUS1262,13168
ATQCUS1263,15105
ATQCUS1264,19180
ATQCUS1265,11209
ATQCUS1266,8664
ATQCUS1267,13014
ATQCUS1268,12248
ATQCUS1269,14478
ATQCUS1270,6612
ATQCUS1271,8760
ATQCUS1272,11856
ATQCUS1273,10288
ATQCUS1274,16199
ATQCUS1275,18648
ATQCUS1276,12215
ATQCUS1277,18650
ATQCUS1278,19487
ATQCUS1279,14569
ATQCUS1280,20877
ATQCUS1281,12816
ATQCUS1282,11543
ATQCUS1283,26182
ATQCUS1284,19620
ATQCUS1285,22819
ATQCUS1286,15632
ATQCUS1287,21726
ATQCUS1288,19234
ATQCUS1289,9291
ATQCUS1290,11507
ATQCUS1291,9723
ATQCUS1292,7866
ATQCUS1293,13045
ATQCUS1294,9951
ATQCUS1295,13807
ATQCUS1296,6409
ATQCUS1297,13411
ATQCUS1298,13490
ATQCUS1299,14029
ATQCUS1300,8982
ATQCUS1301,9293
ATQCUS1302,7163
ATQCUS1303,11089
ATQCUS1304,9304
ATQCUS1305,4893
ATQCUS1306,8668
ATQCUS1307,13302
ATQCUS1308,6622
ATQCUS1309,3063
ATQCUS1310,12940
ATQCUS1311,16989
ATQCUS1312,9392
ATQCUS1313,8170
ATQCUS1314,11131
ATQCUS1315,11759
ATQCUS1316,13839
ATQCUS1317,13021
ATQCUS1318,13954
ATQCUS1319,8132
ATQCUS1320,11830
ATQCUS1321,11247
ATQCUS1322,13258
ATQCUS1323,13420
ATQCUS1324,8891
ATQCUS1325,7048
ATQCUS1326,7563
ATQCUS1327,9656
ATQCUS1328,13584
ATQCUS1329,15863
ATQCUS1330,8537
ATQCUS1331,5471
ATQCUS1332,11334
ATQCUS1333,18404
ATQCUS1334,17145
ATQCUS1335,9621
ATQCUS1336,12304
ATQCUS1337,11011
ATQCUS1338,12237
ATQCUS1339,16509
ATQCUS1340,10771
ATQCUS1341,10056
ATQCUS1342,9777
ATQCUS1343,15140
ATQCUS1344,16949
ATQCUS1345,18028
ATQCUS1346,17968
ATQCUS1347,20798
ATQCUS1348,23315
ATQCUS1349,13592
ATQCUS1350,14418
ATQCUS1351,21033
ATQCUS1352,17654
ATQCUS1353,17009
ATQCUS1354,9577
ATQCUS1355,19984
ATQCUS1356,11685
ATQCUS1357,10103
ATQCUS1358,13675
ATQCUS1359,10671
ATQCUS1360,18962
ATQCUS1361,11836
ATQCUS1362,15650
ATQCUS1363,17704
ATQCUS1364,15150
ATQCUS1365,16939
ATQCUS1366,21576
ATQCUS1367,24377
ATQCUS1368,10059
ATQCUS1369,24501
ATQCUS1370,18032
ATQCUS1371,13238
ATQCUS1372,18166
ATQCUS1373,19313
ATQCUS1374,22139
ATQCUS1375,28011
ATQCUS1376,11833
ATQCUS1377,18586
ATQCUS1378,16566
ATQCUS1379,12086
ATQCUS1380,11273
ATQCUS1381,13173
ATQCUS1382,22581
ATQCUS1383,28308
ATQCUS1384,21853
ATQCUS1385,15612
ATQCUS1386,9321
ATQCUS1387,20273
ATQCUS1388,15477
ATQCUS1389,16330
ATQCUS1390,11616
ATQCUS1391,21980
ATQCUS1392,10003
ATQCUS1393,7769
ATQCUS1394,7777
ATQCUS1395,6865
ATQCUS1396,7164
ATQCUS1397,13240
ATQCUS1398,5756
ATQCUS1399,8961
ATQCUS1400,6942
ATQCUS1401,6839
ATQCUS1402,8445
ATQCUS1403,7869
ATQCUS1404,7619
ATQCUS1405,4247
ATQCUS1406,7026
ATQCUS1407,10927
ATQCUS1408,7091
ATQCUS1409,7004
ATQCUS1410,8401
ATQCUS1411,11435
ATQCUS1412,8968
ATQCUS1413,5928
ATQCUS1414,13229
ATQCUS1415,10996
ATQCUS1416,5894
ATQCUS1417,6588
ATQCUS1418,11469
ATQCUS1419,8553
ATQCUS1420,9357
ATQCUS1421,9700
ATQCUS1422,7921
ATQCUS1423,7414
ATQCUS1424,7501
ATQCUS1425,8573
ATQCUS1426,3920
ATQCUS1427,7717
ATQCUS1428,6602
ATQCUS1429,5713
ATQCUS1430,10536
ATQCUS1431,6356
ATQCUS1432,7993
ATQCUS1433,9630
ATQCUS1434,9110
ATQCUS1435,9685
ATQCUS1436,5323
ATQCUS1437,7874
ATQCUS1438,8769
ATQCUS1439,9545
ATQCUS1440,6028
ATQCUS1441,16849
ATQCUS1442,7538
ATQCUS1443,18734
ATQCUS1444,10384
ATQCUS1445,11243
ATQCUS1446,18975
ATQCUS1447,10609
ATQCUS1448,7211
ATQCUS1449,7317
ATQCUS1450,19381
ATQCUS1451,11256
ATQCUS1452,9789
ATQCUS1453,8665
ATQCUS1454,11685
ATQCUS1455,7332
ATQCUS1456,12687
ATQCUS1457,13836
ATQCUS1458,4863
ATQCUS1459,14713
ATQCUS1460,12179
ATQCUS1461,10753
ATQCUS1462,11004
ATQCUS1463,16198
ATQCUS1464,3212
ATQCUS1465,12315
ATQCUS1466,9774
ATQCUS1467,10361
ATQCUS1468,8390
ATQCUS1469,11476
ATQCUS1470,6647
ATQCUS1471,10621
ATQCUS1472,6950
ATQCUS1473,10968
ATQCUS1474,8158
ATQCUS1475,7662
ATQCUS1476,6268
ATQCUS1477,7411
ATQCUS1478,9923
ATQCUS1479,10208
ATQCUS1480,6411
ATQCUS1481,10147
ATQCUS1482,10442
ATQCUS1483,10317
ATQCUS1484,10617
ATQCUS1485,12660
ATQCUS1486,6469
ATQCUS1487,7065
ATQCUS1488,3517
ATQCUS1489,7121
ATQCUS1490,5907
ATQCUS1491,8420
ATQCUS1492,4754
ATQCUS1493,6364
ATQCUS1494,8296
ATQCUS1495,8829
ATQCUS1496,7850
ATQCUS1497,11958
ATQCUS1498,8010
ATQCUS1499,5167
ATQCUS1500,5749
ATQCUS1501,6466
ATQCUS1502,5617
ATQCUS1503,8079
ATQCUS1504,9888
ATQCUS1505,7988
ATQCUS1506,10430
ATQCUS1507,7306
ATQCUS1508,9015
ATQCUS1509,7683
ATQCUS1510,7751
ATQCUS1511,7352
ATQCUS1512,8588
ATQCUS1513,6397
ATQCUS1514,10476
ATQCUS1515,9969
ATQCUS1516,8377
ATQCUS1517,7777
ATQCUS1518,8529
ATQCUS1519,7736
ATQCUS1520,6311
ATQCUS1521,9845
ATQCUS1522,10181
ATQCUS1523,25120
ATQCUS1524,25649
ATQCUS1525,17795
ATQCUS1526,21508
ATQCUS1527,37431
ATQCUS1528,19963
ATQCUS1529,17921
ATQCUS1530,22064
ATQCUS1531,27526
ATQCUS1532,23086
ATQCUS1533,16650
ATQCUS1534,20575
ATQCUS1535,21975
ATQCUS1536,18290
ATQCUS1537,17564
ATQCUS1538,18754
ATQCUS1539,19631
ATQCUS1540,25068
ATQCUS1541,15371
ATQCUS1542,21399
ATQCUS1543,25459
ATQCUS1544,9743
ATQCUS1545,23388
ATQCUS1546,10812
ATQCUS1547,22716
ATQCUS1548,25778
ATQCUS1549,12856
ATQCUS1550,19918
ATQCUS1551,18421
ATQCUS1552,17949
ATQCUS1553,9615
ATQCUS1554,8079
ATQCUS1555,14838
ATQCUS1556,16020
ATQCUS1557,7754
ATQCUS1558,14754
ATQCUS1559,12006
ATQCUS1560,13887
ATQCUS1561,9166
ATQCUS1562,10083
ATQCUS1563,9364
ATQCUS1564,9753
ATQCUS1565,8694
ATQCUS1566,13620
ATQCUS1567,14823
ATQCUS1568,8191
ATQCUS1569,9725
ATQCUS1570,11620
ATQCUS1571,7179
ATQCUS1572,18906
ATQCUS1573,14313
ATQCUS1574,11760
ATQCUS1575,13343
ATQCUS1576,10898
ATQCUS1577,14362
ATQCUS1578,19039
ATQCUS1579,10118
ATQCUS1580,11628
ATQCUS1581,15385
ATQCUS1582,12597
ATQCUS1583,8221
ATQCUS1584,14407
ATQCUS1585,18356
ATQCUS1586,16216
ATQCUS1587,18156
ATQCUS1588,14484
ATQCUS1589,16319
ATQCUS1590,10660
ATQCUS1591,13741
ATQCUS1592,12521
ATQCUS1593,13998
ATQCUS1594,17697
ATQCUS1595,22103
ATQCUS1596,17817
ATQCUS1597,13223
ATQCUS1598,7974
ATQCUS1599,11641
ATQCUS1600,8347
ATQCUS1601,9356
ATQCUS1602,9902
ATQCUS1603,5027
ATQCUS1604,9664
ATQCUS1605,13195
ATQCUS1606,5276
ATQCUS1607,9855
ATQCUS1608,10659
ATQCUS1609,9500
ATQCUS1610,10425
ATQCUS1611,9277
ATQCUS1612,11256
ATQCUS1613,11029
ATQCUS1614,7801
ATQCUS1615,12880
ATQCUS1616,7369
ATQCUS1617,11352
ATQCUS1618,9153
ATQCUS1619,10665
ATQCUS1620,7936
ATQCUS1621,10098
ATQCUS1622,9195
ATQCUS1623,9888
ATQCUS1624,4627
ATQCUS1625,10586
ATQCUS1626,7700
ATQCUS1627,7538
ATQCUS1628,12509
ATQCUS1629,8299
ATQCUS1630,8037
ATQCUS1631,10123
ATQCUS1632,5896
ATQCUS1633,6093
ATQCUS1634,9203
ATQCUS1635,12545
ATQCUS1636,7087
ATQCUS1637,6641
ATQCUS1638,6258
ATQCUS1639,9417
ATQCUS1640,13707
ATQCUS1641,8937
ATQCUS1642,12603
ATQCUS1643,9345
ATQCUS1644,10609
ATQCUS1645,10375
ATQCUS1646,10712
ATQCUS1647,8494
ATQCUS1648,8953
ATQCUS1649,14266
ATQCUS1650,10828
ATQCUS1651,47035
ATQCUS1652,16662
ATQCUS1653,16633
ATQCUS1654,20241
ATQCUS1655,22776
ATQCUS1656,26986
ATQCUS1657,18658
ATQCUS1658,22687
ATQCUS1659,28623
ATQCUS1660,31610
ATQCUS1661,26284
ATQCUS1662,15418
ATQCUS1663,29223
ATQCUS1664,21441
ATQCUS1665,22776
ATQCUS1666,30960
ATQCUS1667,36320
ATQCUS1668,31578
ATQCUS1669,9671
ATQCUS1670,16310
ATQCUS1671,11024
ATQCUS1672,10589
ATQCUS1673,11300
ATQCUS1674,16577
ATQCUS1675,13286
ATQCUS1676,9292
ATQCUS1677,8798
ATQCUS1678,13255
ATQCUS1679,14778
ATQCUS1680,12902
ATQCUS1681,19000
ATQCUS1682,9482
ATQCUS1683,13850
ATQCUS1684,15609
ATQCUS1685,15911
ATQCUS1686,16124
ATQCUS1687,17346
ATQCUS1688,14100
ATQCUS1689,19974
ATQCUS1690,20143
ATQCUS1691,16115
ATQCUS1692,7284
ATQCUS1693,19295
ATQCUS1694,26244
ATQCUS1695,8958
ATQCUS1696,13766
ATQCUS1697,23430
ATQCUS1698,22865
ATQCUS1699,12702
ATQCUS1700,21476
ATQCUS1701,8434
ATQCUS1702,29150
ATQCUS1703,15390
ATQCUS1704,10203
ATQCUS1705,15979
ATQCUS1706,17890
ATQCUS1707,9857
ATQCUS1708,24676
ATQCUS1709,23524
ATQCUS1710,18592
ATQCUS1711,10092
ATQCUS1712,10905
ATQCUS1713,12735
ATQCUS1714,10948
ATQCUS1715,12984
ATQCUS1716,13326
ATQCUS1717,11595
ATQCUS1718,16413
ATQCUS1719,20155
ATQCUS1720,14459
ATQCUS1721,9912
ATQCUS1722,8018
ATQCUS1723,8826
ATQCUS1724,10442
ATQCUS1725,11186
ATQCUS1726,14589
ATQCUS1727,8085
ATQCUS1728,6767
ATQCUS1729,13083
ATQCUS1730,16215
ATQCUS1731,8029
ATQCUS1732,9845
ATQCUS1733,11579
ATQCUS1734,11829
ATQCUS1735,8793
ATQCUS1736,10669
ATQCUS1737,10170
ATQCUS1738,16015
ATQCUS1739,9453
ATQCUS1740,8673
ATQCUS1741,10260
ATQCUS1742,12185
ATQCUS1743,14920
ATQCUS1744,9882
ATQCUS1745,12762
ATQCUS1746,4427
ATQCUS1747,18648
ATQCUS1748,32972
ATQCUS1749,13364
ATQCUS1750,15783
ATQCUS1751,32311
ATQCUS1752,21077
ATQCUS1753,16397
ATQCUS1754,27492
ATQCUS1755,15795
ATQCUS1756,11048
ATQCUS1757,19759
ATQCUS1758,14410
ATQCUS1759,23361
ATQCUS1760,22333
ATQCUS1761,19707
ATQCUS1762,15657
ATQCUS1763,16151
ATQCUS1764,9449
ATQCUS1765,12317
ATQCUS1766,12563
ATQCUS1767,13289
ATQCUS1768,11469
ATQCUS1769,11929
ATQCUS1770,7850
ATQCUS1771,6619
ATQCUS1772,8520
ATQCUS1773,9247
ATQCUS1774,10638
ATQCUS1775,13004
ATQCUS1776,9939
ATQCUS1777,14953
ATQCUS1778,10094
ATQCUS1779,19244
ATQCUS1780,15423
ATQCUS1781,9648
ATQCUS1782,11420
ATQCUS1783,16720
ATQCUS1784,13259
ATQCUS1785,13471
ATQCUS1786,22440
ATQCUS1787,13234
ATQCUS1788,12324
ATQCUS1789,17911
ATQCUS1790,10014
ATQCUS1791,18334
ATQCUS1792,12629
ATQCUS1793,15860
ATQCUS1794,9708
ATQCUS1795,10395
ATQCUS1796,5500
ATQCUS1797,10566
ATQCUS1798,11473
ATQCUS1799,8254
ATQCUS1800,5175
ATQCUS1801,9518
ATQCUS1802,8566
ATQCUS1803,10771
ATQCUS1804,6670
ATQCUS1805,12809
ATQCUS1806,13086
ATQCUS1807,11723
ATQCUS1808,10874
ATQCUS1809,12040
ATQCUS1810,8495
ATQCUS1811,24765
ATQCUS1812,19376
ATQCUS1813,15765
ATQCUS1814,19287
ATQCUS1815,17377
ATQCUS1816,14985
ATQCUS1817,21577
ATQCUS1818,14130
ATQCUS1819,20250
ATQCUS1820,16625
ATQCUS1821,12919
ATQCUS1822,16072
ATQCUS1823,22292
ATQCUS1824,12054
ATQCUS1825,8654
ATQCUS1826,12109
ATQCUS1827,21826
ATQCUS1828,16068
ATQCUS1829,16045
ATQCUS1830,22959
ATQCUS1831,11135
ATQCUS1832,7218
ATQCUS1833,6755
ATQCUS1834,10798
ATQCUS1835,7697
ATQCUS1836,5708
ATQCUS1837,6168
ATQCUS1838,14374
ATQCUS1839,12465
ATQCUS1840,9731
ATQCUS1841,8541
ATQCUS1842,13251
ATQCUS1843,10357
ATQCUS1844,12508
ATQCUS1845,11527
ATQCUS1846,17171
ATQCUS1847,8622
ATQCUS1848,14122
ATQCUS1849,8956
ATQCUS1850,16400
ATQCUS1851,17978
ATQCUS1852,11868
ATQCUS1853,12981
ATQCUS1854,22446
ATQCUS1855,8493
ATQCUS1856,22761
ATQCUS1857,7916
ATQCUS1858,18886
ATQCUS1859,17961
ATQCUS1860,12183
ATQCUS1861,20387
ATQCUS1862,8001
ATQCUS1863,15845
ATQCUS1864,12697
ATQCUS1865,7603
ATQCUS1866,9638
ATQCUS1867,16307
ATQCUS1868,19025
ATQCUS1869,18764
ATQCUS1870,12228
ATQCUS1871,8625
ATQCUS1872,10817
ATQCUS1873,13686
ATQCUS1874,11465
ATQCUS1875,11964
ATQCUS1876,5616
ATQCUS1877,6185
ATQCUS1878,10934
ATQCUS1879,13314
ATQCUS1880,12990
ATQCUS1881,6153
ATQCUS1882,6848
ATQCUS1883,7595
ATQCUS1884,12117
ATQCUS1885,10831
ATQCUS1886,7861
ATQCUS1887,11399
ATQCUS1888,12132
ATQCUS1889,6631
ATQCUS1890,9912
ATQCUS1891,10726
ATQCUS1892,9607
ATQCUS1893,10659
ATQCUS1894,5700
ATQCUS1895,10146
ATQCUS1896,14118
ATQCUS1897,10182
ATQCUS1898,6601
ATQCUS1899,9476
ATQCUS1900,9717
ATQCUS1901,11391
ATQCUS1902,19871
ATQCUS1903,12404
ATQCUS1904,15399
ATQCUS1905,10354
ATQCUS1906,14519
ATQCUS1907,13904
ATQCUS1908,15311
ATQCUS1909,13863
ATQCUS1910,11971
ATQCUS1911,13081
ATQCUS1912,16233
ATQCUS1913,12168
ATQCUS1914,12992
ATQCUS1915,21644
ATQCUS1916,5631
ATQCUS1917,8276
ATQCUS1918,6004
ATQCUS1919,4909
ATQCUS1920,6851
ATQCUS1921,3991
ATQCUS1922,3691
ATQCUS1923,3263
ATQCUS1924,3756
ATQCUS1925,8261
ATQCUS1926,9548
ATQCUS1927,12601
ATQCUS1928,9878
ATQCUS1929,10564
ATQCUS1930,13953
ATQCUS1931,9467
ATQCUS1932,6743
ATQCUS1933,9157
ATQCUS1934,12273
ATQCUS1935,5999
ATQCUS1936,9571
ATQCUS1937,9506
ATQCUS1938,8767
ATQCUS1939,14486
ATQCUS1940,10017
ATQCUS1941,6368
ATQCUS1942,5201
ATQCUS1943,8936
ATQCUS1944,8372
ATQCUS1945,4930
ATQCUS1946,6327
ATQCUS1947,6550
ATQCUS1948,5996
ATQCUS1949,8127
ATQCUS1950,7575
ATQCUS1951,6704
ATQCUS1952,7060
ATQCUS1953,12942
ATQCUS1954,12412
ATQCUS1955,15065
ATQCUS1956,17473
ATQCUS1957,19878
ATQCUS1958,27394
ATQCUS1959,8608
ATQCUS1960,16453
ATQCUS1961,10253
ATQCUS1962,15031
ATQCUS1963,9457
ATQCUS1964,9308
ATQCUS1965,8705
ATQCUS1966,2148
ATQCUS1967,11503
ATQCUS1968,8784
ATQCUS1969,8628
ATQCUS1970,6520
ATQCUS1971,6516
ATQCUS1972,7412
ATQCUS1973,11571
ATQCUS1974,14818
ATQCUS1975,10054
ATQCUS1976,9396
ATQCUS1977,12965
ATQCUS1978,11968
ATQCUS1979,8676
ATQCUS1980,10260
ATQCUS1981,11360
ATQCUS1982,14089
ATQCUS1983,4585
ATQCUS1984,13235
ATQCUS1985,10355
ATQCUS1986,12414
ATQCUS1987,8104
ATQCUS1988,9187
ATQCUS1989,7131
ATQCUS1990,6179
ATQCUS1991,6605
ATQCUS1992,7381
ATQCUS1993,9689
ATQCUS1994,11355
ATQCUS1995,6471
ATQCUS1996,5251
ATQCUS1997,8858
ATQCUS1998,3398
ATQCUS1999,9994
ATQCUS2000,10832
ATQCUS2001,10516
ATQCUS2002,11642
ATQCUS2003,17014
ATQCUS2004,13914
ATQCUS2005,26662
ATQCUS2006,12501
ATQCUS2007,7534
ATQCUS2008,16840
ATQCUS2009,10265
ATQCUS2010,21748
ATQCUS2011,23565
ATQCUS2012,7211
ATQCUS2013,15349
ATQCUS2014,5336
ATQCUS2015,5702
ATQCUS2016,7432
ATQCUS2017,6605
ATQCUS2018,9945
ATQCUS2019,3059
ATQCUS2020,9651
ATQCUS2021,7766
ATQCUS2022,15681
ATQCUS2023,6784
ATQCUS2024,3980
ATQCUS2025,5423
ATQCUS2026,7182
ATQCUS2027,5531
ATQCUS2028,13823
ATQCUS2029,14368
ATQCUS2030,11474
ATQCUS2031,6129
ATQCUS2032,14719
ATQCUS2033,6606
ATQCUS2034,5262
ATQCUS2035,7512
ATQCUS2036,3952
ATQCUS2037,5585
ATQCUS2038,11659
ATQCUS2039,6072
ATQCUS2040,4855
ATQCUS2041,5069
ATQCUS2042,11142
ATQCUS2043,13561
ATQCUS2044,14101
ATQCUS2045,15662
ATQCUS2046,12150
ATQCUS2047,13390
ATQCUS2048,6397
ATQCUS2049,7917
ATQCUS2050,5278
ATQCUS2051,11781
ATQCUS2052,5816
ATQCUS2053,4972
ATQCUS2054,5836
ATQCUS2055,7650
ATQCUS2056,6095
ATQCUS2057,8898
ATQCUS2058,10342
ATQCUS2059,4591
ATQCUS2060,2637
ATQCUS2061,3680
ATQCUS2062,5794
ATQCUS2063,3050
ATQCUS2064,4729
ATQCUS2065,5098
ATQCUS2066,3411
ATQCUS2067,3087
ATQCUS2068,4238
ATQCUS2069,10688
ATQCUS2070,4956
ATQCUS2071,6873
ATQCUS2072,11349
ATQCUS2073,12282
ATQCUS2074,6069
ATQCUS2075,6009
ATQCUS2076,9565
ATQCUS2077,4460
ATQCUS2078,3901
ATQCUS2079,31317
ATQCUS2080,24915
ATQCUS2081,20518
ATQCUS2082,26188
ATQCUS2083,21146
ATQCUS2084,29028
ATQCUS2085,19240
ATQCUS2086,26573
ATQCUS2087,16757
ATQCUS2088,26507
ATQCUS2089,30678
ATQCUS2090,18784
ATQCUS2091,27818
ATQCUS2092,14913
ATQCUS2093,20040
ATQCUS2094,13954
ATQCUS2095,29624
ATQCUS2096,11629
ATQCUS2097,12503
ATQCUS2098,15557
ATQCUS2099,19352
ATQCUS2100,20463
ATQCUS2101,21821
ATQCUS2102,15992
ATQCUS2103,22542
ATQCUS2104,13868
ATQCUS2105,15343
ATQCUS2106,16059
ATQCUS2107,17581
ATQCUS2108,31379
ATQCUS2109,17065
ATQCUS2110,26450
ATQCUS2111,18360
ATQCUS2112,19757
ATQCUS2113,27716
ATQCUS2114,21457
ATQCUS2115,16315
ATQCUS2116,6676
ATQCUS2117,12450
ATQCUS2118,13509
ATQCUS2119,13136
ATQCUS2120,12804
ATQCUS2121,9499
ATQCUS2122,11827
ATQCUS2123,10894
ATQCUS2124,11700
ATQCUS2125,9976
ATQCUS2126,10183
ATQCUS2127,10532
ATQCUS2128,8633
ATQCUS2129,13708
ATQCUS2130,12310
ATQCUS2131,9233
ATQCUS2132,9550
ATQCUS2133,14350
ATQCUS2134,13274
ATQCUS2135,24177
ATQCUS2136,6141
ATQCUS2137,12291
ATQCUS2138,11410
ATQCUS2139,8515
ATQCUS2140,13231
ATQCUS2141,7415
ATQCUS2142,16823
ATQCUS2143,14602
ATQCUS2144,11212
ATQCUS2145,20143
ATQCUS2146,20398
ATQCUS2147,12168
ATQCUS2148,14533
ATQCUS2149,26405
ATQCUS2150,12950
ATQCUS2151,17425
ATQCUS2152,14855
ATQCUS2153,10056
ATQCUS2154,11128
ATQCUS2155,9138
ATQCUS2156,8522
ATQCUS2157,7607
ATQCUS2158,6471
ATQCUS2159,9809
ATQCUS2160,11216
ATQCUS2161,10687
ATQCUS2162,10249
ATQCUS2163,9210
ATQCUS2164,12944
ATQCUS2165,9271
ATQCUS2166,7741
ATQCUS2167,11546
ATQCUS2168,14255
ATQCUS2169,10632
ATQCUS2170,10497
ATQCUS2171,6450
ATQCUS2172,7396
ATQCUS2173,10547
ATQCUS2174,8639
ATQCUS2175,10323
ATQCUS2176,14276
ATQCUS2177,13401
ATQCUS2178,12113
ATQCUS2179,10237
ATQCUS2180,10117
ATQCUS2181,14575
ATQCUS2182,15048
ATQCUS2183,20544
ATQCUS2184,30081
ATQCUS2185,13060
ATQCUS2186,21205
ATQCUS2187,18366
ATQCUS2188,9249
ATQCUS2189,16979
ATQCUS2190,18857
ATQCUS2191,13248
ATQCUS2192,11540
ATQCUS2193,13975
ATQCUS2194,29604
ATQCUS2195,21917
ATQCUS2196,29519
ATQCUS2197,18517
ATQCUS2198,21228
ATQCUS2199,21261
ATQCUS2200,14732
ATQCUS2201,22036
ATQCUS2202,16279
ATQCUS2203,17375
ATQCUS2204,19969
ATQCUS2205,12167
ATQCUS2206,28832
ATQCUS2207,24043
ATQCUS2208,24573
ATQCUS2209,24809
ATQCUS2210,15814
ATQCUS2211,12064
ATQCUS2212,13560
ATQCUS2213,20272
ATQCUS2214,18139
ATQCUS2215,20105
ATQCUS2216,7501
ATQCUS2217,15479
ATQCUS2218,21762
ATQCUS2219,28468
ATQCUS2220,25403
ATQCUS2221,10113
ATQCUS2222,10672
ATQCUS2223,15179
ATQCUS2224,5809
ATQCUS2225,7833
ATQCUS2226,10328
ATQCUS2227,8637
ATQCUS2228,8175
ATQCUS2229,7289
ATQCUS2230,9915
ATQCUS2231,9760
ATQCUS2232,9425
ATQCUS2233,10435
ATQCUS2234,13852
ATQCUS2235,9231
ATQCUS2236,7806
ATQCUS2237,8566
ATQCUS2238,6422
ATQCUS2239,10017
ATQCUS2240,10581
ATQCUS2241,9366
ATQCUS2242,7403
ATQCUS2243,13321
ATQCUS2244,21230
ATQCUS2245,18415
ATQCUS2246,9257
ATQCUS2247,18442
ATQCUS2248,13365
ATQCUS2249,13259
ATQCUS2250,13455
ATQCUS2251,8419
ATQCUS2252,13358
ATQCUS2253,12770
ATQCUS2254,5422
ATQCUS2255,6537
ATQCUS2256,5738
ATQCUS2257,9783
ATQCUS2258,9811
ATQCUS2259,7938
ATQCUS2260,9785
ATQCUS2261,12047
ATQCUS2262,7930
ATQCUS2263,7782
ATQCUS2264,8115
ATQCUS2265,12754
ATQCUS2266,8071
ATQCUS2267,10246
ATQCUS2268,7392
ATQCUS2269,6814
ATQCUS2270,10645
ATQCUS2271,10222
ATQCUS2272,13100
ATQCUS2273,18853
ATQCUS2274,31511
ATQCUS2275,20549
ATQCUS2276,15521
ATQCUS2277,14589
ATQCUS2278,12306
ATQCUS2279,15521
ATQCUS2280,14621
ATQCUS2281,13860
ATQCUS2282,21384
ATQCUS2283,25003
ATQCUS2284,19173
ATQCUS2285,22629
ATQCUS2286,14637
ATQCUS2287,12284
ATQCUS2288,19866
ATQCUS2289,13860
ATQCUS2290,13865
ATQCUS2291,13630
ATQCUS2292,7612
ATQCUS2293,21027
ATQCUS2294,38712
ATQCUS2295,10904
ATQCUS2296,21933
ATQCUS2297,17850
ATQCUS2298,16206
ATQCUS2299,10834
ATQCUS2300,12901
ATQCUS2301,10492
ATQCUS2302,13209
ATQCUS2303,14551
ATQCUS2304,7798
ATQCUS2305,13127
ATQCUS2306,4646
ATQCUS2307,14030
ATQCUS2308,12429
ATQCUS2309,8231
ATQCUS2310,9767
ATQCUS2311,7084
ATQCUS2312,7864
ATQCUS2313,11140
ATQCUS2314,9553
ATQCUS2315,8570
ATQCUS2316,12627
ATQCUS2317,10720
ATQCUS2318,9181
ATQCUS2319,14092
ATQCUS2320,11910
ATQCUS2321,16673
ATQCUS2322,13566
ATQCUS2323,11853
ATQCUS2324,9083
ATQCUS2325,7981
ATQCUS2326,13931
ATQCUS2327,4808
ATQCUS2328,8306
ATQCUS2329,10526
ATQCUS2330,12971
ATQCUS2331,11871
ATQCUS2332,5859
ATQCUS2333,10062
ATQCUS2334,6280
ATQCUS2335,8221
ATQCUS2336,11966
ATQCUS2337,8140
ATQCUS2338,9223
ATQCUS2339,8925
ATQCUS2340,8770
ATQCUS2341,8587
ATQCUS2342,8774
ATQCUS2343,8805
ATQCUS2344,8845
ATQCUS2345,6735
ATQCUS2346,18715
ATQCUS2347,4848
ATQCUS2348,7805
ATQCUS2349,11310
ATQCUS2350,11955
ATQCUS2351,5186
ATQCUS2352,17413
ATQCUS2353,14002
ATQCUS2354,12033
ATQCUS2355,11229
ATQCUS2356,16746
ATQCUS2357,7147
ATQCUS2358,14167
ATQCUS2359,17117
ATQCUS2360,14860
ATQCUS2361,20061
ATQCUS2362,11289
ATQCUS2363,12220
ATQCUS2364,13294
ATQCUS2365,10507
ATQCUS2366,14533
ATQCUS2367,13747
ATQCUS2368,15074
ATQCUS2369,11094
ATQCUS2370,8499
ATQCUS2371,11318
ATQCUS2372,9933
ATQCUS2373,12403
ATQCUS2374,9619
ATQCUS2375,7643
ATQCUS2376,10966
ATQCUS2377,15424
ATQCUS2378,8676
ATQCUS2379,10881
ATQCUS2380,9685
ATQCUS2381,12205
ATQCUS2382,17505
ATQCUS2383,11215
ATQCUS2384,17908
ATQCUS2385,11109
ATQCUS2386,13597
ATQCUS2387,10356
ATQCUS2388,7369
ATQCUS2389,12332
ATQCUS2390,5052
ATQCUS2391,3465
ATQCUS2392,10581
ATQCUS2393,6550
ATQCUS2394,8548
ATQCUS2395,4095
ATQCUS2396,8336
ATQCUS2397,6744
ATQCUS2398,8613
ATQCUS2399,7888
ATQCUS2400,9038
ATQCUS2401,3726
ATQCUS2402,8079
ATQCUS2403,7927
ATQCUS2404,7353
ATQCUS2405,8248
ATQCUS2406,4189
ATQCUS2407,9126
ATQCUS2408,5424
ATQCUS2409,6652
ATQCUS2410,6505
ATQCUS2411,6787
ATQCUS2412,4399
ATQCUS2413,3690
ATQCUS2414,5217
ATQCUS2415,7500
ATQCUS2416,7332
ATQCUS2417,7366
ATQCUS2418,5396
ATQCUS2419,10717
ATQCUS2420,8114
ATQCUS2421,6097
ATQCUS2422,10158
ATQCUS2423,11764
ATQCUS2424,5512
ATQCUS2425,10898
ATQCUS2426,12144
ATQCUS2427,11867
ATQCUS2428,2854
ATQCUS2429,5424
ATQCUS2430,5080
ATQCUS2431,6356
ATQCUS2432,6057
ATQCUS2433,9041
ATQCUS2434,8203
ATQCUS2435,3642
ATQCUS2436,6295
ATQCUS2437,9316
ATQCUS2438,6581
ATQCUS2439,6338
ATQCUS2440,6061
ATQCUS2441,4407
ATQCUS2442,6938
ATQCUS2443,6927
ATQCUS2444,4344
ATQCUS2445,6640
ATQCUS2446,8025
ATQCUS2447,5904
ATQCUS2448,6313
ATQCUS2449,8888
ATQCUS2450,7751
ATQCUS2451,8154
ATQCUS2452,4566
ATQCUS2453,4217
ATQCUS2454,5674
ATQCUS2455,4078
ATQCUS2456,7420
ATQCUS2457,22289
ATQCUS2458,13682
ATQCUS2459,7959
ATQCUS2460,12032
ATQCUS2461,12410
ATQCUS2462,10480
ATQCUS2463,13107
ATQCUS2464,13899
ATQCUS2465,8026
ATQCUS2466,15788
ATQCUS2467,16298
ATQCUS2468,13164
ATQCUS2469,11017
ATQCUS2470,12867
ATQCUS2471,12981
ATQCUS2472,9569
ATQCUS2473,7273
ATQCUS2474,17665
ATQCUS2475,14882
ATQCUS2476,19048
ATQCUS2477,15937
ATQCUS2478,15955
ATQCUS2479,15480
ATQCUS2480,11279
ATQCUS2481,15659
ATQCUS2482,5674
ATQCUS2483,5860
ATQCUS2484,5435
ATQCUS2485,6698
ATQCUS2486,7401
ATQCUS2487,11216
ATQCUS2488,4028
ATQCUS2489,10168
ATQCUS2490,4615
ATQCUS2491,9762
ATQCUS2492,6108
ATQCUS2493,8046
ATQCUS2494,10677
ATQCUS2495,8129
ATQCUS2496,7010
ATQCUS2497,9558
ATQCUS2498,12261
ATQCUS2499,9946
ATQCUS2500,9626
ATQCUS2501,11035
ATQCUS2502,10326
ATQCUS2503,8263
ATQCUS2504,6514
ATQCUS2505,4597
ATQCUS2506,6570
ATQCUS2507,6780
ATQCUS2508,8840
ATQCUS2509,6689
ATQCUS2510,4477
ATQCUS2511,6991
ATQCUS2512,7432
ATQCUS2513,7627
ATQCUS2514,6714
ATQCUS2515,6715
ATQCUS2516,9499
ATQCUS2517,6176
ATQCUS2518,6523
ATQCUS2519,5869
ATQCUS2520,4955
ATQCUS2521,8159
ATQCUS2522,10221
ATQCUS2523,22275
ATQCUS2524,23411
ATQCUS2525,20337
ATQCUS2526,28990
ATQCUS2527,21961
ATQCUS2528,37559
ATQCUS2529,21663
ATQCUS2530,22880
ATQCUS2531,22459
ATQCUS2532,28634
ATQCUS2533,22703
ATQCUS2534,36147
ATQCUS2535,12547
ATQCUS2536,13907
ATQCUS2537,23832
ATQCUS2538,23055
ATQCUS2539,16302
ATQCUS2540,34146
ATQCUS2541,31167
ATQCUS2542,25803
ATQCUS2543,17164
ATQCUS2544,16235
ATQCUS2545,38151
ATQCUS2546,28432
ATQCUS2547,27376
ATQCUS2548,15695
ATQCUS2549,22510
ATQCUS2550,22941
ATQCUS2551,13169
ATQCUS2552,17770
ATQCUS2553,32111
ATQCUS2554,16296
ATQCUS2555,26726
ATQCUS2556,35774
ATQCUS2557,31765
ATQCUS2558,24797
ATQCUS2559,31307
ATQCUS2560,28090
ATQCUS2561,16813
ATQCUS2562,28317
ATQCUS2563,12904
ATQCUS2564,20961
ATQCUS2565,19102
ATQCUS2566,17050
ATQCUS2567,22761
ATQCUS2568,29513
ATQCUS2569,26063
ATQCUS2570,23680
ATQCUS2571,21146
ATQCUS2572,25790
ATQCUS2573,16021
ATQCUS2574,10896
ATQCUS2575,35667
ATQCUS2576,13541
ATQCUS2577,17768
ATQCUS2578,18831
ATQCUS2579,16760
ATQCUS2580,19299
ATQCUS2581,13934
ATQCUS2582,15228
ATQCUS2583,12835
ATQCUS2584,21290
ATQCUS2585,19359
ATQCUS2586,12084
ATQCUS2587,15962
ATQCUS2588,18826
ATQCUS2589,9381
ATQCUS2590,8203
ATQCUS2591,9067
ATQCUS2592,10958
ATQCUS2593,8540
ATQCUS2594,12048
ATQCUS2595,11012
ATQCUS2596,11696
ATQCUS2597,7948
ATQCUS2598,10079
ATQCUS2599,10077
ATQCUS2600,7922
ATQCUS2601,15903
ATQCUS2602,16835
ATQCUS2603,8571
ATQCUS2604,14118
ATQCUS2605,18005
ATQCUS2606,11016
ATQCUS2607,11400
ATQCUS2608,20593
ATQCUS2609,26351
ATQCUS2610,22111
ATQCUS2611,20531
ATQCUS2612,22135
ATQCUS2613,14374
ATQCUS2614,15645
ATQCUS2615,12274
ATQCUS2616,15811
ATQCUS2617,15095
ATQCUS2618,9139
ATQCUS2619,14363
ATQCUS2620,16062
ATQCUS2621,7365
ATQCUS2622,6720
ATQCUS2623,11923
ATQCUS2624,12935
ATQCUS2625,13768
ATQCUS2626,10936
ATQCUS2627,8868
ATQCUS2628,6516
ATQCUS2629,9291
ATQCUS2630,13001
ATQCUS2631,13420
ATQCUS2632,10514
ATQCUS2633,24292
ATQCUS2634,29730
ATQCUS2635,21190
ATQCUS2636,28147
ATQCUS2637,18878
ATQCUS2638,29738
ATQCUS2639,14958
ATQCUS2640,27812
ATQCUS2641,23771
ATQCUS2642,18983
ATQCUS2643,19224
ATQCUS2644,23626
ATQCUS2645,21471
ATQCUS2646,26413
ATQCUS2647,21036
ATQCUS2648,18650
ATQCUS2649,24787
ATQCUS2650,22560
ATQCUS2651,12814
ATQCUS2652,36150
ATQCUS2653,24053
ATQCUS2654,27671
ATQCUS2655,27131
ATQCUS2656,25140
ATQCUS2657,22138
ATQCUS2658,27392
ATQCUS2659,20641
ATQCUS2660,20213
ATQCUS2661,20893
ATQCUS2662,26153
ATQCUS2663,14659
ATQCUS2664,15683
ATQCUS2665,16231
ATQCUS2666,8880
ATQCUS2667,6935
ATQCUS2668,8816
ATQCUS2669,12700
ATQCUS2670,6242
ATQCUS2671,10679
ATQCUS2672,11154
ATQCUS2673,18849
ATQCUS2674,7586
ATQCUS2675,7499
ATQCUS2676,6459
ATQCUS2677,8285
ATQCUS2678,12312
ATQCUS2679,10314
ATQCUS2680,10274
ATQCUS2681,14758
ATQCUS2682,10625
ATQCUS2683,12597
ATQCUS2684,31961
ATQCUS2685,15002
ATQCUS2686,16915
ATQCUS2687,12022
ATQCUS2688,16846
ATQCUS2689,13676
ATQCUS2690,16653
ATQCUS2691,8260
ATQCUS2692,8405
ATQCUS2693,12687
ATQCUS2694,13047
ATQCUS2695,8379
ATQCUS2696,9752
ATQCUS2697,10638
ATQCUS2698,10831
ATQCUS2699,7594
ATQCUS2700,12174
ATQCUS2701,9306
ATQCUS2702,10570
ATQCUS2703,11447
ATQCUS2704,9102
ATQCUS2705,7574
ATQCUS2706,9719
ATQCUS2707,11711
ATQCUS2708,9039
ATQCUS2709,12921
ATQCUS2710,9527
ATQCUS2711,7255
ATQCUS2712,18545
ATQCUS2713,28099
ATQCUS2714,20444
ATQCUS2715,21094
ATQCUS2716,22125
ATQCUS2717,23620
ATQCUS2718,25222
ATQCUS2719,19648
ATQCUS2720,35329
ATQCUS2721,19009
ATQCUS2722,15392
ATQCUS2723,15217
ATQCUS2724,16947
ATQCUS2725,33920
ATQCUS2726,15868
ATQCUS2727,7828
ATQCUS2728,26395
ATQCUS2729,19427
ATQCUS2730,24139
ATQCUS2731,11247
ATQCUS2732,19176
ATQCUS2733,12021
ATQCUS2734,21516
ATQCUS2735,31596
ATQCUS2736,15479
ATQCUS2737,24898
ATQCUS2738,15596
ATQCUS2739,30062
ATQCUS2740,8075
ATQCUS2741,11579
ATQCUS2742,4072
ATQCUS2743,11162
ATQCUS2744,15006
ATQCUS2745,8264
ATQCUS2746,3552
ATQCUS2747,9112
ATQCUS2748,11030
ATQCUS2749,12546
ATQCUS2750,10458
ATQCUS2751,6490
ATQCUS2752,9338
ATQCUS2753,11268
ATQCUS2754,8018
ATQCUS2755,8527
ATQCUS2756,9134
ATQCUS2757,9445
ATQCUS2758,17861
ATQCUS2759,18186
ATQCUS2760,6063
ATQCUS2761,5859
ATQCUS2762,17264
ATQCUS2763,5967
ATQCUS2764,14160
ATQCUS2765,8623
ATQCUS2766,10044
ATQCUS2767,5945
ATQCUS2768,9776
ATQCUS2769,10795
ATQCUS2770,11443
ATQCUS2771,10938
ATQCUS2772,6472
ATQCUS2773,11193
ATQCUS2774,9077
ATQCUS2775,6824
ATQCUS2776,8175
ATQCUS2777,7324
ATQCUS2778,11821
ATQCUS2779,8314
ATQCUS2780,23516
ATQCUS2781,9318
ATQCUS2782,12452
ATQCUS2783,7563
ATQCUS2784,16523
ATQCUS2785,7239
ATQCUS2786,15005
ATQCUS2787,16860
ATQCUS2788,11754
ATQCUS2789,14696
ATQCUS2790,13457
ATQCUS2791,11261
ATQCUS2792,12532
ATQCUS2793,15522
ATQCUS2794,16188
ATQCUS2795,11126
ATQCUS2796,11597
ATQCUS2797,9167
ATQCUS2798,18287
ATQCUS2799,22519
ATQCUS2800,20461
ATQCUS2801,10624
ATQCUS2802,13957
ATQCUS2803,7541
ATQCUS2804,14089
ATQCUS2805,13760
ATQCUS2806,9890
ATQCUS2807,14448
ATQCUS2808,21303
ATQCUS2809,17590
ATQCUS2810,15436
ATQCUS2811,18082
ATQCUS2812,10450
ATQCUS2813,14134
ATQCUS2814,18607
ATQCUS2815,12404
ATQCUS2816,11575
ATQCUS2817,18849
ATQCUS2818,8255
ATQCUS2819,13849
ATQCUS2820,11542
ATQCUS2821,6431
ATQCUS2822,8093
ATQCUS2823,5516
ATQCUS2824,9456
ATQCUS2825,12345
ATQCUS2826,12360
ATQCUS2827,6183
ATQCUS2828,9114
ATQCUS2829,6986
ATQCUS2830,3688
ATQCUS2831,7150
ATQCUS2832,3484
ATQCUS2833,5584
ATQCUS2834,6773
ATQCUS2835,7711
ATQCUS2836,4933
ATQCUS2837,6524
ATQCUS2838,8368
ATQCUS2839,7038
ATQCUS2840,7252
ATQCUS2841,5764
ATQCUS2842,7645
ATQCUS2843,5823
ATQCUS2844,6381
ATQCUS2845,12155
ATQCUS2846,6407
ATQCUS2847,10547
ATQCUS2848,6366
ATQCUS2849,3562
ATQCUS2850,8845
ATQCUS2851,10661
ATQCUS2852,9022
ATQCUS2853,10057
ATQCUS2854,14929
ATQCUS2855,13660
ATQCUS2856,9084
ATQCUS2857,10585
ATQCUS2858,8488
ATQCUS2859,5416
ATQCUS2860,5090
ATQCUS2861,8283
ATQCUS2862,8359
ATQCUS2863,5069
ATQCUS2864,7906
ATQCUS2865,8108
ATQCUS2866,4494
ATQCUS2867,10495
ATQCUS2868,9548
ATQCUS2869,7099
ATQCUS2870,7787
ATQCUS2871,14205
ATQCUS2872,3685
ATQCUS2873,6461
ATQCUS2874,5553
ATQCUS2875,8477
ATQCUS2876,6781
ATQCUS2877,8509
ATQCUS2878,4275
ATQCUS2879,9500
ATQCUS2880,7512
ATQCUS2881,8133
ATQCUS2882,4426
ATQCUS2883,5247
ATQCUS2884,12274
ATQCUS2885,8997
ATQCUS2886,4397
ATQCUS2887,7024
ATQCUS2888,19978
ATQCUS2889,17993
ATQCUS2890,16534
ATQCUS2891,12359
ATQCUS2892,29130
ATQCUS2893,20459
ATQCUS2894,11084
ATQCUS2895,17274
ATQCUS2896,20555
ATQCUS2897,11317
ATQCUS2898,13048
ATQCUS2899,15689
ATQCUS2900,17222
ATQCUS2901,19028
ATQCUS2902,16052
ATQCUS2903,17060
ATQCUS2904,15234
ATQCUS2905,29373
ATQCUS2906,15725
ATQCUS2907,19193
ATQCUS2908,28031
ATQCUS2909,21101
ATQCUS2910,14383
ATQCUS2911,13975
ATQCUS2912,13110
ATQCUS2913,6565
ATQCUS2914,17589
ATQCUS2915,9756
ATQCUS2916,18829
ATQCUS2917,10893
ATQCUS2918,14137
ATQCUS2919,6588
ATQCUS2920,9234
ATQCUS2921,6678
ATQCUS2922,9135
ATQCUS2923,7480
ATQCUS2924,13358
ATQCUS2925,8136
ATQCUS2926,7355
ATQCUS2927,7708
ATQCUS2928,9570
ATQCUS2929,6258
ATQCUS2930,8525
ATQCUS2931,10382
ATQCUS2932,8810
ATQCUS2933,10719
ATQCUS2934,5154
ATQCUS2935,6706
ATQCUS2936,6532
ATQCUS2937,12198
ATQCUS2938,11303
ATQCUS2939,12618
ATQCUS2940,13630
ATQCUS2941,9053
ATQCUS2942,8826
ATQCUS2943,7817
ATQCUS2944,6616
ATQCUS2945,10837
ATQCUS2946,6811
ATQCUS2947,14041
ATQCUS2948,5262
ATQCUS2949,7578
ATQCUS2950,10571
ATQCUS2951,6439
ATQCUS2952,6793
ATQCUS2953,4883
ATQCUS2954,8188
ATQCUS2955,11113
ATQCUS2956,5233
ATQCUS2957,7082
ATQCUS2958,9985
ATQCUS2959,6911
ATQCUS2960,8399
ATQCUS2961,7846
ATQCUS2962,15749
ATQCUS2963,23056
ATQCUS2964,18762
ATQCUS2965,25085
ATQCUS2966,28324
ATQCUS2967,18161
ATQCUS2968,17087
ATQCUS2969,15852
ATQCUS2970,11756
ATQCUS2971,11261
ATQCUS2972,23163
ATQCUS2973,20634
ATQCUS2974,19355
ATQCUS2975,31195
ATQCUS2976,13485
ATQCUS2977,13037
ATQCUS2978,11114
ATQCUS2979,5399
ATQCUS2980,10647
ATQCUS2981,13317
ATQCUS2982,9836
ATQCUS2983,7095
ATQCUS2984,10420
ATQCUS2985,7925
ATQCUS2986,10337
ATQCUS2987,10211
ATQCUS2988,12340
ATQCUS2989,11553
ATQCUS2990,19799
ATQCUS2991,16215
ATQCUS2992,10189
ATQCUS2993,17895
ATQCUS2994,18733
ATQCUS2995,14363
ATQCUS2996,12619
ATQCUS2997,14185
ATQCUS2998,8532
ATQCUS2999,17249
ATQCUS3000,7859
ATQCUS3001,9945
ATQCUS3002,8290
ATQCUS3003,8536
ATQCUS3004,8371
ATQCUS3005,6034
ATQCUS3006,3788
ATQCUS3007,12793
ATQCUS3008,7744
ATQCUS3009,8562
ATQCUS3010,7817
ATQCUS3011,9204
ATQCUS3012,13560
ATQCUS3013,18129
ATQCUS3014,18984
ATQCUS3015,21353
ATQCUS3016,14100
ATQCUS3017,17156
ATQCUS3018,10163
ATQCUS3019,17955
ATQCUS3020,26555
ATQCUS3021,23487
ATQCUS3022,18242
ATQCUS3023,13807
ATQCUS3024,4581
ATQCUS3025,6386
ATQCUS3026,7387
ATQCUS3027,12181
ATQCUS3028,12209
ATQCUS3029,7018
ATQCUS3030,9463
ATQCUS3031,6677
ATQCUS3032,11801
ATQCUS3033,6197
ATQCUS3034,15091
ATQCUS3035,9884
ATQCUS3036,7574
ATQCUS3037,11371
ATQCUS3038,9589
ATQCUS3039,9170
ATQCUS3040,4907
ATQCUS3041,6003
ATQCUS3042,5872
ATQCUS3043,14069
ATQCUS3044,8811
ATQCUS3045,16865
ATQCUS3046,13999
ATQCUS3047,14687
ATQCUS3048,14635
ATQCUS3049,12300
ATQCUS3050,17597
ATQCUS3051,15329
ATQCUS3052,21092
ATQCUS3053,17428
ATQCUS3054,21445
ATQCUS3055,19697
ATQCUS3056,16927
ATQCUS3057,10504
ATQCUS3058,7950
ATQCUS3059,22372
ATQCUS3060,5890
ATQCUS3061,4206
ATQCUS3062,8700
ATQCUS3063,9478
ATQCUS3064,8120
ATQCUS3065,7858
ATQCUS3066,3300
ATQCUS3067,8114
ATQCUS3068,6440
ATQCUS3069,9734
ATQCUS3070,17299
ATQCUS3071,9795
ATQCUS3072,10342
ATQCUS3073,10409
ATQCUS3074,9468
ATQCUS3075,9460
ATQCUS3076,9749
ATQCUS3077,7455
ATQCUS3078,7157
ATQCUS3079,7465
ATQCUS3080,6622
ATQCUS3081,7706
ATQCUS3082,10810
ATQCUS3083,6037
ATQCUS3084,8467
ATQCUS3085,8268
ATQCUS3086,8482
ATQCUS3087,7883
ATQCUS3088,7540
ATQCUS3089,14868
ATQCUS3090,14208
ATQCUS3091,12738
ATQCUS3092,8692
ATQCUS3093,12965
ATQCUS3094,9125
ATQCUS3095,13025
ATQCUS3096,11392
ATQCUS3097,8385
ATQCUS3098,10424
ATQCUS3099,12174
ATQCUS3100,8180
ATQCUS3101,8578
ATQCUS3102,8644
ATQCUS3103,5479
ATQCUS3104,3248
ATQCUS3105,6647
ATQCUS3106,5848
ATQCUS3107,8671
ATQCUS3108,9275
ATQCUS3109,8239
ATQCUS3110,6071
ATQCUS3111,3181
ATQCUS3112,4278
ATQCUS3113,4116
ATQCUS3114,4331
ATQCUS3115,12819
ATQCUS3116,16975
ATQCUS3117,16473
ATQCUS3118,9517
ATQCUS3119,14704
ATQCUS3120,13178
ATQCUS3121,13727
ATQCUS3122,15393
ATQCUS3123,18461
ATQCUS3124,8089
ATQCUS3125,3506
ATQCUS3126,7425
ATQCUS3127,6855
ATQCUS3128,8656
ATQCUS3129,7665
ATQCUS3130,10545
ATQCUS3131,13542
ATQCUS3132,6893
ATQCUS3133,7986
ATQCUS3134,3440
ATQCUS3135,3176
ATQCUS3136,7119
ATQCUS3137,23954
ATQCUS3138,17626
ATQCUS3139,21704
ATQCUS3140,18179
ATQCUS3141,12688
ATQCUS3142,15495
ATQCUS3143,21453
ATQCUS3144,15037
ATQCUS3145,20413
ATQCUS3146,15187
ATQCUS3147,21676
ATQCUS3148,19152
ATQCUS3149,13808
ATQCUS3150,16014
ATQCUS3151,9969
ATQCUS3152,19668
ATQCUS3153,14396
ATQCUS3154,17510
ATQCUS3155,20737
ATQCUS3156,13191
ATQCUS3157,11089
ATQCUS3158,21128
ATQCUS3159,19436
ATQCUS3160,18682
ATQCUS3161,13442
ATQCUS3162,14691
ATQCUS3163,16040
ATQCUS3164,10522
ATQCUS3165,12694
ATQCUS3166,15191
ATQCUS3167,15488
ATQCUS3168,18561
ATQCUS3169,14538
ATQCUS3170,17535
ATQCUS3171,11794
ATQCUS3172,18969
ATQCUS3173,7742
ATQCUS3174,5111
ATQCUS3175,11396
ATQCUS3176,10041
ATQCUS3177,10836
ATQCUS3178,7503
ATQCUS3179,8029
ATQCUS3180,6650
ATQCUS3181,9758
ATQCUS3182,8557
ATQCUS3183,7695
ATQCUS3184,8437
ATQCUS3185,5235
ATQCUS3186,8257
ATQCUS3187,9139
ATQCUS3188,15094
ATQCUS3189,8926
ATQCUS3190,6734
ATQCUS3191,7265
ATQCUS3192,10555
ATQCUS3193,12965
ATQCUS3194,14011
ATQCUS3195,4736
ATQCUS3196,7358
ATQCUS3197,7237
ATQCUS3198,7312
ATQCUS3199,9413
ATQCUS3200,25097
ATQCUS3201,14390
ATQCUS3202,11413
ATQCUS3203,12709
ATQCUS3204,11374
ATQCUS3205,12083
ATQCUS3206,13240
ATQCUS3207,9795
ATQCUS3208,9550
ATQCUS3209,9667
ATQCUS3210,15881
ATQCUS3211,9422
ATQCUS3212,4252
ATQCUS3213,18060
ATQCUS3214,10397
ATQCUS3215,15404
ATQCUS3216,12693
ATQCUS3217,12413
ATQCUS3218,5456
ATQCUS3219,8336
ATQCUS3220,11741
ATQCUS3221,10852
ATQCUS3222,10295
ATQCUS3223,6974
ATQCUS3224,9660
ATQCUS3225,7724
ATQCUS3226,6777
ATQCUS3227,11251
ATQCUS3228,9105
ATQCUS3229,9049
ATQCUS3230,13384
ATQCUS3231,9515
ATQCUS3232,10144
ATQCUS3233,6584
ATQCUS3234,7350
ATQCUS3235,8901
ATQCUS3236,6666
ATQCUS3237,5427
ATQCUS3238,9227
ATQCUS3239,6683
ATQCUS3240,4616
ATQCUS3241,9508
ATQCUS3242,7192
ATQCUS3243,6075
ATQCUS3244,6177
ATQCUS3245,6998
ATQCUS3246,4500
ATQCUS3247,8096
ATQCUS3248,5898
ATQCUS3249,15655
ATQCUS3250,17491
ATQCUS3251,13149
ATQCUS3252,17347
ATQCUS3253,20502
ATQCUS3254,17911
ATQCUS3255,21978
ATQCUS3256,24630
ATQCUS3257,12277
ATQCUS3258,10009
ATQCUS3259,17869
ATQCUS3260,12982
ATQCUS3261,12654
ATQCUS3262,17582
ATQCUS3263,10558
ATQCUS3264,14816
ATQCUS3265,27589
ATQCUS3266,14883
ATQCUS3267,8513
ATQCUS3268,8850
ATQCUS3269,6464
ATQCUS3270,9204
ATQCUS3271,7632
ATQCUS3272,4331
ATQCUS3273,6853
ATQCUS3274,7949
ATQCUS3275,6966
ATQCUS3276,6985
ATQCUS3277,8936
ATQCUS3278,8607
ATQCUS3279,12255
ATQCUS3280,11083
ATQCUS3281,14708
ATQCUS3282,11000
ATQCUS3283,13332
ATQCUS3284,7401
ATQCUS3285,12676
ATQCUS3286,9141
ATQCUS3287,15427
ATQCUS3288,7821
ATQCUS3289,13667
ATQCUS3290,6425
ATQCUS3291,6580
ATQCUS3292,9178
ATQCUS3293,6946
ATQCUS3294,9695
ATQCUS3295,7324
ATQCUS3296,7516
ATQCUS3297,5150
ATQCUS3298,9642
ATQCUS3299,6565
ATQCUS3300,5795
ATQCUS3301,14092
ATQCUS3302,12642
ATQCUS3303,16683
ATQCUS3304,18162
ATQCUS3305,11774
ATQCUS3306,11196
ATQCUS3307,14849
ATQCUS3308,14943
ATQCUS3309,7947
ATQCUS3310,9460
ATQCUS3311,17942
ATQCUS3312,12872
ATQCUS3313,18082
ATQCUS3314,20331
ATQCUS3315,11481
ATQCUS3316,10284
ATQCUS3317,14596
ATQCUS3318,15374
ATQCUS3319,8079
ATQCUS3320,5780
ATQCUS3321,8463
ATQCUS3322,8702
ATQCUS3323,9771
ATQCUS3324,5665
ATQCUS3325,6363
ATQCUS3326,9814
ATQCUS3327,5811
ATQCUS3328,7344
ATQCUS3329,6685
ATQCUS3330,5520
ATQCUS3331,10731
ATQCUS3332,10965
ATQCUS3333,10277
ATQCUS3334,8638
ATQCUS3335,11761
ATQCUS3336,6726
ATQCUS3337,9850
ATQCUS3338,11388
ATQCUS3339,10804
ATQCUS3340,4509
ATQCUS3341,8055
ATQCUS3342,5990
ATQCUS3343,5018
ATQCUS3344,3448
ATQCUS3345,7267
ATQCUS3346,9833
ATQCUS3347,7492
ATQCUS3348,7056
ATQCUS3349,10059
ATQCUS3350,6311
ATQCUS3351,6220
ATQCUS3352,9667
ATQCUS3353,9618
ATQCUS3354,3933
ATQCUS3355,3865
ATQCUS3356,4015
ATQCUS3357,8352
ATQCUS3358,19695
ATQCUS3359,12051
ATQCUS3360,5043
ATQCUS3361,11768
ATQCUS3362,7243
ATQCUS3363,14452
ATQCUS3364,9284
ATQCUS3365,10582
ATQCUS3366,9614
ATQCUS3367,6645
ATQCUS3368,7706
ATQCUS3369,3086
ATQCUS3370,5756
ATQCUS3371,5461
ATQCUS3372,6438
ATQCUS3373,6572
ATQCUS3374,7658
ATQCUS3375,5026
ATQCUS3376,7841
ATQCUS3377,5280
ATQCUS3378,4064
ATQCUS3379,6620
ATQCUS3380,4417
ATQCUS3381,7037
ATQCUS3382,4240
ATQCUS3383,5707
ATQCUS3384,4761
ATQCUS3385,7747
ATQCUS3386,4312
ATQCUS3387,7570
ATQCUS3388,6892
ATQCUS3389,7709
ATQCUS3390,4633
ATQCUS3391,4980
ATQCUS3392,3397
ATQCUS3393,6089
ATQCUS3394,4050
ATQCUS3395,5601
ATQCUS3396,4232
ATQCUS3397,3598
ATQCUS3398,5688
ATQCUS3399,5493
ATQCUS3400,4022
ATQCUS3401,4138
ATQCUS3402,7225
ATQCUS3403,5485
ATQCUS3404,3904
ATQCUS3405,3731
ATQCUS3406,10119
ATQCUS3407,6909
ATQCUS3408,11318
ATQCUS3409,8292
ATQCUS3410,10561
ATQCUS3411,12947
ATQCUS3412,8699
ATQCUS3413,11285
ATQCUS3414,8845
ATQCUS3415,3174
ATQCUS3416,19228
ATQCUS3417,11534
ATQCUS3418,12265
ATQCUS3419,10757
ATQCUS3420,14023
ATQCUS3421,13181
ATQCUS3422,9998
ATQCUS3423,2741
ATQCUS3424,5228
ATQCUS3425,3494
ATQCUS3426,10066
ATQCUS3427,3004
ATQCUS3428,6084
ATQCUS3429,6481
ATQCUS3430,6736
ATQCUS3431,12430
ATQCUS3432,11546
ATQCUS3433,12947
ATQCUS3434,10409
ATQCUS3435,11502
ATQCUS3436,8932
ATQCUS3437,4338
ATQCUS3438,6532
ATQCUS3439,8027
ATQCUS3440,3362
ATQCUS3441,5882
ATQCUS3442,6865
ATQCUS3443,4226
ATQCUS3444,8853
ATQCUS3445,4046
ATQCUS3446,5615
ATQCUS3447,6556
ATQCUS3448,34332
ATQCUS3449,36014
ATQCUS3450,17107
ATQCUS3451,18433
ATQCUS3452,18706
ATQCUS3453,19007
ATQCUS3454,27872
ATQCUS3455,17307
ATQCUS3456,21783
ATQCUS3457,18935
ATQCUS3458,19402
ATQCUS3459,27414
ATQCUS3460,32752
ATQCUS3461,21718
ATQCUS3462,10042
ATQCUS3463,18044
ATQCUS3464,14070
ATQCUS3465,17457
ATQCUS3466,14731
ATQCUS3467,13920
ATQCUS3468,8193
ATQCUS3469,15164
ATQCUS3470,16703
ATQCUS3471,13952
ATQCUS3472,17635
ATQCUS3473,22964
ATQCUS3474,24971
ATQCUS3475,17129
ATQCUS3476,16572
ATQCUS3477,27203
ATQCUS3478,25746
ATQCUS3479,13556
ATQCUS3480,15508
ATQCUS3481,20494
ATQCUS3482,10910
ATQCUS3483,9901
ATQCUS3484,8975
ATQCUS3485,14642
ATQCUS3486,19689
ATQCUS3487,19592
ATQCUS3488,15568
ATQCUS3489,10024
ATQCUS3490,11022
ATQCUS3491,13877
ATQCUS3492,16153
ATQCUS3493,12613
ATQCUS3494,10299
ATQCUS3495,12151
ATQCUS3496,6779
ATQCUS3497,11178
ATQCUS3498,9857
ATQCUS3499,11586
ATQCUS3500,12779
ATQCUS3501,31213
ATQCUS3502,9284
ATQCUS3503,32467
ATQCUS3504,24235
ATQCUS3505,31297
ATQCUS3506,22459
ATQCUS3507,21001
ATQCUS3508,15061
ATQCUS3509,20861
ATQCUS3510,22035
ATQCUS3511,13596
ATQCUS3512,9962
ATQCUS3513,15309
ATQCUS3514,14269
ATQCUS3515,6054
ATQCUS3516,23452
ATQCUS3517,6352
ATQCUS3518,12171
ATQCUS3519,10018
ATQCUS3520,10407
ATQCUS3521,14024
ATQCUS3522,14068
ATQCUS3523,28786
ATQCUS3524,8864
ATQCUS3525,15412
ATQCUS3526,17827
ATQCUS3527,4472
ATQCUS3528,11342
ATQCUS3529,12399
ATQCUS3530,10702
ATQCUS3531,11090
ATQCUS3532,10132
ATQCUS3533,8642
ATQCUS3534,13787
ATQCUS3535,10044
ATQCUS3536,31230
ATQCUS3537,25973
ATQCUS3538,25258
ATQCUS3539,13166
ATQCUS3540,29790
ATQCUS3541,12683
ATQCUS3542,21210
ATQCUS3543,20046
ATQCUS3544,8899
ATQCUS3545,8949
ATQCUS3546,14979
ATQCUS3547,12601
ATQCUS3548,12122
ATQCUS3549,11785
ATQCUS3550,17197
ATQCUS3551,20771
ATQCUS3552,12093
ATQCUS3553,14167
ATQCUS3554,23563
ATQCUS3555,17565
ATQCUS3556,11934
ATQCUS3557,6317
ATQCUS3558,5620
ATQCUS3559,9325
ATQCUS3560,7683
ATQCUS3561,12218
ATQCUS3562,7516
ATQCUS3563,11145
ATQCUS3564,11149
ATQCUS3565,9959
ATQCUS3566,13435
ATQCUS3567,11296
ATQCUS3568,17234
ATQCUS3569,9176
ATQCUS3570,4723
ATQCUS3571,13350
ATQCUS3572,5145
ATQCUS3573,12016
ATQCUS3574,18755
ATQCUS3575,14641
ATQCUS3576,17508
ATQCUS3577,14665
ATQCUS3578,28509
ATQCUS3579,5450
ATQCUS3580,10479
ATQCUS3581,12872
ATQCUS3582,22415
ATQCUS3583,7143
ATQCUS3584,12191
ATQCUS3585,15967
ATQCUS3586,22747
ATQCUS3587,7064
ATQCUS3588,5799
ATQCUS3589,9430
ATQCUS3590,7302
ATQCUS3591,5711
ATQCUS3592,11878
ATQCUS3593,10558
ATQCUS3594,8958
ATQCUS3595,6725
ATQCUS3596,12600
ATQCUS3597,9901
ATQCUS3598,5860
ATQCUS3599,12889
ATQCUS3600,9727
ATQCUS3601,11620
ATQCUS3602,8180
ATQCUS3603,16037
ATQCUS3604,11355
ATQCUS3605,6730
ATQCUS3606,9707
ATQCUS3607,4765
ATQCUS3608,7893
ATQCUS3609,3312
ATQCUS3610,3488
ATQCUS3611,3455
ATQCUS3612,7677
ATQCUS3613,3126
ATQCUS3614,5493
ATQCUS3615,8576
ATQCUS3616,9095
ATQCUS3617,9596
ATQCUS3618,7955
ATQCUS3619,25394
ATQCUS3620,18270
ATQCUS3621,29914
ATQCUS3622,27773
ATQCUS3623,16533
ATQCUS3624,24446
ATQCUS3625,23261
ATQCUS3626,7833
ATQCUS3627,5241
ATQCUS3628,16817
ATQCUS3629,14258
ATQCUS3630,13740
ATQCUS3631,5185
ATQCUS3632,10481
ATQCUS3633,11952
ATQCUS3634,6974
ATQCUS3635,11109
ATQCUS3636,4447
ATQCUS3637,10737
ATQCUS3638,6673
ATQCUS3639,9065
ATQCUS3640,8721
ATQCUS3641,10549
ATQCUS3642,7133
ATQCUS3643,6692
ATQCUS3644,13742
ATQCUS3645,9250
ATQCUS3646,8928
ATQCUS3647,5422
ATQCUS3648,28533
ATQCUS3649,27352
ATQCUS3650,30827
ATQCUS3651,27734
ATQCUS3652,26509
ATQCUS3653,12489
ATQCUS3654,12041
ATQCUS3655,12322
ATQCUS3656,14666
ATQCUS3657,21759
ATQCUS3658,17942
ATQCUS3659,28940
ATQCUS3660,12703
ATQCUS3661,15955
ATQCUS3662,12844
ATQCUS3663,21849
ATQCUS3664,12600
ATQCUS3665,19462
ATQCUS3666,20713
ATQCUS3667,22883
ATQCUS3668,27470
ATQCUS3669,20376
ATQCUS3670,12680
ATQCUS3671,17006
ATQCUS3672,12419
ATQCUS3673,14121
ATQCUS3674,14255
ATQCUS3675,9027
ATQCUS3676,9728
ATQCUS3677,31581
ATQCUS3678,23138
ATQCUS3679,25343
ATQCUS3680,27654
ATQCUS3681,15835
ATQCUS3682,12772
ATQCUS3683,14346
ATQCUS3684,14615
ATQCUS3685,22218
ATQCUS3686,12887
ATQCUS3687,11033
ATQCUS3688,8013
ATQCUS3689,15001
ATQCUS3690,10585
ATQCUS3691,10779
ATQCUS3692,16116
ATQCUS3693,15375
ATQCUS3694,11879
ATQCUS3695,24837
ATQCUS3696,7600
ATQCUS3697,6021
ATQCUS3698,4964
ATQCUS3699,12750
ATQCUS3700,9758
ATQCUS3701,5413
ATQCUS3702,12727
ATQCUS3703,12165
ATQCUS3704,16124
ATQCUS3705,6006
ATQCUS3706,8707
ATQCUS3707,5367
ATQCUS3708,6494
ATQCUS3709,10810
ATQCUS3710,23565
ATQCUS3711,23333
ATQCUS3712,12014
ATQCUS3713,5402
ATQCUS3714,5801
ATQCUS3715,9745
ATQCUS3716,10542
ATQCUS3717,4172
ATQCUS3718,10852
ATQCUS3719,10353
ATQCUS3720,5988
ATQCUS3721,10094
ATQCUS3722,5473
ATQCUS3723,31711
ATQCUS3724,18282
ATQCUS3725,16596
ATQCUS3726,17245
ATQCUS3727,13670
ATQCUS3728,20690
ATQCUS3729,16205
ATQCUS3730,8442
ATQCUS3731,10491
ATQCUS3732,14536
ATQCUS3733,8199
ATQCUS3734,8811
ATQCUS3735,11178
ATQCUS3736,17365
ATQCUS3737,16022
ATQCUS3738,11764
ATQCUS3739,19035
ATQCUS3740,14115
ATQCUS3741,20329
ATQCUS3742,23936
ATQCUS3743,8059
ATQCUS3744,18738
ATQCUS3745,7050
ATQCUS3746,17011
ATQCUS3747,20780
ATQCUS3748,12089
ATQCUS3749,10852
ATQCUS3750,15275
ATQCUS3751,15768
ATQCUS3752,13121
ATQCUS3753,16321
ATQCUS3754,17807
ATQCUS3755,11018
ATQCUS3756,17394
ATQCUS3757,16820
ATQCUS3758,11535
ATQCUS3759,18820
ATQCUS3760,21493
ATQCUS3761,17747
ATQCUS3762,19922
ATQCUS3763,21415
ATQCUS3764,14410
ATQCUS3765,12114
ATQCUS3766,15091
ATQCUS3767,11705
ATQCUS3768,19341
ATQCUS3769,15843
ATQCUS3770,5208
ATQCUS3771,8586
ATQCUS3772,8393
ATQCUS3773,10539
ATQCUS3774,8224
ATQCUS3775,7652
ATQCUS3776,6893
ATQCUS3777,6403
ATQCUS3778,9522
ATQCUS3779,6105
ATQCUS3780,3808
ATQCUS3781,8010
ATQCUS3782,7757
ATQCUS3783,5857
ATQCUS3784,7167
ATQCUS3785,5398
ATQCUS3786,9268
ATQCUS3787,5503
ATQCUS3788,8590
ATQCUS3789,9633
ATQCUS3790,6107
ATQCUS3791,3644
ATQCUS3792,9892
ATQCUS3793,7752
ATQCUS3794,12237
ATQCUS3795,9578
ATQCUS3796,6021
ATQCUS3797,7892
ATQCUS3798,8679
ATQCUS3799,8911
ATQCUS3800,7890
ATQCUS3801,6946
ATQCUS3802,5393
ATQCUS3803,9383
ATQCUS3804,15605
ATQCUS3805,16626
ATQCUS3806,15561
ATQCUS3807,6682
ATQCUS3808,9702
ATQCUS3809,11522
ATQCUS3810,11051
ATQCUS3811,22778
ATQCUS3812,12520
ATQCUS3813,18336
ATQCUS3814,12624
ATQCUS3815,17345
ATQCUS3816,14818
ATQCUS3817,10966
ATQCUS3818,14276
ATQCUS3819,13135
ATQCUS3820,15107
ATQCUS3821,7566
ATQCUS3822,7483
ATQCUS3823,5158
ATQCUS3824,7444
ATQCUS3825,10404
ATQCUS3826,6539
ATQCUS3827,9091
ATQCUS3828,9022
ATQCUS3829,11317
ATQCUS3830,6261
ATQCUS3831,7910
ATQCUS3832,2279
ATQCUS3833,6611
ATQCUS3834,8228
ATQCUS3835,14639
ATQCUS3836,11423
ATQCUS3837,13699
ATQCUS3838,10111
ATQCUS3839,17893
ATQCUS3840,9237
ATQCUS3841,15583
ATQCUS3842,15702
ATQCUS3843,13158
ATQCUS3844,13395
ATQCUS3845,9864
ATQCUS3846,6534
ATQCUS3847,18912
ATQCUS3848,11529
ATQCUS3849,7212
ATQCUS3850,3741
ATQCUS3851,4923
ATQCUS3852,6679
ATQCUS3853,7088
ATQCUS3854,8227
ATQCUS3855,9178
ATQCUS3856,9149
ATQCUS3857,8172
ATQCUS3858,11117
ATQCUS3859,3283
ATQCUS3860,5677
ATQCUS3861,5060
ATQCUS3862,5630
ATQCUS3863,4784
ATQCUS3864,6253
ATQCUS3865,5223
ATQCUS3866,5087
ATQCUS3867,6694
ATQCUS3868,7247
ATQCUS3869,10152
ATQCUS3870,9258
ATQCUS3871,9768
ATQCUS3872,6259
ATQCUS3873,10810
ATQCUS3874,8361
ATQCUS3875,12275
ATQCUS3876,4381
ATQCUS3877,5680
ATQCUS3878,3799
ATQCUS3879,5795
ATQCUS3880,6112
ATQCUS3881,5814
ATQCUS3882,4052
ATQCUS3883,2558
ATQCUS3884,4276
ATQCUS3885,5099
ATQCUS3886,4656
ATQCUS3887,3300
ATQCUS3888,4124
ATQCUS3889,3352
ATQCUS3890,9471
ATQCUS3891,7871
ATQCUS3892,15924
ATQCUS3893,12978
ATQCUS3894,11492
ATQCUS3895,8653
ATQCUS3896,8160
ATQCUS3897,13194
ATQCUS3898,6107
ATQCUS3899,14421
ATQCUS3900,8173
ATQCUS3901,15838
ATQCUS3902,7443
ATQCUS3903,4620
ATQCUS3904,2778
ATQCUS3905,4768
ATQCUS3906,3299
ATQCUS3907,4788
ATQCUS3908,4580
ATQCUS3909,6356
ATQCUS3910,4462
ATQCUS3911,5227
ATQCUS3912,6290
ATQCUS3913,14225
ATQCUS3914,19117
ATQCUS3915,22045
ATQCUS3916,17079
ATQCUS3917,33041
ATQCUS3918,24098
ATQCUS3919,23561
ATQCUS3920,16265
ATQCUS3921,29997
ATQCUS3922,38084
ATQCUS3923,13087
ATQCUS3924,13087
ATQCUS3925,14295
ATQCUS3926,8470
ATQCUS3927,16790
ATQCUS3928,6167
ATQCUS3929,11282
ATQCUS3930,22210
ATQCUS3931,19752
ATQCUS3932,8700
ATQCUS3933,12093
ATQCUS3934,8379
ATQCUS3935,7338
ATQCUS3936,7167
ATQCUS3937,14570
ATQCUS3938,12046
ATQCUS3939,11787
ATQCUS3940,21168
ATQCUS3941,14369
ATQCUS3942,23412
ATQCUS3943,24297
ATQCUS3944,26923
ATQCUS3945,26536
ATQCUS3946,25118
ATQCUS3947,26535
ATQCUS3948,29458
ATQCUS3949,10699
ATQCUS3950,8265
ATQCUS3951,14792
ATQCUS3952,9160
ATQCUS3953,12548
ATQCUS3954,6729
ATQCUS3955,14829
ATQCUS3956,7477
ATQCUS3957,10819
ATQCUS3958,5100
ATQCUS3959,8403
ATQCUS3960,17826
ATQCUS3961,25539
ATQCUS3962,13645
ATQCUS3963,18834
ATQCUS3964,16187
ATQCUS3965,22591
ATQCUS3966,20792
ATQCUS3967,12921
ATQCUS3968,10354
ATQCUS3969,14433
ATQCUS3970,11167
ATQCUS3971,6991
ATQCUS3972,7354
ATQCUS3973,7146
ATQCUS3974,10306
ATQCUS3975,4617
ATQCUS3976,9584
ATQCUS3977,4485
ATQCUS3978,9263
ATQCUS3979,10248
ATQCUS3980,14387
ATQCUS3981,10942
ATQCUS3982,15084
ATQCUS3983,12637
ATQCUS3984,17975
ATQCUS3985,8727
ATQCUS3986,10302
ATQCUS3987,10198
ATQCUS3988,6429
ATQCUS3989,5355
ATQCUS3990,6666
ATQCUS3991,5630
ATQCUS3992,9501
ATQCUS3993,9637
ATQCUS3994,6791
ATQCUS3995,7696
ATQCUS3996,10266
ATQCUS3997,5490
ATQCUS3998,9379
ATQCUS3999,5800
ATQCUS4000,4664
