﻿Customer,Top 20 percentile Income Utilization
ATQCUS0913,83.68%
ATQCUS1071,78.55%
ATQCUS0942,74.28%
ATQCUS0165,73.40%
ATQCUS0152,73.09%
ATQCUS0319,72.97%
ATQCUS0926,71.13%
ATQCUS1089,70.98%
ATQCUS3503,70.38%
ATQCUS1067,70.05%
ATQCUS1084,69.93%
ATQCUS3453,69.24%
ATQCUS0132,68.70%
ATQCUS1760,68.40%
ATQCUS2542,68.26%
ATQCUS3922,68.00%
ATQCUS1221,66.62%
ATQCUS0908,65.68%
ATQCUS3454,65.60%
ATQCUS1245,64.78%
ATQCUS3667,64.06%
ATQCUS2114,59.33%
ATQCUS3668,59.05%
ATQCUS0042,58.97%
ATQCUS2212,58.85%
ATQCUS2534,57.55%
ATQCUS2526,57.16%
ATQCUS2656,56.42%
ATQCUS0794,56.29%
ATQCUS1822,55.86%
ATQCUS1242,55.35%
ATQCUS0774,55.31%
ATQCUS1002,54.00%
ATQCUS0784,53.60%
ATQCUS2529,53.10%
ATQCUS2544,52.82%
ATQCUS2294,52.67%
ATQCUS2576,52.41%
ATQCUS0341,52.27%
ATQCUS2611,52.18%
ATQCUS1753,51.69%
ATQCUS2739,51.56%
ATQCUS0212,50.52%
ATQCUS2005,50.48%
ATQCUS0359,50.35%
ATQCUS2964,50.02%
ATQCUS1143,49.55%
ATQCUS3625,48.85%
ATQCUS3622,48.85%
ATQCUS2609,48.42%
ATQCUS0463,47.47%
ATQCUS2537,47.43%
ATQCUS2207,47.26%
ATQCUS0904,47.21%
ATQCUS0397,47.00%
ATQCUS0128,46.42%
ATQCUS0477,46.04%
ATQCUS3015,45.79%
ATQCUS0951,45.54%
ATQCUS1285,45.45%
ATQCUS2898,45.36%
ATQCUS2547,45.17%
ATQCUS0788,45.17%
ATQCUS0991,44.98%
ATQCUS3692,44.80%
ATQCUS0915,44.67%
ATQCUS0401,44.35%
ATQCUS2219,43.82%
ATQCUS0612,43.68%
ATQCUS3165,43.64%
ATQCUS2786,43.40%
ATQCUS2467,43.33%
ATQCUS1051,43.28%
ATQCUS0948,43.24%
ATQCUS1663,42.98%
ATQCUS1704,42.76%
ATQCUS0005,42.45%
ATQCUS0795,42.39%
ATQCUS2889,42.39%
ATQCUS2196,42.24%
ATQCUS1072,42.04%
ATQCUS0519,42.01%
ATQCUS3943,41.86%
ATQCUS3758,41.84%
ATQCUS1382,41.69%
ATQCUS0215,41.67%
ATQCUS3158,41.67%
ATQCUS3318,41.51%
ATQCUS0343,41.43%
ATQCUS3451,41.24%
ATQCUS1665,41.11%
ATQCUS3575,40.91%
ATQCUS3117,40.46%
ATQCUS3504,40.16%
ATQCUS3655,40.05%
ATQCUS2684,40.00%
ATQCUS0616,39.85%
ATQCUS0467,39.82%
ATQCUS2004,39.73%
ATQCUS3154,39.63%
ATQCUS2637,39.60%
ATQCUS0917,39.59%
ATQCUS1060,39.52%
ATQCUS0460,39.51%
ATQCUS1271,39.38%
ATQCUS3500,38.99%
ATQCUS0360,38.97%
ATQCUS2032,38.90%
ATQCUS0487,38.88%
ATQCUS3963,38.87%
ATQCUS0044,38.81%
ATQCUS3742,38.67%
ATQCUS1667,38.67%
ATQCUS2545,38.61%
ATQCUS1013,38.40%
ATQCUS0063,38.37%
ATQCUS1220,38.29%
ATQCUS3678,38.20%
ATQCUS3756,38.08%
ATQCUS2112,37.85%
ATQCUS0462,37.67%
ATQCUS1179,37.67%
ATQCUS2543,37.55%
ATQCUS2906,37.43%
ATQCUS0293,37.33%
ATQCUS1125,37.17%
ATQCUS2370,36.75%
ATQCUS2389,36.70%
ATQCUS2606,36.61%
ATQCUS1655,36.28%
ATQCUS0029,36.25%
ATQCUS1215,36.14%
ATQCUS0465,35.88%
ATQCUS1590,35.88%
ATQCUS1671,35.81%
ATQCUS2550,35.76%
ATQCUS2659,35.69%
ATQCUS2997,35.66%
ATQCUS0792,35.60%
ATQCUS3944,35.56%
ATQCUS0164,35.41%
ATQCUS3947,35.31%
ATQCUS2376,35.30%
ATQCUS0240,35.27%
ATQCUS3837,35.25%
ATQCUS2966,35.11%
ATQCUS1715,35.03%
ATQCUS3675,35.02%
ATQCUS2084,34.93%
ATQCUS0291,34.72%
ATQCUS2995,34.55%
ATQCUS0419,34.54%
ATQCUS2972,34.47%
ATQCUS3265,34.23%
ATQCUS1823,34.13%
ATQCUS3839,34.12%
ATQCUS0074,33.99%
ATQCUS0006,33.97%
ATQCUS2381,33.92%
ATQCUS1119,33.88%
ATQCUS0236,33.85%
ATQCUS0841,33.76%
ATQCUS0009,33.74%
ATQCUS0420,33.73%
ATQCUS0322,33.66%
ATQCUS0147,33.64%
ATQCUS0157,33.63%
ATQCUS2215,33.48%
ATQCUS1848,33.38%
ATQCUS2623,33.35%
ATQCUS3473,33.33%
ATQCUS2855,33.29%
ATQCUS3070,33.19%
ATQCUS0483,33.03%
ATQCUS1961,32.89%
ATQCUS0344,32.73%
ATQCUS3743,32.58%
ATQCUS2807,32.52%
ATQCUS0850,32.50%
ATQCUS2718,32.34%
ATQCUS1005,32.31%
ATQCUS2905,32.29%
ATQCUS0181,32.19%
ATQCUS2636,32.17%
ATQCUS1192,32.11%
ATQCUS1047,32.09%
ATQCUS0195,31.94%
ATQCUS1871,31.83%
ATQCUS3915,31.80%
ATQCUS2819,31.75%
ATQCUS2190,31.73%
ATQCUS3702,31.57%
ATQCUS2688,31.46%
ATQCUS3075,31.35%
ATQCUS0772,31.28%
ATQCUS2140,31.27%
ATQCUS3986,31.20%
ATQCUS3284,31.14%
ATQCUS0382,31.08%
ATQCUS3492,30.99%
ATQCUS0633,30.97%
ATQCUS0408,30.93%
ATQCUS2197,30.80%
ATQCUS0367,30.64%
ATQCUS2727,30.59%
ATQCUS3941,30.46%
ATQCUS0496,30.36%
ATQCUS1817,30.23%
ATQCUS1574,30.12%
ATQCUS3635,29.94%
ATQCUS1745,29.83%
ATQCUS0998,29.81%
ATQCUS2030,29.75%
ATQCUS0442,29.74%
ATQCUS2110,29.69%
ATQCUS0551,29.61%
ATQCUS0425,29.59%
ATQCUS1311,29.59%
ATQCUS3711,29.56%
ATQCUS1776,29.49%
ATQCUS2241,29.46%
ATQCUS1199,29.38%
ATQCUS3671,29.34%
ATQCUS2687,29.31%
ATQCUS1235,29.28%
ATQCUS1572,29.23%
ATQCUS2165,29.22%
ATQCUS3924,29.22%
ATQCUS1098,29.21%
ATQCUS0695,29.15%
ATQCUS1953,29.14%
ATQCUS0531,28.95%
ATQCUS3965,28.92%
ATQCUS1749,28.82%
ATQCUS1580,28.76%
ATQCUS0980,28.42%
ATQCUS0241,28.36%
ATQCUS0250,28.33%
ATQCUS1786,28.24%
ATQCUS0349,28.13%
ATQCUS2107,28.13%
ATQCUS1789,28.09%
ATQCUS1145,27.92%
ATQCUS3334,27.87%
ATQCUS1533,27.85%
ATQCUS1050,27.81%
ATQCUS1994,27.79%
ATQCUS0403,27.74%
ATQCUS3168,27.74%
ATQCUS3719,27.60%
ATQCUS0372,27.54%
ATQCUS0578,27.49%
ATQCUS0818,27.43%
ATQCUS1547,27.39%
